round,accuracy,loss,runtime_s,n_malicious,tp,fp,tn,fn,diverged,partition,seed,attack,defense,calibration_regime,threshold_used
0,0.1863509863615036,2.2198615074157715,1.7622752339811996,0,,,,,False,dirichlet_a0.1,42,full_sign_flip,fedavg,not_applicable,
1,0.1863509863615036,2.2946510314941406,1.745084256050177,0,,,,,False,dirichlet_a0.1,42,full_sign_flip,fedavg,not_applicable,
2,0.1863509863615036,2.3216168880462646,1.7590753540862352,0,,,,,False,dirichlet_a0.1,42,full_sign_flip,fedavg,not_applicable,
3,0.1863509863615036,2.3028764724731445,1.744929034030065,0,,,,,False,dirichlet_a0.1,42,full_sign_flip,fedavg,not_applicable,
4,0.1863509863615036,2.292823553085327,1.7422507320297882,0,,,,,False,dirichlet_a0.1,42,full_sign_flip,fedavg,not_applicable,
5,0.1863509863615036,2.3053507804870605,1.7497362840222195,0,,,,,False,dirichlet_a0.1,42,full_sign_flip,fedavg,not_applicable,
6,0.1863509863615036,2.2932357788085938,1.780018164892681,0,,,,,False,dirichlet_a0.1,42,full_sign_flip,fedavg,not_applicable,
7,0.1863509863615036,2.313213586807251,1.7709988260176033,0,,,,,False,dirichlet_a0.1,42,full_sign_flip,fedavg,not_applicable,
8,0.1863509863615036,2.298072338104248,1.7737540869275108,0,,,,,False,dirichlet_a0.1,42,full_sign_flip,fedavg,not_applicable,
9,0.1863509863615036,2.2892355918884277,1.7727159070782363,0,,,,,False,dirichlet_a0.1,42,full_sign_flip,fedavg,not_applicable,
10,0.10320334881544113,2.3915090560913086,1.7795062580844387,1,,,,,False,dirichlet_a0.1,42,full_sign_flip,fedavg,not_applicable,
11,0.10320334881544113,2.593698263168335,1.7687488419469446,1,,,,,False,dirichlet_a0.1,42,full_sign_flip,fedavg,not_applicable,
12,0.10320334881544113,2.67745304107666,1.7459826619597152,1,,,,,False,dirichlet_a0.1,42,full_sign_flip,fedavg,not_applicable,
13,0.10320334881544113,2.748873233795166,1.7554473489290103,1,,,,,False,dirichlet_a0.1,42,full_sign_flip,fedavg,not_applicable,
14,0.10306406766176224,2.7801554203033447,1.7603821789380163,1,,,,,False,dirichlet_a0.1,42,full_sign_flip,fedavg,not_applicable,
15,0.10320334881544113,2.8396408557891846,1.7551199439913034,1,,,,,False,dirichlet_a0.1,42,full_sign_flip,fedavg,not_applicable,
16,0.10320334881544113,2.867288589477539,1.771254307939671,1,,,,,False,dirichlet_a0.1,42,full_sign_flip,fedavg,not_applicable,
17,0.10320334881544113,2.849714756011963,1.753484430955723,1,,,,,False,dirichlet_a0.1,42,full_sign_flip,fedavg,not_applicable,
18,0.10320334881544113,2.85147762298584,1.7603409530129284,1,,,,,False,dirichlet_a0.1,42,full_sign_flip,fedavg,not_applicable,
19,0.10320334881544113,2.863492250442505,1.7615218618884683,1,,,,,False,dirichlet_a0.1,42,full_sign_flip,fedavg,not_applicable,
20,0.10278552025556564,2.958885669708252,1.7515728500438854,1,,,,,False,dirichlet_a0.1,42,full_sign_flip,fedavg,not_applicable,
21,0.10320334881544113,2.921409845352173,1.7641783190192655,1,,,,,False,dirichlet_a0.1,42,full_sign_flip,fedavg,not_applicable,
22,0.10320334881544113,2.903219699859619,1.7623029230162501,1,,,,,False,dirichlet_a0.1,42,full_sign_flip,fedavg,not_applicable,
23,0.10334262251853943,2.9760875701904297,1.7532019289210439,1,,,,,False,dirichlet_a0.1,42,full_sign_flip,fedavg,not_applicable,
24,0.10320334881544113,2.9768474102020264,1.7559331819647923,1,,,,,False,dirichlet_a0.1,42,full_sign_flip,fedavg,not_applicable,
0,0.1717270165681839,2.237306594848633,1.7450048190075904,0,0,4,1,0,False,dirichlet_a0.1,42,full_sign_flip,norm,A_condition_specific_oracle,0.5474922341720394
1,0.1717270165681839,2.8679535388946533,1.7607843070290983,0,0,4,1,0,False,dirichlet_a0.1,42,full_sign_flip,norm,A_condition_specific_oracle,0.5474922341720394
2,0.08245125412940979,2.8936960697174072,1.7423800280084834,0,0,3,2,0,False,dirichlet_a0.1,42,full_sign_flip,norm,A_condition_specific_oracle,0.5474922341720394
3,0.1863509863615036,3.1859374046325684,1.7362806249875575,0,0,2,3,0,False,dirichlet_a0.1,42,full_sign_flip,norm,A_condition_specific_oracle,0.5474922341720394
4,0.1863509863615036,3.3134799003601074,1.7422892200993374,0,0,2,3,0,False,dirichlet_a0.1,42,full_sign_flip,norm,A_condition_specific_oracle,0.5474922341720394
5,0.1863509863615036,3.3740270137786865,1.7505657050060108,0,0,2,3,0,False,dirichlet_a0.1,42,full_sign_flip,norm,A_condition_specific_oracle,0.5474922341720394
6,0.1863509863615036,3.3102638721466064,1.6490138319786638,0,0,2,3,0,False,dirichlet_a0.1,42,full_sign_flip,norm,A_condition_specific_oracle,0.5474922341720394
7,0.1863509863615036,3.3672070503234863,1.6905256730969995,0,0,2,3,0,False,dirichlet_a0.1,42,full_sign_flip,norm,A_condition_specific_oracle,0.5474922341720394
8,0.1863509863615036,3.3470022678375244,1.7375878259772435,0,0,2,3,0,False,dirichlet_a0.1,42,full_sign_flip,norm,A_condition_specific_oracle,0.5474922341720394
9,0.1863509863615036,3.4145238399505615,1.7812100080773234,0,0,2,3,0,False,dirichlet_a0.1,42,full_sign_flip,norm,A_condition_specific_oracle,0.5474922341720394
10,0.08245125412940979,3.347860813140869,1.8137011229991913,1,0,2,2,1,False,dirichlet_a0.1,42,full_sign_flip,norm,A_condition_specific_oracle,0.5474922341720394
11,0.08245125412940979,3.654026508331299,1.7616351790493354,1,0,2,2,1,False,dirichlet_a0.1,42,full_sign_flip,norm,A_condition_specific_oracle,0.5474922341720394
12,0.09512534737586975,3.109394073486328,1.7459336690371856,1,1,2,2,0,False,dirichlet_a0.1,42,full_sign_flip,norm,A_condition_specific_oracle,0.5474922341720394
13,0.08245125412940979,3.4409873485565186,1.5421492969617248,1,0,2,2,1,False,dirichlet_a0.1,42,full_sign_flip,norm,A_condition_specific_oracle,0.5474922341720394
14,0.26671311259269714,2.863636016845703,1.7256705129984766,1,1,2,2,0,False,dirichlet_a0.1,42,full_sign_flip,norm,A_condition_specific_oracle,0.5474922341720394
15,0.08245125412940979,3.109900712966919,1.7451045350171626,1,0,2,2,1,False,dirichlet_a0.1,42,full_sign_flip,norm,A_condition_specific_oracle,0.5474922341720394
16,0.23398329317569733,2.8909265995025635,1.7195610330672935,1,1,2,2,0,False,dirichlet_a0.1,42,full_sign_flip,norm,A_condition_specific_oracle,0.5474922341720394
17,0.2685236930847168,2.662020683288574,1.757337162969634,1,1,2,2,0,False,dirichlet_a0.1,42,full_sign_flip,norm,A_condition_specific_oracle,0.5474922341720394
18,0.261002779006958,3.042833089828491,1.775272094993852,1,0,2,2,1,False,dirichlet_a0.1,42,full_sign_flip,norm,A_condition_specific_oracle,0.5474922341720394
19,0.26754873991012573,2.6556215286254883,1.7627689050277695,1,1,2,2,0,False,dirichlet_a0.1,42,full_sign_flip,norm,A_condition_specific_oracle,0.5474922341720394
20,0.2649025022983551,2.8324310779571533,1.7626530439592898,1,1,2,2,0,False,dirichlet_a0.1,42,full_sign_flip,norm,A_condition_specific_oracle,0.5474922341720394
21,0.19289694726467133,3.2732224464416504,1.7419252060353756,1,0,2,2,1,False,dirichlet_a0.1,42,full_sign_flip,norm,A_condition_specific_oracle,0.5474922341720394
22,0.2676880359649658,2.67048716545105,1.759803154040128,1,1,2,2,0,False,dirichlet_a0.1,42,full_sign_flip,norm,A_condition_specific_oracle,0.5474922341720394
23,0.2646239697933197,2.877958059310913,1.7792241589631885,1,1,2,2,0,False,dirichlet_a0.1,42,full_sign_flip,norm,A_condition_specific_oracle,0.5474922341720394
24,0.26685237884521484,2.7815284729003906,1.7524474300444126,1,1,2,2,0,False,dirichlet_a0.1,42,full_sign_flip,norm,A_condition_specific_oracle,0.5474922341720394
0,0.05863510072231293,2.1997618675231934,1.776512466953136,0,0,5,0,0,False,dirichlet_a0.1,42,full_sign_flip,norm,B_iid_transfer_frozen,0.06531378017340204
1,0.05863510072231293,2.1997618675231934,1.7464061370119452,0,0,5,0,0,False,dirichlet_a0.1,42,full_sign_flip,norm,B_iid_transfer_frozen,0.06531378017340204
2,0.05863510072231293,2.1997618675231934,1.7445127450628206,0,0,5,0,0,False,dirichlet_a0.1,42,full_sign_flip,norm,B_iid_transfer_frozen,0.06531378017340204
3,0.05863510072231293,2.1997618675231934,1.755087101017125,0,0,5,0,0,False,dirichlet_a0.1,42,full_sign_flip,norm,B_iid_transfer_frozen,0.06531378017340204
4,0.05863510072231293,2.1997618675231934,1.7138756619533524,0,0,5,0,0,False,dirichlet_a0.1,42,full_sign_flip,norm,B_iid_transfer_frozen,0.06531378017340204
5,0.05863510072231293,2.1997618675231934,1.7233573489356786,0,0,5,0,0,False,dirichlet_a0.1,42,full_sign_flip,norm,B_iid_transfer_frozen,0.06531378017340204
6,0.05863510072231293,2.1997618675231934,1.7192388769472018,0,0,5,0,0,False,dirichlet_a0.1,42,full_sign_flip,norm,B_iid_transfer_frozen,0.06531378017340204
7,0.05863510072231293,2.1997618675231934,1.7521776619832963,0,0,5,0,0,False,dirichlet_a0.1,42,full_sign_flip,norm,B_iid_transfer_frozen,0.06531378017340204
8,0.05863510072231293,2.1997618675231934,1.7444522220175713,0,0,5,0,0,False,dirichlet_a0.1,42,full_sign_flip,norm,B_iid_transfer_frozen,0.06531378017340204
9,0.05863510072231293,2.1997618675231934,1.7421440539183095,0,0,5,0,0,False,dirichlet_a0.1,42,full_sign_flip,norm,B_iid_transfer_frozen,0.06531378017340204
10,0.05863510072231293,2.1997618675231934,1.7158783229533583,1,1,4,0,0,False,dirichlet_a0.1,42,full_sign_flip,norm,B_iid_transfer_frozen,0.06531378017340204
11,0.05863510072231293,2.1997618675231934,1.5531614269129932,1,1,4,0,0,False,dirichlet_a0.1,42,full_sign_flip,norm,B_iid_transfer_frozen,0.06531378017340204
12,0.05863510072231293,2.1997618675231934,1.7293351140106097,1,1,4,0,0,False,dirichlet_a0.1,42,full_sign_flip,norm,B_iid_transfer_frozen,0.06531378017340204
13,0.05863510072231293,2.1997618675231934,1.7489810719853267,1,1,4,0,0,False,dirichlet_a0.1,42,full_sign_flip,norm,B_iid_transfer_frozen,0.06531378017340204
14,0.05863510072231293,2.1997618675231934,1.7273676720215008,1,1,4,0,0,False,dirichlet_a0.1,42,full_sign_flip,norm,B_iid_transfer_frozen,0.06531378017340204
15,0.05863510072231293,2.1997618675231934,1.7437281949678436,1,1,4,0,0,False,dirichlet_a0.1,42,full_sign_flip,norm,B_iid_transfer_frozen,0.06531378017340204
16,0.05863510072231293,2.1997618675231934,1.7647049650549889,1,1,4,0,0,False,dirichlet_a0.1,42,full_sign_flip,norm,B_iid_transfer_frozen,0.06531378017340204
17,0.05863510072231293,2.1997618675231934,1.7318519189720973,1,1,4,0,0,False,dirichlet_a0.1,42,full_sign_flip,norm,B_iid_transfer_frozen,0.06531378017340204
18,0.05863510072231293,2.1997618675231934,1.7152401469647884,1,1,4,0,0,False,dirichlet_a0.1,42,full_sign_flip,norm,B_iid_transfer_frozen,0.06531378017340204
19,0.05863510072231293,2.1997618675231934,1.7350898070726544,1,1,4,0,0,False,dirichlet_a0.1,42,full_sign_flip,norm,B_iid_transfer_frozen,0.06531378017340204
20,0.05863510072231293,2.1997618675231934,1.7550842860946432,1,1,4,0,0,False,dirichlet_a0.1,42,full_sign_flip,norm,B_iid_transfer_frozen,0.06531378017340204
21,0.05863510072231293,2.1997618675231934,1.7271810650127009,1,1,4,0,0,False,dirichlet_a0.1,42,full_sign_flip,norm,B_iid_transfer_frozen,0.06531378017340204
22,0.05863510072231293,2.1997618675231934,1.7563653719844297,1,1,4,0,0,False,dirichlet_a0.1,42,full_sign_flip,norm,B_iid_transfer_frozen,0.06531378017340204
23,0.05863510072231293,2.1997618675231934,1.745051695033908,1,1,4,0,0,False,dirichlet_a0.1,42,full_sign_flip,norm,B_iid_transfer_frozen,0.06531378017340204
24,0.05863510072231293,2.1997618675231934,1.787857799907215,1,1,4,0,0,False,dirichlet_a0.1,42,full_sign_flip,norm,B_iid_transfer_frozen,0.06531378017340204
0,0.1863509863615036,2.219862699508667,2.1307579539716244,0,0,0,5,0,False,dirichlet_a0.1,42,full_sign_flip,cosine,A_condition_specific_oracle,-0.543080752085667
1,0.1863509863615036,2.285736560821533,2.143326390068978,0,0,0,5,0,False,dirichlet_a0.1,42,full_sign_flip,cosine,A_condition_specific_oracle,-0.543080752085667
2,0.1863509863615036,2.315528631210327,2.1436505710007623,0,0,0,5,0,False,dirichlet_a0.1,42,full_sign_flip,cosine,A_condition_specific_oracle,-0.543080752085667
3,0.1863509863615036,2.314042806625366,2.1240402709227055,0,0,0,5,0,False,dirichlet_a0.1,42,full_sign_flip,cosine,A_condition_specific_oracle,-0.543080752085667
4,0.1863509863615036,2.30375599861145,2.1104736260604113,0,0,0,5,0,False,dirichlet_a0.1,42,full_sign_flip,cosine,A_condition_specific_oracle,-0.543080752085667
5,0.1863509863615036,2.306612968444824,2.12209714401979,0,0,0,5,0,False,dirichlet_a0.1,42,full_sign_flip,cosine,A_condition_specific_oracle,-0.543080752085667
6,0.1863509863615036,2.292095899581909,2.199964883038774,0,0,0,5,0,False,dirichlet_a0.1,42,full_sign_flip,cosine,A_condition_specific_oracle,-0.543080752085667
7,0.1863509863615036,2.2917630672454834,2.0882965130731463,0,0,0,5,0,False,dirichlet_a0.1,42,full_sign_flip,cosine,A_condition_specific_oracle,-0.543080752085667
8,0.1863509863615036,2.28762149810791,2.11113756604027,0,0,0,5,0,False,dirichlet_a0.1,42,full_sign_flip,cosine,A_condition_specific_oracle,-0.543080752085667
9,0.1863509863615036,2.3032326698303223,2.104056227952242,0,0,0,5,0,False,dirichlet_a0.1,42,full_sign_flip,cosine,A_condition_specific_oracle,-0.543080752085667
10,0.10320334881544113,2.3447935581207275,2.109911705018021,1,0,0,4,1,False,dirichlet_a0.1,42,full_sign_flip,cosine,A_condition_specific_oracle,-0.543080752085667
11,0.10167130827903748,2.2765846252441406,2.1307052400661632,1,1,0,4,0,False,dirichlet_a0.1,42,full_sign_flip,cosine,A_condition_specific_oracle,-0.543080752085667
12,0.10125348716974258,2.2567734718322754,2.1227972670458257,1,1,0,4,0,False,dirichlet_a0.1,42,full_sign_flip,cosine,A_condition_specific_oracle,-0.543080752085667
13,0.10320334881544113,2.255680561065674,2.117172166937962,1,1,0,4,0,False,dirichlet_a0.1,42,full_sign_flip,cosine,A_condition_specific_oracle,-0.543080752085667
14,0.10320334881544113,2.4988057613372803,2.18134969600942,1,0,0,4,1,False,dirichlet_a0.1,42,full_sign_flip,cosine,A_condition_specific_oracle,-0.543080752085667
15,0.10278552025556564,2.278278350830078,2.086133637931198,1,1,0,4,0,False,dirichlet_a0.1,42,full_sign_flip,cosine,A_condition_specific_oracle,-0.543080752085667
16,0.10320334881544113,2.2500128746032715,2.0659656840143725,1,1,0,4,0,False,dirichlet_a0.1,42,full_sign_flip,cosine,A_condition_specific_oracle,-0.543080752085667
17,0.10292479395866394,2.211669683456421,2.0991734790150076,1,1,0,4,0,False,dirichlet_a0.1,42,full_sign_flip,cosine,A_condition_specific_oracle,-0.543080752085667
18,0.10306406766176224,2.215801239013672,2.0730783339822665,1,1,0,4,0,False,dirichlet_a0.1,42,full_sign_flip,cosine,A_condition_specific_oracle,-0.543080752085667
19,0.14777159690856934,2.209406852722168,2.074259586050175,1,1,0,4,0,False,dirichlet_a0.1,42,full_sign_flip,cosine,A_condition_specific_oracle,-0.543080752085667
20,0.20264624059200287,2.1878433227539062,2.0941029170062393,1,1,0,4,0,False,dirichlet_a0.1,42,full_sign_flip,cosine,A_condition_specific_oracle,-0.543080752085667
21,0.1264623999595642,2.178459644317627,2.1083708229707554,1,1,0,4,0,False,dirichlet_a0.1,42,full_sign_flip,cosine,A_condition_specific_oracle,-0.543080752085667
22,0.3139275908470154,2.1238009929656982,2.120644649025053,1,1,0,4,0,False,dirichlet_a0.1,42,full_sign_flip,cosine,A_condition_specific_oracle,-0.543080752085667
23,0.16713091731071472,2.1290433406829834,2.1457521800184622,1,1,0,4,0,False,dirichlet_a0.1,42,full_sign_flip,cosine,A_condition_specific_oracle,-0.543080752085667
24,0.1902506947517395,2.089959144592285,2.124671936966479,1,1,0,4,0,False,dirichlet_a0.1,42,full_sign_flip,cosine,A_condition_specific_oracle,-0.543080752085667
0,0.05863510072231293,2.1997618675231934,2.1337202340364456,0,0,5,0,0,False,dirichlet_a0.1,42,full_sign_flip,cosine,B_iid_transfer_frozen,0.6497349923129294
1,0.05863510072231293,2.1997618675231934,2.104765148018487,0,0,5,0,0,False,dirichlet_a0.1,42,full_sign_flip,cosine,B_iid_transfer_frozen,0.6497349923129294
2,0.05863510072231293,2.1997618675231934,2.16809171193745,0,0,5,0,0,False,dirichlet_a0.1,42,full_sign_flip,cosine,B_iid_transfer_frozen,0.6497349923129294
3,0.05863510072231293,2.1997618675231934,2.0893452909076586,0,0,5,0,0,False,dirichlet_a0.1,42,full_sign_flip,cosine,B_iid_transfer_frozen,0.6497349923129294
4,0.05863510072231293,2.1997618675231934,2.08812659594696,0,0,5,0,0,False,dirichlet_a0.1,42,full_sign_flip,cosine,B_iid_transfer_frozen,0.6497349923129294
5,0.05863510072231293,2.1997618675231934,2.095211136038415,0,0,5,0,0,False,dirichlet_a0.1,42,full_sign_flip,cosine,B_iid_transfer_frozen,0.6497349923129294
6,0.05863510072231293,2.1997618675231934,2.136036442941986,0,0,5,0,0,False,dirichlet_a0.1,42,full_sign_flip,cosine,B_iid_transfer_frozen,0.6497349923129294
7,0.05863510072231293,2.1997618675231934,2.136772334109992,0,0,5,0,0,False,dirichlet_a0.1,42,full_sign_flip,cosine,B_iid_transfer_frozen,0.6497349923129294
8,0.05863510072231293,2.1997618675231934,2.12979560601525,0,0,5,0,0,False,dirichlet_a0.1,42,full_sign_flip,cosine,B_iid_transfer_frozen,0.6497349923129294
9,0.05863510072231293,2.1997618675231934,2.107227593078278,0,0,5,0,0,False,dirichlet_a0.1,42,full_sign_flip,cosine,B_iid_transfer_frozen,0.6497349923129294
10,0.05863510072231293,2.1997618675231934,2.1051626190310344,1,1,4,0,0,False,dirichlet_a0.1,42,full_sign_flip,cosine,B_iid_transfer_frozen,0.6497349923129294
11,0.05863510072231293,2.1997618675231934,2.1840377979679033,1,1,4,0,0,False,dirichlet_a0.1,42,full_sign_flip,cosine,B_iid_transfer_frozen,0.6497349923129294
12,0.05863510072231293,2.1997618675231934,2.080341069959104,1,1,4,0,0,False,dirichlet_a0.1,42,full_sign_flip,cosine,B_iid_transfer_frozen,0.6497349923129294
13,0.05863510072231293,2.1997618675231934,2.129263987066224,1,1,4,0,0,False,dirichlet_a0.1,42,full_sign_flip,cosine,B_iid_transfer_frozen,0.6497349923129294
14,0.05863510072231293,2.1997618675231934,2.1039958259789273,1,1,4,0,0,False,dirichlet_a0.1,42,full_sign_flip,cosine,B_iid_transfer_frozen,0.6497349923129294
15,0.05863510072231293,2.1997618675231934,2.1094641210511327,1,1,4,0,0,False,dirichlet_a0.1,42,full_sign_flip,cosine,B_iid_transfer_frozen,0.6497349923129294
16,0.05863510072231293,2.1997618675231934,2.1448855249909684,1,1,4,0,0,False,dirichlet_a0.1,42,full_sign_flip,cosine,B_iid_transfer_frozen,0.6497349923129294
17,0.05863510072231293,2.1997618675231934,2.140275134006515,1,1,4,0,0,False,dirichlet_a0.1,42,full_sign_flip,cosine,B_iid_transfer_frozen,0.6497349923129294
18,0.05863510072231293,2.1997618675231934,2.0875341170467436,1,1,4,0,0,False,dirichlet_a0.1,42,full_sign_flip,cosine,B_iid_transfer_frozen,0.6497349923129294
19,0.05863510072231293,2.1997618675231934,2.190342832938768,1,1,4,0,0,False,dirichlet_a0.1,42,full_sign_flip,cosine,B_iid_transfer_frozen,0.6497349923129294
20,0.05863510072231293,2.1997618675231934,2.121898770914413,1,1,4,0,0,False,dirichlet_a0.1,42,full_sign_flip,cosine,B_iid_transfer_frozen,0.6497349923129294
21,0.05863510072231293,2.1997618675231934,2.1386774979764596,1,1,4,0,0,False,dirichlet_a0.1,42,full_sign_flip,cosine,B_iid_transfer_frozen,0.6497349923129294
22,0.05863510072231293,2.1997618675231934,2.1278089459519833,1,1,4,0,0,False,dirichlet_a0.1,42,full_sign_flip,cosine,B_iid_transfer_frozen,0.6497349923129294
23,0.05863510072231293,2.1997618675231934,2.0625036200508475,1,1,4,0,0,False,dirichlet_a0.1,42,full_sign_flip,cosine,B_iid_transfer_frozen,0.6497349923129294
24,0.05863510072231293,2.1997618675231934,2.0896488178987056,1,1,4,0,0,False,dirichlet_a0.1,42,full_sign_flip,cosine,B_iid_transfer_frozen,0.6497349923129294
0,0.1863509863615036,2.219862222671509,1.7746154479682446,0,0,0,5,0,False,dirichlet_a0.1,42,full_sign_flip,sign_consensus,A_condition_specific_oracle,0.378228059120926
1,0.1863509863615036,2.2946977615356445,1.7497970579424873,0,0,0,5,0,False,dirichlet_a0.1,42,full_sign_flip,sign_consensus,A_condition_specific_oracle,0.378228059120926
2,0.1863509863615036,2.322025775909424,1.7525560290087014,0,0,0,5,0,False,dirichlet_a0.1,42,full_sign_flip,sign_consensus,A_condition_specific_oracle,0.378228059120926
3,0.1863509863615036,2.3031959533691406,1.7558247410925105,0,0,0,5,0,False,dirichlet_a0.1,42,full_sign_flip,sign_consensus,A_condition_specific_oracle,0.378228059120926
4,0.1863509863615036,2.2930667400360107,1.754706195089966,0,0,0,5,0,False,dirichlet_a0.1,42,full_sign_flip,sign_consensus,A_condition_specific_oracle,0.378228059120926
5,0.1863509863615036,2.3054819107055664,1.7493259810144082,0,0,0,5,0,False,dirichlet_a0.1,42,full_sign_flip,sign_consensus,A_condition_specific_oracle,0.378228059120926
6,0.1863509863615036,2.2931058406829834,1.7509306219872087,0,0,0,5,0,False,dirichlet_a0.1,42,full_sign_flip,sign_consensus,A_condition_specific_oracle,0.378228059120926
7,0.1863509863615036,2.3129074573516846,1.7457371710333973,0,0,0,5,0,False,dirichlet_a0.1,42,full_sign_flip,sign_consensus,A_condition_specific_oracle,0.378228059120926
8,0.1863509863615036,2.297351598739624,1.7453185219783336,0,0,0,5,0,False,dirichlet_a0.1,42,full_sign_flip,sign_consensus,A_condition_specific_oracle,0.378228059120926
9,0.1863509863615036,2.2880873680114746,1.7536485960008577,0,0,0,5,0,False,dirichlet_a0.1,42,full_sign_flip,sign_consensus,A_condition_specific_oracle,0.378228059120926
10,0.10320334881544113,2.3904128074645996,1.7464050650596619,1,0,0,4,1,False,dirichlet_a0.1,42,full_sign_flip,sign_consensus,A_condition_specific_oracle,0.378228059120926
11,0.10320334881544113,2.591501474380493,1.747147644055076,1,0,0,4,1,False,dirichlet_a0.1,42,full_sign_flip,sign_consensus,A_condition_specific_oracle,0.378228059120926
12,0.10320334881544113,2.6775929927825928,1.738632615073584,1,0,0,4,1,False,dirichlet_a0.1,42,full_sign_flip,sign_consensus,A_condition_specific_oracle,0.378228059120926
13,0.10320334881544113,2.747069835662842,1.7441025510197505,1,0,0,4,1,False,dirichlet_a0.1,42,full_sign_flip,sign_consensus,A_condition_specific_oracle,0.378228059120926
14,0.10306406766176224,2.7813336849212646,1.7365707530407235,1,0,0,4,1,False,dirichlet_a0.1,42,full_sign_flip,sign_consensus,A_condition_specific_oracle,0.378228059120926
15,0.10320334881544113,2.842034101486206,1.7505335040623322,1,0,0,4,1,False,dirichlet_a0.1,42,full_sign_flip,sign_consensus,A_condition_specific_oracle,0.378228059120926
16,0.10320334881544113,2.8650360107421875,1.7499492219649255,1,0,0,4,1,False,dirichlet_a0.1,42,full_sign_flip,sign_consensus,A_condition_specific_oracle,0.378228059120926
17,0.10320334881544113,2.851126194000244,1.753881770069711,1,0,0,4,1,False,dirichlet_a0.1,42,full_sign_flip,sign_consensus,A_condition_specific_oracle,0.378228059120926
18,0.10320334881544113,2.8516902923583984,1.7538927469868213,1,0,0,4,1,False,dirichlet_a0.1,42,full_sign_flip,sign_consensus,A_condition_specific_oracle,0.378228059120926
19,0.10320334881544113,2.868027448654175,1.7493823670083657,1,0,0,4,1,False,dirichlet_a0.1,42,full_sign_flip,sign_consensus,A_condition_specific_oracle,0.378228059120926
20,0.10292479395866394,2.9662811756134033,1.7305021759821102,1,0,0,4,1,False,dirichlet_a0.1,42,full_sign_flip,sign_consensus,A_condition_specific_oracle,0.378228059120926
21,0.10320334881544113,2.939753770828247,1.743131443974562,1,0,0,4,1,False,dirichlet_a0.1,42,full_sign_flip,sign_consensus,A_condition_specific_oracle,0.378228059120926
22,0.10320334881544113,2.94551157951355,1.7516625589923933,1,0,0,4,1,False,dirichlet_a0.1,42,full_sign_flip,sign_consensus,A_condition_specific_oracle,0.378228059120926
23,0.10320334881544113,3.0489490032196045,1.7501638430403545,1,0,0,4,1,False,dirichlet_a0.1,42,full_sign_flip,sign_consensus,A_condition_specific_oracle,0.378228059120926
24,0.10320334881544113,3.0015954971313477,1.7484723810339347,1,0,0,4,1,False,dirichlet_a0.1,42,full_sign_flip,sign_consensus,A_condition_specific_oracle,0.378228059120926
0,0.1863509863615036,2.1785593032836914,1.7417093130061403,0,0,1,4,0,False,dirichlet_a0.1,42,full_sign_flip,sign_consensus,B_iid_transfer_frozen,0.5307968492033497
1,0.1863509863615036,2.293668031692505,1.7410373899620026,0,0,0,5,0,False,dirichlet_a0.1,42,full_sign_flip,sign_consensus,B_iid_transfer_frozen,0.5307968492033497
2,0.1863509863615036,2.320636510848999,1.7399413859238848,0,0,0,5,0,False,dirichlet_a0.1,42,full_sign_flip,sign_consensus,B_iid_transfer_frozen,0.5307968492033497
3,0.1863509863615036,2.3047666549682617,1.747454858967103,0,0,0,5,0,False,dirichlet_a0.1,42,full_sign_flip,sign_consensus,B_iid_transfer_frozen,0.5307968492033497
4,0.1863509863615036,2.461193799972534,1.7413601219886914,0,0,1,4,0,False,dirichlet_a0.1,42,full_sign_flip,sign_consensus,B_iid_transfer_frozen,0.5307968492033497
5,0.1863509863615036,2.3106374740600586,1.739875492057763,0,0,0,5,0,False,dirichlet_a0.1,42,full_sign_flip,sign_consensus,B_iid_transfer_frozen,0.5307968492033497
6,0.1863509863615036,2.466907501220703,1.7456390120787546,0,0,1,4,0,False,dirichlet_a0.1,42,full_sign_flip,sign_consensus,B_iid_transfer_frozen,0.5307968492033497
7,0.1863509863615036,2.3172783851623535,1.742079610005021,0,0,0,5,0,False,dirichlet_a0.1,42,full_sign_flip,sign_consensus,B_iid_transfer_frozen,0.5307968492033497
8,0.1863509863615036,2.295990467071533,1.7254618590231985,0,0,0,5,0,False,dirichlet_a0.1,42,full_sign_flip,sign_consensus,B_iid_transfer_frozen,0.5307968492033497
9,0.1863509863615036,2.5095372200012207,1.740354850073345,0,0,1,4,0,False,dirichlet_a0.1,42,full_sign_flip,sign_consensus,B_iid_transfer_frozen,0.5307968492033497
10,0.10320334881544113,2.547611951828003,1.745611062971875,1,0,1,3,1,False,dirichlet_a0.1,42,full_sign_flip,sign_consensus,B_iid_transfer_frozen,0.5307968492033497
11,0.10320334881544113,2.66310715675354,1.7463570639956743,1,0,0,4,1,False,dirichlet_a0.1,42,full_sign_flip,sign_consensus,B_iid_transfer_frozen,0.5307968492033497
12,0.11796657741069794,3.387638568878174,1.751486934022978,1,0,2,2,1,False,dirichlet_a0.1,42,full_sign_flip,sign_consensus,B_iid_transfer_frozen,0.5307968492033497
13,0.13593314588069916,2.364558696746826,1.7473177190404385,1,1,0,4,0,False,dirichlet_a0.1,42,full_sign_flip,sign_consensus,B_iid_transfer_frozen,0.5307968492033497
14,0.10320334881544113,2.9760477542877197,1.7547477909829468,1,0,1,3,1,False,dirichlet_a0.1,42,full_sign_flip,sign_consensus,B_iid_transfer_frozen,0.5307968492033497
15,0.08830083906650543,2.9117634296417236,1.7604476710548624,1,0,1,3,1,False,dirichlet_a0.1,42,full_sign_flip,sign_consensus,B_iid_transfer_frozen,0.5307968492033497
16,0.1008356586098671,2.8861284255981445,1.7480735359713435,1,0,0,4,1,False,dirichlet_a0.1,42,full_sign_flip,sign_consensus,B_iid_transfer_frozen,0.5307968492033497
17,0.11796657741069794,3.4354801177978516,1.7532113080378622,1,0,2,2,1,False,dirichlet_a0.1,42,full_sign_flip,sign_consensus,B_iid_transfer_frozen,0.5307968492033497
18,0.08830083906650543,3.146854877471924,1.7398193329572678,1,0,1,3,1,False,dirichlet_a0.1,42,full_sign_flip,sign_consensus,B_iid_transfer_frozen,0.5307968492033497
19,0.10320334881544113,5.287852764129639,1.740646344027482,1,0,2,2,1,False,dirichlet_a0.1,42,full_sign_flip,sign_consensus,B_iid_transfer_frozen,0.5307968492033497
20,0.08830083906650543,3.7482168674468994,1.7523058280348778,1,0,1,3,1,False,dirichlet_a0.1,42,full_sign_flip,sign_consensus,B_iid_transfer_frozen,0.5307968492033497
21,0.08830083906650543,10.054595947265625,1.736789199989289,1,0,3,1,1,False,dirichlet_a0.1,42,full_sign_flip,sign_consensus,B_iid_transfer_frozen,0.5307968492033497
22,0.1717270165681839,2.8127567768096924,1.7446027589030564,1,1,2,2,0,False,dirichlet_a0.1,42,full_sign_flip,sign_consensus,B_iid_transfer_frozen,0.5307968492033497
23,0.10320334881544113,3.4594826698303223,1.736272398964502,1,0,1,3,1,False,dirichlet_a0.1,42,full_sign_flip,sign_consensus,B_iid_transfer_frozen,0.5307968492033497
24,0.10320334881544113,20.643661499023438,1.7393704280257225,1,0,4,0,1,False,dirichlet_a0.1,42,full_sign_flip,sign_consensus,B_iid_transfer_frozen,0.5307968492033497
0,0.1863509863615036,2.2198636531829834,1.732450403040275,0,,,,,False,dirichlet_a0.1,42,no_attack,fedavg,not_applicable,
1,0.1863509863615036,2.2946786880493164,1.7283446840010583,0,,,,,False,dirichlet_a0.1,42,no_attack,fedavg,not_applicable,
2,0.1863509863615036,2.3217356204986572,1.7380241580540314,0,,,,,False,dirichlet_a0.1,42,no_attack,fedavg,not_applicable,
3,0.1863509863615036,2.3031842708587646,1.7324229290243238,0,,,,,False,dirichlet_a0.1,42,no_attack,fedavg,not_applicable,
4,0.1863509863615036,2.2932369709014893,1.7184560709865764,0,,,,,False,dirichlet_a0.1,42,no_attack,fedavg,not_applicable,
5,0.1863509863615036,2.3063673973083496,1.726308017037809,0,,,,,False,dirichlet_a0.1,42,no_attack,fedavg,not_applicable,
6,0.1863509863615036,2.2928779125213623,1.7574365109903738,0,,,,,False,dirichlet_a0.1,42,no_attack,fedavg,not_applicable,
7,0.1863509863615036,2.3136141300201416,1.810930264997296,0,,,,,False,dirichlet_a0.1,42,no_attack,fedavg,not_applicable,
8,0.1863509863615036,2.297466278076172,1.7453850710298866,0,,,,,False,dirichlet_a0.1,42,no_attack,fedavg,not_applicable,
9,0.1863509863615036,2.289501428604126,1.73033618403133,0,,,,,False,dirichlet_a0.1,42,no_attack,fedavg,not_applicable,
10,0.18830083310604095,2.3002524375915527,1.7355050499318168,1,,,,,False,dirichlet_a0.1,42,no_attack,fedavg,not_applicable,
11,0.1863509863615036,2.2744438648223877,1.74002794502303,1,,,,,False,dirichlet_a0.1,42,no_attack,fedavg,not_applicable,
12,0.18844011425971985,2.282149076461792,1.7364765868987888,1,,,,,False,dirichlet_a0.1,42,no_attack,fedavg,not_applicable,
13,0.19986072182655334,2.2427353858947754,1.7360576029168442,1,,,,,False,dirichlet_a0.1,42,no_attack,fedavg,not_applicable,
14,0.19498607516288757,2.2350871562957764,1.7334819600218907,1,,,,,False,dirichlet_a0.1,42,no_attack,fedavg,not_applicable,
15,0.19498607516288757,2.2103078365325928,1.7382817979669198,1,,,,,False,dirichlet_a0.1,42,no_attack,fedavg,not_applicable,
16,0.2233983278274536,2.1869308948516846,1.7406085630645975,1,,,,,False,dirichlet_a0.1,42,no_attack,fedavg,not_applicable,
17,0.22646239399909973,2.1621856689453125,1.7576829539611936,1,,,,,False,dirichlet_a0.1,42,no_attack,fedavg,not_applicable,
18,0.22646239399909973,2.140734910964966,1.7635213780449703,1,,,,,False,dirichlet_a0.1,42,no_attack,fedavg,not_applicable,
19,0.2270195037126541,2.094747543334961,1.7664365869713947,1,,,,,False,dirichlet_a0.1,42,no_attack,fedavg,not_applicable,
20,0.23356546461582184,2.0677411556243896,1.76928354811389,1,,,,,False,dirichlet_a0.1,42,no_attack,fedavg,not_applicable,
21,0.23300835490226746,2.0220415592193604,1.7799534850055352,1,,,,,False,dirichlet_a0.1,42,no_attack,fedavg,not_applicable,
22,0.23356546461582184,1.978090763092041,1.7646834560437128,1,,,,,False,dirichlet_a0.1,42,no_attack,fedavg,not_applicable,
23,0.23398329317569733,1.938920497894287,1.7551810869481415,1,,,,,False,dirichlet_a0.1,42,no_attack,fedavg,not_applicable,
24,0.23816156387329102,1.9041787385940552,1.7602313630050048,1,,,,,False,dirichlet_a0.1,42,no_attack,fedavg,not_applicable,
0,0.1717270165681839,2.237305164337158,1.773068452021107,0,0,4,1,0,False,dirichlet_a0.1,42,no_attack,norm,A_condition_specific_oracle,0.5474922341720394
1,0.1717270165681839,2.8679356575012207,1.769774638931267,0,0,4,1,0,False,dirichlet_a0.1,42,no_attack,norm,A_condition_specific_oracle,0.5474922341720394
2,0.08245125412940979,2.8936967849731445,1.7722585459705442,0,0,3,2,0,False,dirichlet_a0.1,42,no_attack,norm,A_condition_specific_oracle,0.5474922341720394
3,0.1863509863615036,3.1860616207122803,1.7715458499733359,0,0,2,3,0,False,dirichlet_a0.1,42,no_attack,norm,A_condition_specific_oracle,0.5474922341720394
4,0.1863509863615036,3.311577796936035,1.8886694010579959,0,0,2,3,0,False,dirichlet_a0.1,42,no_attack,norm,A_condition_specific_oracle,0.5474922341720394
5,0.1863509863615036,3.3738362789154053,1.7517182750161737,0,0,2,3,0,False,dirichlet_a0.1,42,no_attack,norm,A_condition_specific_oracle,0.5474922341720394
6,0.1863509863615036,3.309591054916382,1.7496230899123475,0,0,2,3,0,False,dirichlet_a0.1,42,no_attack,norm,A_condition_specific_oracle,0.5474922341720394
7,0.1863509863615036,3.367541790008545,1.7746567249996588,0,0,2,3,0,False,dirichlet_a0.1,42,no_attack,norm,A_condition_specific_oracle,0.5474922341720394
8,0.1863509863615036,3.346315622329712,1.5858480519382283,0,0,2,3,0,False,dirichlet_a0.1,42,no_attack,norm,A_condition_specific_oracle,0.5474922341720394
9,0.1863509863615036,3.413273334503174,1.752830562996678,0,0,2,3,0,False,dirichlet_a0.1,42,no_attack,norm,A_condition_specific_oracle,0.5474922341720394
10,0.20626741647720337,3.189358711242676,1.7563502080738544,1,0,2,2,1,False,dirichlet_a0.1,42,no_attack,norm,A_condition_specific_oracle,0.5474922341720394
11,0.19261838495731354,3.141810178756714,1.7285454960074276,1,0,2,2,1,False,dirichlet_a0.1,42,no_attack,norm,A_condition_specific_oracle,0.5474922341720394
12,0.24484680593013763,2.974846124649048,1.7780859139747918,1,0,2,2,1,False,dirichlet_a0.1,42,no_attack,norm,A_condition_specific_oracle,0.5474922341720394
13,0.2311977744102478,2.8567025661468506,1.7601743600098416,1,0,2,2,1,False,dirichlet_a0.1,42,no_attack,norm,A_condition_specific_oracle,0.5474922341720394
14,0.2346796691417694,2.8404741287231445,1.7497534999856725,1,0,2,2,1,False,dirichlet_a0.1,42,no_attack,norm,A_condition_specific_oracle,0.5474922341720394
15,0.23384401202201843,2.801821231842041,1.75307488697581,1,0,2,2,1,False,dirichlet_a0.1,42,no_attack,norm,A_condition_specific_oracle,0.5474922341720394
16,0.2353760451078415,2.9515717029571533,1.7462127290200442,1,0,2,2,1,False,dirichlet_a0.1,42,no_attack,norm,A_condition_specific_oracle,0.5474922341720394
17,0.23356546461582184,2.881070137023926,1.7339302960317582,1,0,2,2,1,False,dirichlet_a0.1,42,no_attack,norm,A_condition_specific_oracle,0.5474922341720394
18,0.2348189502954483,2.9864823818206787,1.7326119330246001,1,0,2,2,1,False,dirichlet_a0.1,42,no_attack,norm,A_condition_specific_oracle,0.5474922341720394
19,0.23816156387329102,2.8841235637664795,1.7297504489542916,1,0,2,2,1,False,dirichlet_a0.1,42,no_attack,norm,A_condition_specific_oracle,0.5474922341720394
20,0.23412257432937622,2.9899115562438965,1.6202888829866424,1,0,2,2,1,False,dirichlet_a0.1,42,no_attack,norm,A_condition_specific_oracle,0.5474922341720394
21,0.23440112173557281,2.951005458831787,1.755057787988335,1,0,2,2,1,False,dirichlet_a0.1,42,no_attack,norm,A_condition_specific_oracle,0.5474922341720394
22,0.23426184058189392,2.934648036956787,1.7717273809248582,1,0,2,2,1,False,dirichlet_a0.1,42,no_attack,norm,A_condition_specific_oracle,0.5474922341720394
23,0.23231197893619537,3.034285306930542,1.7757870940258726,1,0,2,2,1,False,dirichlet_a0.1,42,no_attack,norm,A_condition_specific_oracle,0.5474922341720394
24,0.23342618346214294,3.000351905822754,1.7734876211034134,1,0,2,2,1,False,dirichlet_a0.1,42,no_attack,norm,A_condition_specific_oracle,0.5474922341720394
0,0.05863510072231293,2.1997618675231934,1.737101761973463,0,0,5,0,0,False,dirichlet_a0.1,42,no_attack,norm,B_iid_transfer_frozen,0.06531378017340204
1,0.05863510072231293,2.1997618675231934,1.7362382699502632,0,0,5,0,0,False,dirichlet_a0.1,42,no_attack,norm,B_iid_transfer_frozen,0.06531378017340204
2,0.05863510072231293,2.1997618675231934,1.7528614640468732,0,0,5,0,0,False,dirichlet_a0.1,42,no_attack,norm,B_iid_transfer_frozen,0.06531378017340204
3,0.05863510072231293,2.1997618675231934,1.7614924010122195,0,0,5,0,0,False,dirichlet_a0.1,42,no_attack,norm,B_iid_transfer_frozen,0.06531378017340204
4,0.05863510072231293,2.1997618675231934,1.5757385740289465,0,0,5,0,0,False,dirichlet_a0.1,42,no_attack,norm,B_iid_transfer_frozen,0.06531378017340204
5,0.05863510072231293,2.1997618675231934,1.7261235270416364,0,0,5,0,0,False,dirichlet_a0.1,42,no_attack,norm,B_iid_transfer_frozen,0.06531378017340204
6,0.05863510072231293,2.1997618675231934,1.766920048976317,0,0,5,0,0,False,dirichlet_a0.1,42,no_attack,norm,B_iid_transfer_frozen,0.06531378017340204
7,0.05863510072231293,2.1997618675231934,1.7666943030199036,0,0,5,0,0,False,dirichlet_a0.1,42,no_attack,norm,B_iid_transfer_frozen,0.06531378017340204
8,0.05863510072231293,2.1997618675231934,1.7833054449874908,0,0,5,0,0,False,dirichlet_a0.1,42,no_attack,norm,B_iid_transfer_frozen,0.06531378017340204
9,0.05863510072231293,2.1997618675231934,1.817274811095558,0,0,5,0,0,False,dirichlet_a0.1,42,no_attack,norm,B_iid_transfer_frozen,0.06531378017340204
10,0.05863510072231293,2.1997618675231934,1.7598814140073955,1,1,4,0,0,False,dirichlet_a0.1,42,no_attack,norm,B_iid_transfer_frozen,0.06531378017340204
11,0.05863510072231293,2.1997618675231934,1.7895708560245112,1,1,4,0,0,False,dirichlet_a0.1,42,no_attack,norm,B_iid_transfer_frozen,0.06531378017340204
12,0.05863510072231293,2.1997618675231934,1.8211440079612657,1,1,4,0,0,False,dirichlet_a0.1,42,no_attack,norm,B_iid_transfer_frozen,0.06531378017340204
13,0.05863510072231293,2.1997618675231934,1.8010180810233578,1,1,4,0,0,False,dirichlet_a0.1,42,no_attack,norm,B_iid_transfer_frozen,0.06531378017340204
14,0.05863510072231293,2.1997618675231934,1.7789840940386057,1,1,4,0,0,False,dirichlet_a0.1,42,no_attack,norm,B_iid_transfer_frozen,0.06531378017340204
15,0.05863510072231293,2.1997618675231934,1.774422332062386,1,1,4,0,0,False,dirichlet_a0.1,42,no_attack,norm,B_iid_transfer_frozen,0.06531378017340204
16,0.05863510072231293,2.1997618675231934,1.790865927003324,1,1,4,0,0,False,dirichlet_a0.1,42,no_attack,norm,B_iid_transfer_frozen,0.06531378017340204
17,0.05863510072231293,2.1997618675231934,1.764021292096004,1,1,4,0,0,False,dirichlet_a0.1,42,no_attack,norm,B_iid_transfer_frozen,0.06531378017340204
18,0.05863510072231293,2.1997618675231934,1.787928853998892,1,1,4,0,0,False,dirichlet_a0.1,42,no_attack,norm,B_iid_transfer_frozen,0.06531378017340204
19,0.05863510072231293,2.1997618675231934,1.8174041650490835,1,1,4,0,0,False,dirichlet_a0.1,42,no_attack,norm,B_iid_transfer_frozen,0.06531378017340204
20,0.05863510072231293,2.1997618675231934,1.7537893749540672,1,1,4,0,0,False,dirichlet_a0.1,42,no_attack,norm,B_iid_transfer_frozen,0.06531378017340204
21,0.05863510072231293,2.1997618675231934,1.7842668200610206,1,1,4,0,0,False,dirichlet_a0.1,42,no_attack,norm,B_iid_transfer_frozen,0.06531378017340204
22,0.05863510072231293,2.1997618675231934,1.7554404470138252,1,1,4,0,0,False,dirichlet_a0.1,42,no_attack,norm,B_iid_transfer_frozen,0.06531378017340204
23,0.05863510072231293,2.1997618675231934,1.7395810129819438,1,1,4,0,0,False,dirichlet_a0.1,42,no_attack,norm,B_iid_transfer_frozen,0.06531378017340204
24,0.05863510072231293,2.1997618675231934,1.7324179830029607,1,1,4,0,0,False,dirichlet_a0.1,42,no_attack,norm,B_iid_transfer_frozen,0.06531378017340204
0,0.1863509863615036,2.219862699508667,2.086133493925445,0,0,0,5,0,False,dirichlet_a0.1,42,no_attack,cosine,A_condition_specific_oracle,-0.543080752085667
1,0.1863509863615036,2.285684585571289,2.0913663399405777,0,0,0,5,0,False,dirichlet_a0.1,42,no_attack,cosine,A_condition_specific_oracle,-0.543080752085667
2,0.1863509863615036,2.315361976623535,1.8851428580237553,0,0,0,5,0,False,dirichlet_a0.1,42,no_attack,cosine,A_condition_specific_oracle,-0.543080752085667
3,0.1863509863615036,2.3141777515411377,2.066141782095656,0,0,0,5,0,False,dirichlet_a0.1,42,no_attack,cosine,A_condition_specific_oracle,-0.543080752085667
4,0.1863509863615036,2.3038887977600098,2.086157713085413,0,0,0,5,0,False,dirichlet_a0.1,42,no_attack,cosine,A_condition_specific_oracle,-0.543080752085667
5,0.1863509863615036,2.306429147720337,2.11145708092954,0,0,0,5,0,False,dirichlet_a0.1,42,no_attack,cosine,A_condition_specific_oracle,-0.543080752085667
6,0.1863509863615036,2.291872024536133,2.168364285957068,0,0,0,5,0,False,dirichlet_a0.1,42,no_attack,cosine,A_condition_specific_oracle,-0.543080752085667
7,0.1863509863615036,2.2913143634796143,2.0911853169091046,0,0,0,5,0,False,dirichlet_a0.1,42,no_attack,cosine,A_condition_specific_oracle,-0.543080752085667
8,0.1863509863615036,2.287808656692505,2.105406886897981,0,0,0,5,0,False,dirichlet_a0.1,42,no_attack,cosine,A_condition_specific_oracle,-0.543080752085667
9,0.1863509863615036,2.3032946586608887,2.213240592041984,0,0,0,5,0,False,dirichlet_a0.1,42,no_attack,cosine,A_condition_specific_oracle,-0.543080752085667
10,0.1863509863615036,2.283175468444824,2.1049583529820666,1,0,0,4,1,False,dirichlet_a0.1,42,no_attack,cosine,A_condition_specific_oracle,-0.543080752085667
11,0.18718662858009338,2.2666175365448,2.095614754012786,1,0,0,4,1,False,dirichlet_a0.1,42,no_attack,cosine,A_condition_specific_oracle,-0.543080752085667
12,0.19164346158504486,2.256805896759033,1.8759521159809083,1,0,0,4,1,False,dirichlet_a0.1,42,no_attack,cosine,A_condition_specific_oracle,-0.543080752085667
13,0.19860725104808807,2.2363102436065674,2.1055192400235683,1,0,0,4,1,False,dirichlet_a0.1,42,no_attack,cosine,A_condition_specific_oracle,-0.543080752085667
14,0.18857939541339874,2.24674391746521,2.1893185609951615,1,0,0,4,1,False,dirichlet_a0.1,42,no_attack,cosine,A_condition_specific_oracle,-0.543080752085667
15,0.2168523669242859,2.2439112663269043,2.1024653930217028,1,0,0,4,1,False,dirichlet_a0.1,42,no_attack,cosine,A_condition_specific_oracle,-0.543080752085667
16,0.22562675178050995,2.213648796081543,2.0898466689977795,1,0,0,4,1,False,dirichlet_a0.1,42,no_attack,cosine,A_condition_specific_oracle,-0.543080752085667
17,0.2238161563873291,2.1731314659118652,2.0683337160153314,1,0,0,4,1,False,dirichlet_a0.1,42,no_attack,cosine,A_condition_specific_oracle,-0.543080752085667
18,0.2278551608324051,2.14835786819458,2.103428863105364,1,0,0,4,1,False,dirichlet_a0.1,42,no_attack,cosine,A_condition_specific_oracle,-0.543080752085667
19,0.23356546461582184,2.126054286956787,2.1125501489732414,1,0,0,4,1,False,dirichlet_a0.1,42,no_attack,cosine,A_condition_specific_oracle,-0.543080752085667
20,0.2274373322725296,2.06191086769104,2.132975498912856,1,0,0,4,1,False,dirichlet_a0.1,42,no_attack,cosine,A_condition_specific_oracle,-0.543080752085667
21,0.23356546461582184,2.0149848461151123,2.1086668099742383,1,0,0,4,1,False,dirichlet_a0.1,42,no_attack,cosine,A_condition_specific_oracle,-0.543080752085667
22,0.23356546461582184,1.965548038482666,2.1035059599671513,1,0,0,4,1,False,dirichlet_a0.1,42,no_attack,cosine,A_condition_specific_oracle,-0.543080752085667
23,0.23565460741519928,1.9328700304031372,2.0966714340029284,1,0,0,4,1,False,dirichlet_a0.1,42,no_attack,cosine,A_condition_specific_oracle,-0.543080752085667
24,0.23718664050102234,1.8902342319488525,2.0915295410668477,1,0,0,4,1,False,dirichlet_a0.1,42,no_attack,cosine,A_condition_specific_oracle,-0.543080752085667
0,0.05863510072231293,2.1997618675231934,2.1188336120685562,0,0,5,0,0,False,dirichlet_a0.1,42,no_attack,cosine,B_iid_transfer_frozen,0.6497349923129294
1,0.05863510072231293,2.1997618675231934,2.1149968520039693,0,0,5,0,0,False,dirichlet_a0.1,42,no_attack,cosine,B_iid_transfer_frozen,0.6497349923129294
2,0.05863510072231293,2.1997618675231934,2.131621002103202,0,0,5,0,0,False,dirichlet_a0.1,42,no_attack,cosine,B_iid_transfer_frozen,0.6497349923129294
3,0.05863510072231293,2.1997618675231934,2.102888572961092,0,0,5,0,0,False,dirichlet_a0.1,42,no_attack,cosine,B_iid_transfer_frozen,0.6497349923129294
4,0.05863510072231293,2.1997618675231934,2.157976301969029,0,0,5,0,0,False,dirichlet_a0.1,42,no_attack,cosine,B_iid_transfer_frozen,0.6497349923129294
5,0.05863510072231293,2.1997618675231934,2.1556646949611604,0,0,5,0,0,False,dirichlet_a0.1,42,no_attack,cosine,B_iid_transfer_frozen,0.6497349923129294
6,0.05863510072231293,2.1997618675231934,2.1096856698859483,0,0,5,0,0,False,dirichlet_a0.1,42,no_attack,cosine,B_iid_transfer_frozen,0.6497349923129294
7,0.05863510072231293,2.1997618675231934,2.1339827610645443,0,0,5,0,0,False,dirichlet_a0.1,42,no_attack,cosine,B_iid_transfer_frozen,0.6497349923129294
8,0.05863510072231293,2.1997618675231934,2.1327834350522608,0,0,5,0,0,False,dirichlet_a0.1,42,no_attack,cosine,B_iid_transfer_frozen,0.6497349923129294
9,0.05863510072231293,2.1997618675231934,2.1255428389413282,0,0,5,0,0,False,dirichlet_a0.1,42,no_attack,cosine,B_iid_transfer_frozen,0.6497349923129294
10,0.05863510072231293,2.1997618675231934,2.116688091075048,1,1,4,0,0,False,dirichlet_a0.1,42,no_attack,cosine,B_iid_transfer_frozen,0.6497349923129294
11,0.05863510072231293,2.1997618675231934,2.123533778009005,1,1,4,0,0,False,dirichlet_a0.1,42,no_attack,cosine,B_iid_transfer_frozen,0.6497349923129294
12,0.05863510072231293,2.1997618675231934,2.10736081097275,1,1,4,0,0,False,dirichlet_a0.1,42,no_attack,cosine,B_iid_transfer_frozen,0.6497349923129294
13,0.05863510072231293,2.1997618675231934,2.114489087020047,1,1,4,0,0,False,dirichlet_a0.1,42,no_attack,cosine,B_iid_transfer_frozen,0.6497349923129294
14,0.05863510072231293,2.1997618675231934,2.1807233629515395,1,1,4,0,0,False,dirichlet_a0.1,42,no_attack,cosine,B_iid_transfer_frozen,0.6497349923129294
15,0.05863510072231293,2.1997618675231934,2.137069941032678,1,1,4,0,0,False,dirichlet_a0.1,42,no_attack,cosine,B_iid_transfer_frozen,0.6497349923129294
16,0.05863510072231293,2.1997618675231934,2.1043265709886327,1,1,4,0,0,False,dirichlet_a0.1,42,no_attack,cosine,B_iid_transfer_frozen,0.6497349923129294
17,0.05863510072231293,2.1997618675231934,1.8546538189984858,1,1,4,0,0,False,dirichlet_a0.1,42,no_attack,cosine,B_iid_transfer_frozen,0.6497349923129294
18,0.05863510072231293,2.1997618675231934,2.1173830630723387,1,1,4,0,0,False,dirichlet_a0.1,42,no_attack,cosine,B_iid_transfer_frozen,0.6497349923129294
19,0.05863510072231293,2.1997618675231934,2.097866525989957,1,1,4,0,0,False,dirichlet_a0.1,42,no_attack,cosine,B_iid_transfer_frozen,0.6497349923129294
20,0.05863510072231293,2.1997618675231934,2.139912595041096,1,1,4,0,0,False,dirichlet_a0.1,42,no_attack,cosine,B_iid_transfer_frozen,0.6497349923129294
21,0.05863510072231293,2.1997618675231934,2.1394621450453997,1,1,4,0,0,False,dirichlet_a0.1,42,no_attack,cosine,B_iid_transfer_frozen,0.6497349923129294
22,0.05863510072231293,2.1997618675231934,2.1260976740159094,1,1,4,0,0,False,dirichlet_a0.1,42,no_attack,cosine,B_iid_transfer_frozen,0.6497349923129294
23,0.05863510072231293,2.1997618675231934,2.08896637102589,1,1,4,0,0,False,dirichlet_a0.1,42,no_attack,cosine,B_iid_transfer_frozen,0.6497349923129294
24,0.05863510072231293,2.1997618675231934,2.1106428409693763,1,1,4,0,0,False,dirichlet_a0.1,42,no_attack,cosine,B_iid_transfer_frozen,0.6497349923129294
0,0.1863509863615036,2.2198612689971924,1.769129641004838,0,0,0,5,0,False,dirichlet_a0.1,42,no_attack,sign_consensus,A_condition_specific_oracle,0.378228059120926
1,0.1863509863615036,2.2947332859039307,1.7854620120488107,0,0,0,5,0,False,dirichlet_a0.1,42,no_attack,sign_consensus,A_condition_specific_oracle,0.378228059120926
2,0.1863509863615036,2.321410894393921,1.7711629980476573,0,0,0,5,0,False,dirichlet_a0.1,42,no_attack,sign_consensus,A_condition_specific_oracle,0.378228059120926
3,0.1863509863615036,2.302614450454712,1.7597649720264599,0,0,0,5,0,False,dirichlet_a0.1,42,no_attack,sign_consensus,A_condition_specific_oracle,0.378228059120926
4,0.1863509863615036,2.2923569679260254,1.7499886780278757,0,0,0,5,0,False,dirichlet_a0.1,42,no_attack,sign_consensus,A_condition_specific_oracle,0.378228059120926
5,0.1863509863615036,2.3064258098602295,1.7687902130419388,0,0,0,5,0,False,dirichlet_a0.1,42,no_attack,sign_consensus,A_condition_specific_oracle,0.378228059120926
6,0.1863509863615036,2.2931134700775146,1.770422870060429,0,0,0,5,0,False,dirichlet_a0.1,42,no_attack,sign_consensus,A_condition_specific_oracle,0.378228059120926
7,0.1863509863615036,2.3131072521209717,1.7648919729981571,0,0,0,5,0,False,dirichlet_a0.1,42,no_attack,sign_consensus,A_condition_specific_oracle,0.378228059120926
8,0.1863509863615036,2.2975897789001465,1.761107269092463,0,0,0,5,0,False,dirichlet_a0.1,42,no_attack,sign_consensus,A_condition_specific_oracle,0.378228059120926
9,0.1863509863615036,2.289620876312256,1.7753414009930566,0,0,0,5,0,False,dirichlet_a0.1,42,no_attack,sign_consensus,A_condition_specific_oracle,0.378228059120926
10,0.18830083310604095,2.2995004653930664,1.809965207008645,1,0,0,4,1,False,dirichlet_a0.1,42,no_attack,sign_consensus,A_condition_specific_oracle,0.378228059120926
11,0.1863509863615036,2.274509906768799,1.7681710639735684,1,0,0,4,1,False,dirichlet_a0.1,42,no_attack,sign_consensus,A_condition_specific_oracle,0.378228059120926
12,0.18844011425971985,2.2824883460998535,1.7637420170940459,1,0,0,4,1,False,dirichlet_a0.1,42,no_attack,sign_consensus,A_condition_specific_oracle,0.378228059120926
13,0.19846796989440918,2.242434501647949,1.7530439209658653,1,0,0,4,1,False,dirichlet_a0.1,42,no_attack,sign_consensus,A_condition_specific_oracle,0.378228059120926
14,0.19387187063694,2.2330307960510254,1.7791521709877998,1,0,0,4,1,False,dirichlet_a0.1,42,no_attack,sign_consensus,A_condition_specific_oracle,0.378228059120926
15,0.1935933232307434,2.2082762718200684,1.760431573027745,1,0,0,4,1,False,dirichlet_a0.1,42,no_attack,sign_consensus,A_condition_specific_oracle,0.378228059120926
16,0.2235376089811325,2.189798593521118,1.7675192769384012,1,0,0,4,1,False,dirichlet_a0.1,42,no_attack,sign_consensus,A_condition_specific_oracle,0.378228059120926
17,0.22646239399909973,2.1626291275024414,1.7695740449707955,1,0,0,4,1,False,dirichlet_a0.1,42,no_attack,sign_consensus,A_condition_specific_oracle,0.378228059120926
18,0.22646239399909973,2.1427876949310303,1.765008062007837,1,0,0,4,1,False,dirichlet_a0.1,42,no_attack,sign_consensus,A_condition_specific_oracle,0.378228059120926
19,0.22576601803302765,2.0931148529052734,1.7516039230395108,1,0,0,4,1,False,dirichlet_a0.1,42,no_attack,sign_consensus,A_condition_specific_oracle,0.378228059120926
20,0.23342618346214294,2.054920196533203,1.7702151919947937,1,0,0,4,1,False,dirichlet_a0.1,42,no_attack,sign_consensus,A_condition_specific_oracle,0.378228059120926
21,0.23356546461582184,2.016981601715088,1.7773750770138577,1,0,0,4,1,False,dirichlet_a0.1,42,no_attack,sign_consensus,A_condition_specific_oracle,0.378228059120926
22,0.23356546461582184,1.9749338626861572,1.7729313210584223,1,0,0,4,1,False,dirichlet_a0.1,42,no_attack,sign_consensus,A_condition_specific_oracle,0.378228059120926
23,0.23398329317569733,1.9377596378326416,1.7648323610192165,1,0,0,4,1,False,dirichlet_a0.1,42,no_attack,sign_consensus,A_condition_specific_oracle,0.378228059120926
24,0.24011142551898956,1.9008924961090088,1.7674339630175382,1,0,0,4,1,False,dirichlet_a0.1,42,no_attack,sign_consensus,A_condition_specific_oracle,0.378228059120926
0,0.1863509863615036,2.1785552501678467,1.8105747801018879,0,0,1,4,0,False,dirichlet_a0.1,42,no_attack,sign_consensus,B_iid_transfer_frozen,0.5307968492033497
1,0.1863509863615036,2.293511152267456,1.7729089950444177,0,0,0,5,0,False,dirichlet_a0.1,42,no_attack,sign_consensus,B_iid_transfer_frozen,0.5307968492033497
2,0.1863509863615036,2.3205294609069824,1.7760039300192147,0,0,0,5,0,False,dirichlet_a0.1,42,no_attack,sign_consensus,B_iid_transfer_frozen,0.5307968492033497
3,0.1863509863615036,2.3045878410339355,1.789159320993349,0,0,0,5,0,False,dirichlet_a0.1,42,no_attack,sign_consensus,B_iid_transfer_frozen,0.5307968492033497
4,0.1863509863615036,2.4626026153564453,1.7782944339560345,0,0,1,4,0,False,dirichlet_a0.1,42,no_attack,sign_consensus,B_iid_transfer_frozen,0.5307968492033497
5,0.1863509863615036,2.311790943145752,1.7679863979574293,0,0,0,5,0,False,dirichlet_a0.1,42,no_attack,sign_consensus,B_iid_transfer_frozen,0.5307968492033497
6,0.1863509863615036,2.466869831085205,1.7860036719357595,0,0,1,4,0,False,dirichlet_a0.1,42,no_attack,sign_consensus,B_iid_transfer_frozen,0.5307968492033497
7,0.1863509863615036,2.3174970149993896,1.7729229299584404,0,0,0,5,0,False,dirichlet_a0.1,42,no_attack,sign_consensus,B_iid_transfer_frozen,0.5307968492033497
8,0.1863509863615036,2.296016216278076,1.7570275861071423,0,0,0,5,0,False,dirichlet_a0.1,42,no_attack,sign_consensus,B_iid_transfer_frozen,0.5307968492033497
9,0.1863509863615036,2.5103955268859863,1.7629459759918973,0,0,1,4,0,False,dirichlet_a0.1,42,no_attack,sign_consensus,B_iid_transfer_frozen,0.5307968492033497
10,0.19150418043136597,2.302424907684326,1.7530069049680606,1,0,0,4,1,False,dirichlet_a0.1,42,no_attack,sign_consensus,B_iid_transfer_frozen,0.5307968492033497
11,0.1863509863615036,2.477921485900879,1.7609990870114416,1,0,1,3,1,False,dirichlet_a0.1,42,no_attack,sign_consensus,B_iid_transfer_frozen,0.5307968492033497
12,0.1980501413345337,2.274461507797241,1.7553897730540484,1,0,0,4,1,False,dirichlet_a0.1,42,no_attack,sign_consensus,B_iid_transfer_frozen,0.5307968492033497
13,0.19540390372276306,2.4025368690490723,1.8198900839779526,1,0,1,3,1,False,dirichlet_a0.1,42,no_attack,sign_consensus,B_iid_transfer_frozen,0.5307968492033497
14,0.21058496832847595,2.218759775161743,1.8019600049592555,1,0,0,4,1,False,dirichlet_a0.1,42,no_attack,sign_consensus,B_iid_transfer_frozen,0.5307968492033497
15,0.19818942248821259,2.387647867202759,1.8014840580290183,1,0,1,3,1,False,dirichlet_a0.1,42,no_attack,sign_consensus,B_iid_transfer_frozen,0.5307968492033497
16,0.23314763605594635,2.1547465324401855,1.7825630200095475,1,0,0,4,1,False,dirichlet_a0.1,42,no_attack,sign_consensus,B_iid_transfer_frozen,0.5307968492033497
17,0.23272980749607086,2.227853775024414,1.7845943460706621,1,0,1,3,1,False,dirichlet_a0.1,42,no_attack,sign_consensus,B_iid_transfer_frozen,0.5307968492033497
18,0.227158784866333,2.0727055072784424,1.790846924064681,1,0,0,4,1,False,dirichlet_a0.1,42,no_attack,sign_consensus,B_iid_transfer_frozen,0.5307968492033497
19,0.2272980511188507,2.190627098083496,1.801821080967784,1,0,1,3,1,False,dirichlet_a0.1,42,no_attack,sign_consensus,B_iid_transfer_frozen,0.5307968492033497
20,0.2272980511188507,2.023341178894043,1.8053843099623919,1,0,0,4,1,False,dirichlet_a0.1,42,no_attack,sign_consensus,B_iid_transfer_frozen,0.5307968492033497
21,0.23356546461582184,1.950779914855957,1.7925690569682047,1,0,0,4,1,False,dirichlet_a0.1,42,no_attack,sign_consensus,B_iid_transfer_frozen,0.5307968492033497
22,0.23384401202201843,2.1362009048461914,1.7859074979787692,1,0,1,3,1,False,dirichlet_a0.1,42,no_attack,sign_consensus,B_iid_transfer_frozen,0.5307968492033497
23,0.234958216547966,1.9093443155288696,1.803539413958788,1,0,0,4,1,False,dirichlet_a0.1,42,no_attack,sign_consensus,B_iid_transfer_frozen,0.5307968492033497
24,0.2616991698741913,1.8603380918502808,1.7934564750175923,1,0,0,4,1,False,dirichlet_a0.1,42,no_attack,sign_consensus,B_iid_transfer_frozen,0.5307968492033497
0,0.05863510072231293,2.1941819190979004,1.7551723320502788,0,,,,,False,iid,42,large_norm,fedavg,not_applicable,
1,0.16894151270389557,2.1914966106414795,1.7473088899860159,0,,,,,False,iid,42,large_norm,fedavg,not_applicable,
2,0.1717270165681839,2.1898903846740723,1.8102330110268667,0,,,,,False,iid,42,large_norm,fedavg,not_applicable,
3,0.1717270165681839,2.1879990100860596,1.7972119270125404,0,,,,,False,iid,42,large_norm,fedavg,not_applicable,
4,0.1717270165681839,2.1869311332702637,1.8802871480584145,0,,,,,False,iid,42,large_norm,fedavg,not_applicable,
5,0.1717270165681839,2.1849756240844727,1.8122835950925946,0,,,,,False,iid,42,large_norm,fedavg,not_applicable,
6,0.1717270165681839,2.1847422122955322,1.804738212027587,0,,,,,False,iid,42,large_norm,fedavg,not_applicable,
7,0.1717270165681839,2.182480573654175,1.7874337369576097,0,,,,,False,iid,42,large_norm,fedavg,not_applicable,
8,0.1717270165681839,2.1795146465301514,1.7887612299527973,0,,,,,False,iid,42,large_norm,fedavg,not_applicable,
9,0.1715877503156662,2.177818775177002,1.7818335980409756,0,,,,,False,iid,42,large_norm,fedavg,not_applicable,
10,0.18704736232757568,170439056.0,1.75028801697772,1,,,,,False,iid,42,large_norm,fedavg,not_applicable,
11,0.18704736232757568,170439056.0,1.75028801697772,1,,,,,True,iid,42,large_norm,fedavg,not_applicable,
12,0.18704736232757568,170439056.0,1.75028801697772,1,,,,,True,iid,42,large_norm,fedavg,not_applicable,
13,0.18704736232757568,170439056.0,1.75028801697772,1,,,,,True,iid,42,large_norm,fedavg,not_applicable,
14,0.18704736232757568,170439056.0,1.75028801697772,1,,,,,True,iid,42,large_norm,fedavg,not_applicable,
15,0.18704736232757568,170439056.0,1.75028801697772,1,,,,,True,iid,42,large_norm,fedavg,not_applicable,
16,0.18704736232757568,170439056.0,1.75028801697772,1,,,,,True,iid,42,large_norm,fedavg,not_applicable,
17,0.18704736232757568,170439056.0,1.75028801697772,1,,,,,True,iid,42,large_norm,fedavg,not_applicable,
18,0.18704736232757568,170439056.0,1.75028801697772,1,,,,,True,iid,42,large_norm,fedavg,not_applicable,
19,0.18704736232757568,170439056.0,1.75028801697772,1,,,,,True,iid,42,large_norm,fedavg,not_applicable,
20,0.18704736232757568,170439056.0,1.75028801697772,1,,,,,True,iid,42,large_norm,fedavg,not_applicable,
21,0.18704736232757568,170439056.0,1.75028801697772,1,,,,,True,iid,42,large_norm,fedavg,not_applicable,
22,0.18704736232757568,170439056.0,1.75028801697772,1,,,,,True,iid,42,large_norm,fedavg,not_applicable,
23,0.18704736232757568,170439056.0,1.75028801697772,1,,,,,True,iid,42,large_norm,fedavg,not_applicable,
24,0.18704736232757568,170439056.0,1.75028801697772,1,,,,,True,iid,42,large_norm,fedavg,not_applicable,
0,0.05863510072231293,2.1941821575164795,1.812857547076419,0,0,0,5,0,False,iid,42,large_norm,norm,A_condition_specific_oracle,0.06531379644078962
1,0.16894151270389557,2.1914961338043213,1.7578573370119557,0,0,0,5,0,False,iid,42,large_norm,norm,A_condition_specific_oracle,0.06531379644078962
2,0.1717270165681839,2.1898910999298096,1.7603397029452026,0,0,0,5,0,False,iid,42,large_norm,norm,A_condition_specific_oracle,0.06531379644078962
3,0.1717270165681839,2.188002109527588,1.758954194956459,0,0,0,5,0,False,iid,42,large_norm,norm,A_condition_specific_oracle,0.06531379644078962
4,0.1717270165681839,2.186929941177368,1.6238389200298116,0,0,0,5,0,False,iid,42,large_norm,norm,A_condition_specific_oracle,0.06531379644078962
5,0.1717270165681839,2.184976100921631,1.7708057679701596,0,0,0,5,0,False,iid,42,large_norm,norm,A_condition_specific_oracle,0.06531379644078962
6,0.1717270165681839,2.184741497039795,1.7834238760406151,0,0,0,5,0,False,iid,42,large_norm,norm,A_condition_specific_oracle,0.06531379644078962
7,0.1717270165681839,2.1824820041656494,1.793723893002607,0,0,0,5,0,False,iid,42,large_norm,norm,A_condition_specific_oracle,0.06531379644078962
8,0.1717270165681839,2.1795051097869873,1.848738658009097,0,0,0,5,0,False,iid,42,large_norm,norm,A_condition_specific_oracle,0.06531379644078962
9,0.1715877503156662,2.177819013595581,1.8495374569902197,0,0,0,5,0,False,iid,42,large_norm,norm,A_condition_specific_oracle,0.06531379644078962
10,0.17075209319591522,2.1755189895629883,1.767729835002683,1,1,0,4,0,False,iid,42,large_norm,norm,A_condition_specific_oracle,0.06531379644078962
11,0.1711699217557907,2.17301869392395,1.9142751030158252,1,1,0,4,0,False,iid,42,large_norm,norm,A_condition_specific_oracle,0.06531379644078962
12,0.17019498348236084,2.1678061485290527,1.7953471899963915,1,1,0,4,0,False,iid,42,large_norm,norm,A_condition_specific_oracle,0.06531379644078962
13,0.1717270165681839,2.161562442779541,1.8753517880104482,1,1,0,4,0,False,iid,42,large_norm,norm,A_condition_specific_oracle,0.06531379644078962
14,0.1717270165681839,2.151707410812378,1.9625583980232477,1,1,0,4,0,False,iid,42,large_norm,norm,A_condition_specific_oracle,0.06531379644078962
15,0.20362117886543274,2.1426279544830322,1.9037381530506536,1,1,0,4,0,False,iid,42,large_norm,norm,A_condition_specific_oracle,0.06531379644078962
16,0.3126741051673889,2.133359432220459,1.8142666909843683,1,1,0,4,0,False,iid,42,large_norm,norm,A_condition_specific_oracle,0.06531379644078962
17,0.3538997173309326,2.117109775543213,1.810857633012347,1,1,0,4,0,False,iid,42,large_norm,norm,A_condition_specific_oracle,0.06531379644078962
18,0.3538997173309326,2.117109775543213,1.8832363981055096,1,1,4,0,0,False,iid,42,large_norm,norm,A_condition_specific_oracle,0.06531379644078962
19,0.3538997173309326,2.117109775543213,1.970089758047834,1,1,4,0,0,False,iid,42,large_norm,norm,A_condition_specific_oracle,0.06531379644078962
20,0.3538997173309326,2.117109775543213,1.8400899569969624,1,1,4,0,0,False,iid,42,large_norm,norm,A_condition_specific_oracle,0.06531379644078962
21,0.3538997173309326,2.117109775543213,1.8170880150282755,1,1,4,0,0,False,iid,42,large_norm,norm,A_condition_specific_oracle,0.06531379644078962
22,0.3538997173309326,2.117109775543213,1.7782732689520344,1,1,4,0,0,False,iid,42,large_norm,norm,A_condition_specific_oracle,0.06531379644078962
23,0.3538997173309326,2.117109775543213,1.8182479559909552,1,1,4,0,0,False,iid,42,large_norm,norm,A_condition_specific_oracle,0.06531379644078962
24,0.3538997173309326,2.117109775543213,1.8148932729382068,1,1,4,0,0,False,iid,42,large_norm,norm,A_condition_specific_oracle,0.06531379644078962
0,0.05863510072231293,2.1941819190979004,2.2065745079889894,0,0,0,5,0,False,iid,42,large_norm,cosine,A_condition_specific_oracle,0.6498210606500276
1,0.15194986760616302,2.1914501190185547,2.214448607992381,0,0,0,5,0,False,iid,42,large_norm,cosine,A_condition_specific_oracle,0.6498210606500276
2,0.1717270165681839,2.1899054050445557,2.2455201159464195,0,0,0,5,0,False,iid,42,large_norm,cosine,A_condition_specific_oracle,0.6498210606500276
3,0.1717270165681839,2.187891960144043,2.2134723509661853,0,0,0,5,0,False,iid,42,large_norm,cosine,A_condition_specific_oracle,0.6498210606500276
4,0.1717270165681839,2.186490058898926,2.1480317410314456,0,0,0,5,0,False,iid,42,large_norm,cosine,A_condition_specific_oracle,0.6498210606500276
5,0.1717270165681839,2.185029983520508,2.362403923063539,0,0,0,5,0,False,iid,42,large_norm,cosine,A_condition_specific_oracle,0.6498210606500276
6,0.1717270165681839,2.183105945587158,2.3113952660933137,0,0,0,5,0,False,iid,42,large_norm,cosine,A_condition_specific_oracle,0.6498210606500276
7,0.1715877503156662,2.1817219257354736,2.306946202996187,0,0,0,5,0,False,iid,42,large_norm,cosine,A_condition_specific_oracle,0.6498210606500276
8,0.17047354578971863,2.179093837738037,2.1426975710783154,0,0,0,5,0,False,iid,42,large_norm,cosine,A_condition_specific_oracle,0.6498210606500276
9,0.1711699217557907,2.1770877838134766,2.2348415829474106,0,0,0,5,0,False,iid,42,large_norm,cosine,A_condition_specific_oracle,0.6498210606500276
10,0.1717270165681839,2.173243522644043,2.119770450051874,1,1,0,4,0,False,iid,42,large_norm,cosine,A_condition_specific_oracle,0.6498210606500276
11,0.1717270165681839,2.169159412384033,2.0813945579575375,1,1,0,4,0,False,iid,42,large_norm,cosine,A_condition_specific_oracle,0.6498210606500276
12,0.1714484691619873,2.1646265983581543,2.1130990979727358,1,1,0,4,0,False,iid,42,large_norm,cosine,A_condition_specific_oracle,0.6498210606500276
13,0.1717270165681839,2.1589691638946533,2.158330279053189,1,1,0,4,0,False,iid,42,large_norm,cosine,A_condition_specific_oracle,0.6498210606500276
14,0.1717270165681839,2.1481993198394775,2.1775138190714642,1,1,0,4,0,False,iid,42,large_norm,cosine,A_condition_specific_oracle,0.6498210606500276
15,0.2714484632015228,2.1411139965057373,2.1393232400296256,1,1,0,4,0,False,iid,42,large_norm,cosine,A_condition_specific_oracle,0.6498210606500276
16,0.34206128120422363,2.130009412765503,2.1669414489297196,1,1,0,4,0,False,iid,42,large_norm,cosine,A_condition_specific_oracle,0.6498210606500276
17,0.3544568419456482,2.115929126739502,2.1437600379576907,1,1,0,4,0,False,iid,42,large_norm,cosine,A_condition_specific_oracle,0.6498210606500276
18,0.35264626145362854,2.097304105758667,2.1790254960069433,1,1,0,4,0,False,iid,42,large_norm,cosine,A_condition_specific_oracle,0.6498210606500276
19,0.3508356511592865,2.0717573165893555,2.178833846002817,1,1,0,4,0,False,iid,42,large_norm,cosine,A_condition_specific_oracle,0.6498210606500276
20,0.4133704900741577,2.034566879272461,2.1184795139124617,1,1,0,4,0,False,iid,42,large_norm,cosine,A_condition_specific_oracle,0.6498210606500276
21,0.41573816537857056,1.9893590211868286,2.2040680999634787,1,1,0,4,0,False,iid,42,large_norm,cosine,A_condition_specific_oracle,0.6498210606500276
22,0.41587746143341064,1.9315799474716187,2.3344051429303363,1,1,0,4,0,False,iid,42,large_norm,cosine,A_condition_specific_oracle,0.6498210606500276
23,0.4218662977218628,1.8536006212234497,2.298076677019708,1,1,0,4,0,False,iid,42,large_norm,cosine,A_condition_specific_oracle,0.6498210606500276
24,0.43440112471580505,1.7707747220993042,2.167365003959276,1,1,0,4,0,False,iid,42,large_norm,cosine,A_condition_specific_oracle,0.6498210606500276
0,0.05863510072231293,2.1941819190979004,1.562317905947566,0,0,0,5,0,False,iid,42,large_norm,sign_consensus,A_condition_specific_oracle,0.5312329066841702
1,0.16894151270389557,2.191495656967163,1.5166332579683512,0,0,0,5,0,False,iid,42,large_norm,sign_consensus,A_condition_specific_oracle,0.5312329066841702
2,0.1717270165681839,2.189889430999756,1.5497039060574025,0,0,0,5,0,False,iid,42,large_norm,sign_consensus,A_condition_specific_oracle,0.5312329066841702
3,0.1717270165681839,2.1879987716674805,1.5297210389981046,0,0,0,5,0,False,iid,42,large_norm,sign_consensus,A_condition_specific_oracle,0.5312329066841702
4,0.1717270165681839,2.1869282722473145,1.5314792511053383,0,0,0,5,0,False,iid,42,large_norm,sign_consensus,A_condition_specific_oracle,0.5312329066841702
5,0.1717270165681839,2.184974431991577,1.530154984910041,0,0,0,5,0,False,iid,42,large_norm,sign_consensus,A_condition_specific_oracle,0.5312329066841702
6,0.1717270165681839,2.1847498416900635,1.5043351930798963,0,0,0,5,0,False,iid,42,large_norm,sign_consensus,A_condition_specific_oracle,0.5312329066841702
7,0.1717270165681839,2.1824779510498047,1.7105664240662009,0,0,0,5,0,False,iid,42,large_norm,sign_consensus,A_condition_specific_oracle,0.5312329066841702
8,0.1717270165681839,2.1795053482055664,1.632363736978732,0,0,0,5,0,False,iid,42,large_norm,sign_consensus,A_condition_specific_oracle,0.5312329066841702
9,0.1715877503156662,2.1778223514556885,1.5257023179437965,0,0,0,5,0,False,iid,42,large_norm,sign_consensus,A_condition_specific_oracle,0.5312329066841702
10,0.18704736232757568,170439088.0,1.6514190960442647,1,0,0,4,1,False,iid,42,large_norm,sign_consensus,A_condition_specific_oracle,0.5312329066841702
11,0.18704736232757568,170439088.0,1.6514190960442647,1,0,0,4,1,True,iid,42,large_norm,sign_consensus,A_condition_specific_oracle,0.5312329066841702
12,0.18704736232757568,170439088.0,1.6514190960442647,1,0,0,4,1,True,iid,42,large_norm,sign_consensus,A_condition_specific_oracle,0.5312329066841702
13,0.18704736232757568,170439088.0,1.6514190960442647,1,0,0,4,1,True,iid,42,large_norm,sign_consensus,A_condition_specific_oracle,0.5312329066841702
14,0.18704736232757568,170439088.0,1.6514190960442647,1,0,0,4,1,True,iid,42,large_norm,sign_consensus,A_condition_specific_oracle,0.5312329066841702
15,0.18704736232757568,170439088.0,1.6514190960442647,1,0,0,4,1,True,iid,42,large_norm,sign_consensus,A_condition_specific_oracle,0.5312329066841702
16,0.18704736232757568,170439088.0,1.6514190960442647,1,0,0,4,1,True,iid,42,large_norm,sign_consensus,A_condition_specific_oracle,0.5312329066841702
17,0.18704736232757568,170439088.0,1.6514190960442647,1,0,0,4,1,True,iid,42,large_norm,sign_consensus,A_condition_specific_oracle,0.5312329066841702
18,0.18704736232757568,170439088.0,1.6514190960442647,1,0,0,4,1,True,iid,42,large_norm,sign_consensus,A_condition_specific_oracle,0.5312329066841702
19,0.18704736232757568,170439088.0,1.6514190960442647,1,0,0,4,1,True,iid,42,large_norm,sign_consensus,A_condition_specific_oracle,0.5312329066841702
20,0.18704736232757568,170439088.0,1.6514190960442647,1,0,0,4,1,True,iid,42,large_norm,sign_consensus,A_condition_specific_oracle,0.5312329066841702
21,0.18704736232757568,170439088.0,1.6514190960442647,1,0,0,4,1,True,iid,42,large_norm,sign_consensus,A_condition_specific_oracle,0.5312329066841702
22,0.18704736232757568,170439088.0,1.6514190960442647,1,0,0,4,1,True,iid,42,large_norm,sign_consensus,A_condition_specific_oracle,0.5312329066841702
23,0.18704736232757568,170439088.0,1.6514190960442647,1,0,0,4,1,True,iid,42,large_norm,sign_consensus,A_condition_specific_oracle,0.5312329066841702
24,0.18704736232757568,170439088.0,1.6514190960442647,1,0,0,4,1,True,iid,42,large_norm,sign_consensus,A_condition_specific_oracle,0.5312329066841702
0,0.05863510072231293,2.1941821575164795,1.5232910780468956,0,,,,,False,iid,42,no_attack,fedavg,not_applicable,
1,0.16894151270389557,2.1914963722229004,1.5220131629612297,0,,,,,False,iid,42,no_attack,fedavg,not_applicable,
2,0.1717270165681839,2.189890146255493,1.5178758359979838,0,,,,,False,iid,42,no_attack,fedavg,not_applicable,
3,0.1717270165681839,2.188000202178955,1.5140024450374767,0,,,,,False,iid,42,no_attack,fedavg,not_applicable,
4,0.1717270165681839,2.1869308948516846,1.502607677015476,0,,,,,False,iid,42,no_attack,fedavg,not_applicable,
5,0.1717270165681839,2.1849751472473145,1.4958029190311208,0,,,,,False,iid,42,no_attack,fedavg,not_applicable,
6,0.1717270165681839,2.184743642807007,1.5030174109851941,0,,,,,False,iid,42,no_attack,fedavg,not_applicable,
7,0.1717270165681839,2.1824684143066406,1.4880393979838118,0,,,,,False,iid,42,no_attack,fedavg,not_applicable,
8,0.1717270165681839,2.1795172691345215,1.4839355220319703,0,,,,,False,iid,42,no_attack,fedavg,not_applicable,
9,0.1715877503156662,2.177823066711426,1.5033237669849768,0,,,,,False,iid,42,no_attack,fedavg,not_applicable,
10,0.1715877503156662,2.17494797706604,1.495241397060454,1,,,,,False,iid,42,no_attack,fedavg,not_applicable,
11,0.16908077895641327,2.171459674835205,1.5568332010880113,1,,,,,False,iid,42,no_attack,fedavg,not_applicable,
12,0.17089137434959412,2.166701316833496,1.566845078021288,1,,,,,False,iid,42,no_attack,fedavg,not_applicable,
13,0.17019498348236084,2.1612894535064697,1.7166705300332978,1,,,,,False,iid,42,no_attack,fedavg,not_applicable,
14,0.16977716982364655,2.1539695262908936,1.5658348349388689,1,,,,,False,iid,42,no_attack,fedavg,not_applicable,
15,0.20417827367782593,2.1445674896240234,1.526552802999504,1,,,,,False,iid,42,no_attack,fedavg,not_applicable,
16,0.29610028862953186,2.134760618209839,1.5165703139500692,1,,,,,False,iid,42,no_attack,fedavg,not_applicable,
17,0.35278552770614624,2.121314525604248,1.5326701770536602,1,,,,,False,iid,42,no_attack,fedavg,not_applicable,
18,0.36058497428894043,2.1021764278411865,1.5042240789625794,1,,,,,False,iid,42,no_attack,fedavg,not_applicable,
19,0.3616991639137268,2.0781660079956055,1.5223070490173995,1,,,,,False,iid,42,no_attack,fedavg,not_applicable,
20,0.41977715492248535,2.044297218322754,1.514966593007557,1,,,,,False,iid,42,no_attack,fedavg,not_applicable,
21,0.41935935616493225,1.9961400032043457,1.54898910690099,1,,,,,False,iid,42,no_attack,fedavg,not_applicable,
22,0.41643455624580383,1.9451217651367188,1.5649991479003802,1,,,,,False,iid,42,no_attack,fedavg,not_applicable,
23,0.4215877652168274,1.8694608211517334,1.5217419340042397,1,,,,,False,iid,42,no_attack,fedavg,not_applicable,
24,0.44944289326667786,1.8029959201812744,1.6095088329166174,1,,,,,False,iid,42,no_attack,fedavg,not_applicable,
0,0.05863510072231293,2.1941819190979004,1.5966381559846923,0,0,0,5,0,False,iid,42,no_attack,norm,A_condition_specific_oracle,0.06531379644078962
1,0.16894151270389557,2.191495418548584,1.868080300046131,0,0,0,5,0,False,iid,42,no_attack,norm,A_condition_specific_oracle,0.06531379644078962
2,0.1717270165681839,2.189889430999756,1.8606846709735692,0,0,0,5,0,False,iid,42,no_attack,norm,A_condition_specific_oracle,0.06531379644078962
3,0.1717270165681839,2.187997341156006,1.8298419689526781,0,0,0,5,0,False,iid,42,no_attack,norm,A_condition_specific_oracle,0.06531379644078962
4,0.1717270165681839,2.186927556991577,1.8086391149554402,0,0,0,5,0,False,iid,42,no_attack,norm,A_condition_specific_oracle,0.06531379644078962
5,0.1717270165681839,2.184974431991577,1.7788362810388207,0,0,0,5,0,False,iid,42,no_attack,norm,A_condition_specific_oracle,0.06531379644078962
6,0.1717270165681839,2.1847434043884277,1.9527372589800507,0,0,0,5,0,False,iid,42,no_attack,norm,A_condition_specific_oracle,0.06531379644078962
7,0.1717270165681839,2.1824758052825928,1.8521417340962216,0,0,0,5,0,False,iid,42,no_attack,norm,A_condition_specific_oracle,0.06531379644078962
8,0.1717270165681839,2.179532289505005,1.8459888020297512,0,0,0,5,0,False,iid,42,no_attack,norm,A_condition_specific_oracle,0.06531379644078962
9,0.1715877503156662,2.1778297424316406,1.7794432908995077,0,0,0,5,0,False,iid,42,no_attack,norm,A_condition_specific_oracle,0.06531379644078962
10,0.1715877503156662,2.1749494075775146,1.8505062439944595,1,0,0,4,1,False,iid,42,no_attack,norm,A_condition_specific_oracle,0.06531379644078962
11,0.16935934126377106,2.1714608669281006,1.8690515969647095,1,0,0,4,1,False,iid,42,no_attack,norm,A_condition_specific_oracle,0.06531379644078962
12,0.17103064060211182,2.166696786880493,1.8067094420548528,1,0,0,4,1,False,iid,42,no_attack,norm,A_condition_specific_oracle,0.06531379644078962
13,0.17019498348236084,2.161285161972046,1.8451885089743882,1,0,0,4,1,False,iid,42,no_attack,norm,A_condition_specific_oracle,0.06531379644078962
14,0.16977716982364655,2.1539666652679443,1.860012286924757,1,0,0,4,1,False,iid,42,no_attack,norm,A_condition_specific_oracle,0.06531379644078962
15,0.20376044511795044,2.144566535949707,1.8304546939907596,1,0,0,4,1,False,iid,42,no_attack,norm,A_condition_specific_oracle,0.06531379644078962
16,0.29610028862953186,2.1347622871398926,1.8551187319681048,1,0,0,4,1,False,iid,42,no_attack,norm,A_condition_specific_oracle,0.06531379644078962
17,0.35264626145362854,2.1213104724884033,1.8981083310209215,1,0,0,4,1,False,iid,42,no_attack,norm,A_condition_specific_oracle,0.06531379644078962
18,0.3352367877960205,2.1074602603912354,1.8719548530643806,1,0,4,0,1,False,iid,42,no_attack,norm,A_condition_specific_oracle,0.06531379644078962
19,0.3352367877960205,2.1074602603912354,1.8419638810446486,1,1,4,0,0,False,iid,42,no_attack,norm,A_condition_specific_oracle,0.06531379644078962
20,0.3352367877960205,2.1074602603912354,1.7822850869270042,1,1,4,0,0,False,iid,42,no_attack,norm,A_condition_specific_oracle,0.06531379644078962
21,0.3352367877960205,2.1074602603912354,1.8249666329938918,1,1,4,0,0,False,iid,42,no_attack,norm,A_condition_specific_oracle,0.06531379644078962
22,0.3352367877960205,2.1074602603912354,1.8421731389826164,1,1,4,0,0,False,iid,42,no_attack,norm,A_condition_specific_oracle,0.06531379644078962
23,0.3352367877960205,2.1074602603912354,1.8217222549719736,1,1,4,0,0,False,iid,42,no_attack,norm,A_condition_specific_oracle,0.06531379644078962
24,0.3352367877960205,2.1074602603912354,1.82616841502022,1,1,4,0,0,False,iid,42,no_attack,norm,A_condition_specific_oracle,0.06531379644078962
0,0.05863510072231293,2.1941819190979004,2.1707166549749672,0,0,0,5,0,False,iid,42,no_attack,cosine,A_condition_specific_oracle,0.6498210606500276
1,0.15194986760616302,2.191450595855713,2.1398609580937773,0,0,0,5,0,False,iid,42,no_attack,cosine,A_condition_specific_oracle,0.6498210606500276
2,0.1717270165681839,2.18990421295166,2.180500654038042,0,0,0,5,0,False,iid,42,no_attack,cosine,A_condition_specific_oracle,0.6498210606500276
3,0.1717270165681839,2.1878931522369385,2.167324845911935,0,0,0,5,0,False,iid,42,no_attack,cosine,A_condition_specific_oracle,0.6498210606500276
4,0.1717270165681839,2.186490058898926,2.1623035760130733,0,0,0,5,0,False,iid,42,no_attack,cosine,A_condition_specific_oracle,0.6498210606500276
5,0.1717270165681839,2.185029983520508,2.2025415719253942,0,0,0,5,0,False,iid,42,no_attack,cosine,A_condition_specific_oracle,0.6498210606500276
6,0.1717270165681839,2.1831066608428955,1.9607343620155007,0,0,0,5,0,False,iid,42,no_attack,cosine,A_condition_specific_oracle,0.6498210606500276
7,0.1715877503156662,2.1817164421081543,2.090132432989776,0,0,0,5,0,False,iid,42,no_attack,cosine,A_condition_specific_oracle,0.6498210606500276
8,0.17047354578971863,2.1790976524353027,2.117837401921861,0,0,0,5,0,False,iid,42,no_attack,cosine,A_condition_specific_oracle,0.6498210606500276
9,0.1711699217557907,2.177096128463745,2.132219444029033,0,0,0,5,0,False,iid,42,no_attack,cosine,A_condition_specific_oracle,0.6498210606500276
10,0.16935934126377106,2.173753023147583,2.107860808959231,1,0,0,4,1,False,iid,42,no_attack,cosine,A_condition_specific_oracle,0.6498210606500276
11,0.16866295039653778,2.1693644523620605,2.0559494119370356,1,0,0,4,1,False,iid,42,no_attack,cosine,A_condition_specific_oracle,0.6498210606500276
12,0.17019498348236084,2.16352915763855,2.127340287901461,1,0,0,4,1,False,iid,42,no_attack,cosine,A_condition_specific_oracle,0.6498210606500276
13,0.17033426463603973,2.160938262939453,2.145601814961992,1,0,0,4,1,False,iid,42,no_attack,cosine,A_condition_specific_oracle,0.6498210606500276
14,0.17228412628173828,2.1528167724609375,2.151216567028314,1,0,0,4,1,False,iid,42,no_attack,cosine,A_condition_specific_oracle,0.6498210606500276
15,0.2611420750617981,2.143632650375366,2.200110047007911,1,0,0,4,1,False,iid,42,no_attack,cosine,A_condition_specific_oracle,0.6498210606500276
16,0.33036211133003235,2.1328701972961426,2.1378699319902807,1,0,0,4,1,False,iid,42,no_attack,cosine,A_condition_specific_oracle,0.6498210606500276
17,0.35668525099754333,2.1209301948547363,2.132879114942625,1,0,0,4,1,False,iid,42,no_attack,cosine,A_condition_specific_oracle,0.6498210606500276
18,0.36016714572906494,2.100985050201416,1.9837842879351228,1,0,0,4,1,False,iid,42,no_attack,cosine,A_condition_specific_oracle,0.6498210606500276
19,0.3548746705055237,2.077345132827759,1.8789902330609038,1,0,0,4,1,False,iid,42,no_attack,cosine,A_condition_specific_oracle,0.6498210606500276
20,0.39401113986968994,2.039738178253174,1.9660329130711034,1,0,0,4,1,False,iid,42,no_attack,cosine,A_condition_specific_oracle,0.6498210606500276
21,0.41894152760505676,1.9998527765274048,2.0883287159958854,1,0,0,4,1,False,iid,42,no_attack,cosine,A_condition_specific_oracle,0.6498210606500276
22,0.416991651058197,1.9292455911636353,2.1377158769173548,1,0,0,4,1,False,iid,42,no_attack,cosine,A_condition_specific_oracle,0.6498210606500276
23,0.41949862241744995,1.8547285795211792,2.088470397051424,1,0,0,4,1,False,iid,42,no_attack,cosine,A_condition_specific_oracle,0.6498210606500276
24,0.41532033681869507,1.7741310596466064,2.124147951020859,1,0,0,4,1,False,iid,42,no_attack,cosine,A_condition_specific_oracle,0.6498210606500276
0,0.05863510072231293,2.1941819190979004,1.7520579299889505,0,0,0,5,0,False,iid,42,no_attack,sign_consensus,A_condition_specific_oracle,0.5312329066841702
1,0.16894151270389557,2.191495656967163,1.757532765972428,0,0,0,5,0,False,iid,42,no_attack,sign_consensus,A_condition_specific_oracle,0.5312329066841702
2,0.1717270165681839,2.189889907836914,1.7397980199893937,0,0,0,5,0,False,iid,42,no_attack,sign_consensus,A_condition_specific_oracle,0.5312329066841702
3,0.1717270165681839,2.187998056411743,1.7477439069189131,0,0,0,5,0,False,iid,42,no_attack,sign_consensus,A_condition_specific_oracle,0.5312329066841702
4,0.1717270165681839,2.186929225921631,1.754149549989961,0,0,0,5,0,False,iid,42,no_attack,sign_consensus,A_condition_specific_oracle,0.5312329066841702
5,0.1717270165681839,2.184976816177368,1.7746646529994905,0,0,0,5,0,False,iid,42,no_attack,sign_consensus,A_condition_specific_oracle,0.5312329066841702
6,0.1717270165681839,2.1847448348999023,1.7452775740530342,0,0,0,5,0,False,iid,42,no_attack,sign_consensus,A_condition_specific_oracle,0.5312329066841702
7,0.1717270165681839,2.18249249458313,1.7424773770617321,0,0,0,5,0,False,iid,42,no_attack,sign_consensus,A_condition_specific_oracle,0.5312329066841702
8,0.1717270165681839,2.179535388946533,1.7359024619217962,0,0,0,5,0,False,iid,42,no_attack,sign_consensus,A_condition_specific_oracle,0.5312329066841702
9,0.1715877503156662,2.1778404712677,1.7458517419872805,0,0,0,5,0,False,iid,42,no_attack,sign_consensus,A_condition_specific_oracle,0.5312329066841702
10,0.1715877503156662,2.1749496459960938,1.7408090609824285,1,0,0,4,1,False,iid,42,no_attack,sign_consensus,A_condition_specific_oracle,0.5312329066841702
11,0.16922006011009216,2.171462297439575,1.7416240380844101,1,0,0,4,1,False,iid,42,no_attack,sign_consensus,A_condition_specific_oracle,0.5312329066841702
12,0.17089137434959412,2.166696310043335,1.7396095050498843,1,0,0,4,1,False,iid,42,no_attack,sign_consensus,A_condition_specific_oracle,0.5312329066841702
13,0.17019498348236084,2.161289691925049,1.7452725599287078,1,0,0,4,1,False,iid,42,no_attack,sign_consensus,A_condition_specific_oracle,0.5312329066841702
14,0.16977716982364655,2.1539723873138428,1.7630929480073974,1,0,0,4,1,False,iid,42,no_attack,sign_consensus,A_condition_specific_oracle,0.5312329066841702
15,0.20334261655807495,2.1445722579956055,1.7691281250445172,1,0,0,4,1,False,iid,42,no_attack,sign_consensus,A_condition_specific_oracle,0.5312329066841702
16,0.29568246006965637,2.134770154953003,1.7499049799516797,1,0,0,4,1,False,iid,42,no_attack,sign_consensus,A_condition_specific_oracle,0.5312329066841702
17,0.35250696539878845,2.1213221549987793,1.8799561770865694,1,0,0,4,1,False,iid,42,no_attack,sign_consensus,A_condition_specific_oracle,0.5312329066841702
18,0.36058497428894043,2.1021971702575684,1.7534533799625933,1,0,0,4,1,False,iid,42,no_attack,sign_consensus,A_condition_specific_oracle,0.5312329066841702
19,0.3619777262210846,2.078204870223999,1.7678112399298698,1,0,0,4,1,False,iid,42,no_attack,sign_consensus,A_condition_specific_oracle,0.5312329066841702
20,0.41991645097732544,2.0443527698516846,1.7704679990420118,1,0,0,4,1,False,iid,42,no_attack,sign_consensus,A_condition_specific_oracle,0.5312329066841702
21,0.41935935616493225,1.9962102174758911,1.7966985700186342,1,0,0,4,1,False,iid,42,no_attack,sign_consensus,A_condition_specific_oracle,0.5312329066841702
22,0.41643455624580383,1.9452369213104248,1.7978471259120852,1,0,0,4,1,False,iid,42,no_attack,sign_consensus,A_condition_specific_oracle,0.5312329066841702
23,0.4215877652168274,1.869581937789917,1.7308963909745216,1,0,0,4,1,False,iid,42,no_attack,sign_consensus,A_condition_specific_oracle,0.5312329066841702
24,0.44986072182655334,1.803082823753357,1.7647427750052884,1,0,0,4,1,False,iid,42,no_attack,sign_consensus,A_condition_specific_oracle,0.5312329066841702
