candidate,removed_signal,n_honest,honest_fpr,n_malicious_active,malicious_tpr,large_norm_accepted
C0,none,8100,0.20444444444444446,900,0.78,0
C0,norm,8100,0.042222222222222223,900,0.63,135
C0,cos,8100,0.19246913580246913,900,0.6944444444444444,0
C0,sign,8100,0.17419753086419754,900,0.78,0
C1,none,8100,0.0,900,0.5444444444444444,135
C1,norm,8100,0.0,900,0.23222222222222222,180
C1,cos,8100,0.0,900,0.31666666666666665,180
C1,sign,8100,0.0,900,0.3288888888888889,135
C2,none,8100,0.20444444444444446,900,0.78,0
C2,norm,8100,0.042222222222222223,900,0.63,135
C2,cos,8100,0.19246913580246913,900,0.6944444444444444,0
C2,sign,8100,0.17419753086419754,900,0.78,0
C3,none,8100,0.1622222222222222,900,0.6944444444444444,0
C3,norm,8100,0.0,900,0.23222222222222222,180
C3,cos,8100,0.1622222222222222,900,0.6288888888888889,0
C3,sign,8100,0.1622222222222222,900,0.6288888888888889,0
C4,none,8100,0.19691358024691358,900,0.78,0
C4,norm,8100,0.03469135802469136,900,0.63,135
C4,cos,8100,0.18493827160493828,900,0.6944444444444444,0
C4,sign,8100,0.17419753086419754,900,0.78,0
C5,none,8100,0.0,900,0.29333333333333333,180
C5,norm,8100,0.0,900,0.09111111111111111,180
C5,cos,8100,0.0,900,0.25333333333333335,180
C5,sign,8100,0.0,900,0.06666666666666667,180
C6,none,8100,0.1622222222222222,900,0.6488888888888888,0
C6,norm,8100,0.0,900,0.15,180
C6,cos,8100,0.1622222222222222,900,0.6288888888888889,0
C6,sign,8100,0.1622222222222222,900,0.6288888888888889,0
