candidate,attack,n_honest,honest_fpr,n_malicious_active,malicious_tpr
C0,directional_poisoning,1320,0.175,180,0.95
C0,full_sign_flip,1320,0.17575757575757575,180,0.95
C0,large_norm,1320,0.3553030303030303,180,1.0
C0,low_norm,1320,0.17424242424242425,180,0.0
C0,no_attack,1500,0.18,0,
C0,sparse_coordinate_attack,1320,0.1696969696969697,180,1.0
C1,directional_poisoning,1320,0.0,180,0.75
C1,full_sign_flip,1320,0.0,180,0.7222222222222222
C1,large_norm,1320,0.0,180,0.25
C1,low_norm,1320,0.0,180,0.0
C1,no_attack,1500,0.0,0,
C1,sparse_coordinate_attack,1320,0.0,180,1.0
C2,directional_poisoning,1320,0.175,180,0.95
C2,full_sign_flip,1320,0.17575757575757575,180,0.95
C2,large_norm,1320,0.3553030303030303,180,1.0
C2,low_norm,1320,0.17424242424242425,180,0.0
C2,no_attack,1500,0.18,0,
C2,sparse_coordinate_attack,1320,0.1696969696969697,180,1.0
C3,directional_poisoning,1320,0.1643939393939394,180,0.75
C3,full_sign_flip,1320,0.1643939393939394,180,0.7222222222222222
C3,large_norm,1320,0.15833333333333333,180,1.0
C3,low_norm,1320,0.15681818181818183,180,0.0
C3,no_attack,1500,0.17,0,
C3,sparse_coordinate_attack,1320,0.15833333333333333,180,1.0
C4,directional_poisoning,1320,0.175,180,0.95
C4,full_sign_flip,1320,0.17575757575757575,180,0.95
C4,large_norm,1320,0.3090909090909091,180,1.0
C4,low_norm,1320,0.17424242424242425,180,0.0
C4,no_attack,1500,0.18,0,
C4,sparse_coordinate_attack,1320,0.1696969696969697,180,1.0
C5,directional_poisoning,1320,0.0,180,0.23333333333333334
C5,full_sign_flip,1320,0.0,180,0.23333333333333334
C5,large_norm,1320,0.0,180,0.0
C5,low_norm,1320,0.0,180,0.0
C5,no_attack,1500,0.0,0,
C5,sparse_coordinate_attack,1320,0.0,180,1.0
C6,directional_poisoning,1320,0.1643939393939394,180,0.6222222222222222
C6,full_sign_flip,1320,0.1643939393939394,180,0.6222222222222222
C6,large_norm,1320,0.15833333333333333,180,1.0
C6,low_norm,1320,0.15681818181818183,180,0.0
C6,no_attack,1500,0.17,0,
C6,sparse_coordinate_attack,1320,0.15833333333333333,180,1.0
