candidate,partition,n_honest,honest_fpr,n_malicious_active,malicious_tpr,regime
C0,dirichlet_a0.1,2025,0.1402469135802469,225,0.7733333333333333,A_condition_specific_oracle
C0,dirichlet_a0.5,2025,0.10271604938271604,225,0.7733333333333333,A_condition_specific_oracle
C0,dirichlet_a1.0,2025,0.09135802469135802,225,0.7733333333333333,A_condition_specific_oracle
C0,iid,2025,0.48345679012345677,225,0.8,A_condition_specific_oracle
C1,dirichlet_a0.1,2025,0.0,225,0.48,A_condition_specific_oracle
C1,dirichlet_a0.5,2025,0.0,225,0.4711111111111111,A_condition_specific_oracle
C1,dirichlet_a1.0,2025,0.0,225,0.4266666666666667,A_condition_specific_oracle
C1,iid,2025,0.0,225,0.8,A_condition_specific_oracle
C2,dirichlet_a0.1,2025,0.1402469135802469,225,0.7733333333333333,A_condition_specific_oracle
C2,dirichlet_a0.5,2025,0.10271604938271604,225,0.7733333333333333,A_condition_specific_oracle
C2,dirichlet_a1.0,2025,0.09135802469135802,225,0.7733333333333333,A_condition_specific_oracle
C2,iid,2025,0.48345679012345677,225,0.8,A_condition_specific_oracle
C3,dirichlet_a0.1,2025,0.03259259259259259,225,0.68,A_condition_specific_oracle
C3,dirichlet_a0.5,2025,0.0637037037037037,225,0.6711111111111111,A_condition_specific_oracle
C3,dirichlet_a1.0,2025,0.0691358024691358,225,0.6266666666666667,A_condition_specific_oracle
C3,iid,2025,0.48345679012345677,225,0.8,A_condition_specific_oracle
C4,dirichlet_a0.1,2025,0.11506172839506174,225,0.7733333333333333,A_condition_specific_oracle
C4,dirichlet_a0.5,2025,0.09777777777777778,225,0.7733333333333333,A_condition_specific_oracle
C4,dirichlet_a1.0,2025,0.09135802469135802,225,0.7733333333333333,A_condition_specific_oracle
C4,iid,2025,0.48345679012345677,225,0.8,A_condition_specific_oracle
C5,dirichlet_a0.1,2025,0.0,225,0.2,A_condition_specific_oracle
C5,dirichlet_a0.5,2025,0.0,225,0.2,A_condition_specific_oracle
C5,dirichlet_a1.0,2025,0.0,225,0.2,A_condition_specific_oracle
C5,iid,2025,0.0,225,0.5733333333333334,A_condition_specific_oracle
C6,dirichlet_a0.1,2025,0.03259259259259259,225,0.6755555555555556,A_condition_specific_oracle
C6,dirichlet_a0.5,2025,0.0637037037037037,225,0.6666666666666666,A_condition_specific_oracle
C6,dirichlet_a1.0,2025,0.0691358024691358,225,0.4533333333333333,A_condition_specific_oracle
C6,iid,2025,0.48345679012345677,225,0.8,A_condition_specific_oracle
C0,dirichlet_a0.1,2025,1.0,225,0.9377777777777778,B_iid_transfer_frozen
C0,dirichlet_a0.5,2025,1.0,225,1.0,B_iid_transfer_frozen
C0,dirichlet_a1.0,2025,1.0,225,0.96,B_iid_transfer_frozen
C1,dirichlet_a0.1,2025,0.9595061728395061,225,0.8,B_iid_transfer_frozen
C1,dirichlet_a0.5,2025,0.8701234567901235,225,0.8266666666666667,B_iid_transfer_frozen
C1,dirichlet_a1.0,2025,0.8335802469135802,225,0.8,B_iid_transfer_frozen
C2,dirichlet_a0.1,2025,1.0,225,0.9377777777777778,B_iid_transfer_frozen
C2,dirichlet_a0.5,2025,1.0,225,1.0,B_iid_transfer_frozen
C2,dirichlet_a1.0,2025,1.0,225,0.96,B_iid_transfer_frozen
C3,dirichlet_a0.1,2025,1.0,225,0.8,B_iid_transfer_frozen
C3,dirichlet_a0.5,2025,1.0,225,0.8266666666666667,B_iid_transfer_frozen
C3,dirichlet_a1.0,2025,1.0,225,0.8,B_iid_transfer_frozen
