candidate,seed,n_honest,honest_fpr,n_malicious_active,malicious_tpr
C0,42,2700,0.14851851851851852,300,0.78
C0,43,2700,0.22037037037037038,300,0.78
C0,44,2700,0.24444444444444444,300,0.78
C1,42,2700,0.0,300,0.5066666666666667
C1,43,2700,0.0,300,0.53
C1,44,2700,0.0,300,0.5966666666666667
C2,42,2700,0.14851851851851852,300,0.78
C2,43,2700,0.22037037037037038,300,0.78
C2,44,2700,0.24444444444444444,300,0.78
C3,42,2700,0.11925925925925926,300,0.6566666666666666
C3,43,2700,0.17666666666666667,300,0.68
C3,44,2700,0.19074074074074074,300,0.7466666666666667
C4,42,2700,0.14444444444444443,300,0.78
C4,43,2700,0.2111111111111111,300,0.78
C4,44,2700,0.2351851851851852,300,0.78
C5,42,2700,0.0,300,0.28
C5,43,2700,0.0,300,0.3
C5,44,2700,0.0,300,0.3
C6,42,2700,0.11925925925925926,300,0.6466666666666666
C6,43,2700,0.17666666666666667,300,0.6133333333333333
C6,44,2700,0.19074074074074074,300,0.6866666666666666
