candidate,n_honest,honest_fpr,n_malicious_active,malicious_tpr,variant
C0,8100,0.20444444444444446,900,0.78,static
C1,8100,0.0,900,0.5444444444444444,static
C2,8100,0.20444444444444446,900,0.78,static
C2,8100,0.05506172839506173,900,0.78,drift_aware_norm_gate
C3,8100,0.1622222222222222,900,0.6944444444444444,static
C3,8100,0.013703703703703704,900,0.6344444444444445,drift_aware_norm_gate
C4,8100,0.19691358024691358,900,0.78,static
C4,8100,0.0482716049382716,900,0.78,drift_aware_norm_gate
C5,8100,0.0,900,0.29333333333333333,static
C6,8100,0.1622222222222222,900,0.6488888888888888,static
C6,8100,0.013703703703703704,900,0.5666666666666667,drift_aware_norm_gate
