partition,seed,round,accuracy,loss,runtime_s
iid,42,0,0.05863510072231293,2.1941816806793213,2.3187335949623957
iid,42,1,0.16894151270389557,2.191494941711426,1.9967471740674227
iid,42,2,0.1717270165681839,2.1898891925811768,2.015648202970624
iid,42,3,0.1717270165681839,2.187999963760376,1.9411571960663423
iid,42,4,0.1717270165681839,2.186929702758789,1.881620742031373
iid,42,5,0.1717270165681839,2.1849782466888428,1.8758112210780382
iid,42,6,0.1717270165681839,2.184744358062744,1.9524512100033462
iid,42,7,0.1717270165681839,2.182478189468384,1.9160005770390853
iid,42,8,0.1717270165681839,2.179530382156372,1.9291995899984613
iid,42,9,0.1715877503156662,2.177825450897217,1.9920836540404707
iid,42,10,0.1715877503156662,2.1749422550201416,2.1577852109912783
iid,42,11,0.16922006011009216,2.1714534759521484,2.0292926330585033
iid,42,12,0.17089137434959412,2.16668963432312,1.7954121249495074
iid,42,13,0.17005571722984314,2.1612820625305176,1.7702510230010375
iid,42,14,0.16963788866996765,2.153963565826416,1.7937633079709485
iid,42,15,0.20376044511795044,2.144559144973755,1.7530012209899724
iid,42,16,0.29610028862953186,2.134751796722412,1.766267976956442
iid,42,17,0.35264626145362854,2.1212947368621826,1.7819453219417483
iid,42,18,0.36058497428894043,2.1021697521209717,1.8959213900379837
iid,42,19,0.3618384599685669,2.0781540870666504,1.8521808279911056
iid,42,20,0.41991645097732544,2.044288396835327,1.6789544360945001
iid,42,21,0.41935935616493225,1.9961326122283936,1.6500432440079749
iid,42,22,0.41643455624580383,1.9451110363006592,1.718201153096743
iid,42,23,0.4215877652168274,1.8694535493850708,1.7172284310217947
iid,42,24,0.44986072182655334,1.8029918670654297,1.6307580199791119
iid,43,0,0.08245125412940979,2.1845052242279053,1.610298560000956
iid,43,1,0.08356545865535736,2.1812171936035156,1.6305099760647863
iid,43,2,0.08523677289485931,2.180725336074829,1.596490978030488
iid,43,3,0.10403899848461151,2.1770617961883545,1.5940781220560893
iid,43,4,0.13969360291957855,2.1736884117126465,1.5970045910216868
iid,43,5,0.16935934126377106,2.168200969696045,1.5983129690866917
iid,43,6,0.1824512630701065,2.161252498626709,1.6016457340447232
iid,43,7,0.25919219851493835,2.1534223556518555,1.5964432860491797
iid,43,8,0.3658774495124817,2.1385035514831543,1.5764343519695103
iid,43,9,0.3353760540485382,2.114699602127075,1.6006130200112239
iid,43,10,0.33788302540779114,2.0837182998657227,1.5879313489422202
iid,43,11,0.3054317533969879,2.035907506942749,1.7942747860215604
iid,43,12,0.30431756377220154,1.9671443700790405,1.8341224389150739
iid,43,13,0.3239554464817047,1.8802639245986938,1.5631322340341285
iid,43,14,0.3098886013031006,1.805435299873352,1.7633233480155468
iid,43,15,0.3245125412940979,1.7320142984390259,1.8256788300350308
iid,43,16,0.3701950013637543,1.7182592153549194,1.8108778928872198
iid,43,17,0.40849584341049194,1.662859559059143,1.8112982300808653
iid,43,18,0.4402506947517395,1.6474416255950928,1.8526460280409083
iid,43,19,0.43495821952819824,1.6405329704284668,1.793029580032453
iid,43,20,0.4359331727027893,1.6014947891235352,1.7695910350885242
iid,43,21,0.44233983755111694,1.5763893127441406,1.7923856480047107
iid,43,22,0.4285515546798706,1.5635929107666016,1.8832265440141782
iid,43,23,0.44930362701416016,1.5573961734771729,1.8290932159870863
iid,43,24,0.43454039096832275,1.5441615581512451,1.7821477269753814
iid,44,0,0.08245125412940979,2.1868767738342285,1.8073443139437586
iid,44,1,0.08245125412940979,2.186386823654175,1.829630482941866
iid,44,2,0.08259052783250809,2.187103033065796,1.8132570729358122
iid,44,3,0.08356545865535736,2.1809494495391846,1.7597400379600003
iid,44,4,0.10515320301055908,2.175762891769409,1.7701930729672313
iid,44,5,0.09387186914682388,2.1721177101135254,1.7792185998987406
iid,44,6,0.11030641198158264,2.1661322116851807,1.622519067954272
iid,44,7,0.10974930971860886,2.1611151695251465,1.7143565819133073
iid,44,8,0.12451253831386566,2.1513326168060303,1.6592839519726112
iid,44,9,0.31504178047180176,2.1381373405456543,1.5968755680369213
iid,44,10,0.30793872475624084,2.120882749557495,1.5454095589229837
iid,44,11,0.3087743818759918,2.1017701625823975,1.627429201034829
iid,44,12,0.3161559998989105,2.0677175521850586,1.5680901110172272
iid,44,13,0.31100279092788696,2.016042947769165,1.6077230430673808
iid,44,14,0.30779945850372314,1.9483051300048828,1.6944422139786184
iid,44,15,0.31922006607055664,1.8681448698043823,1.7946405890397727
iid,44,16,0.3164345622062683,1.7907074689865112,1.9081082970369607
iid,44,17,0.3252089321613312,1.7445590496063232,1.8773537400411442
iid,44,18,0.4129526615142822,1.7146559953689575,1.8079058779403567
iid,44,19,0.41601672768592834,1.6776013374328613,1.8481141340453178
iid,44,20,0.4431754946708679,1.6540076732635498,1.8669402420055121
iid,44,21,0.43844011425971985,1.6373555660247803,1.8781825120095164
iid,44,22,0.4550139307975769,1.5987495183944702,1.8999053229345009
iid,44,23,0.4593314826488495,1.579527497291565,1.8920607060426846
iid,44,24,0.44233983755111694,1.567460060119629,1.8653896590694785
dirichlet_a1.0,42,0,0.061699166893959045,2.197483539581299,1.9286531129619107
dirichlet_a1.0,42,1,0.16587744653224945,2.2009403705596924,1.8001650270307437
dirichlet_a1.0,42,2,0.17075209319591522,2.213287591934204,1.8928864259505644
dirichlet_a1.0,42,3,0.17075209319591522,2.211850166320801,1.7950217440957204
dirichlet_a1.0,42,4,0.1713092029094696,2.2246901988983154,1.7665758030489087
dirichlet_a1.0,42,5,0.1714484691619873,2.2286503314971924,1.7562735329847783
dirichlet_a1.0,42,6,0.16643454134464264,2.2232680320739746,1.81235095707234
dirichlet_a1.0,42,7,0.1604456901550293,2.218689441680908,1.8036366309970617
dirichlet_a1.0,42,8,0.12395543605089188,2.2273013591766357,1.8463067800039425
dirichlet_a1.0,42,9,0.1717270165681839,2.2144923210144043,1.8265452230116352
dirichlet_a1.0,42,10,0.17075209319591522,2.2004122734069824,1.8403303410159424
dirichlet_a1.0,42,11,0.10167130827903748,2.2257819175720215,1.8402732099639252
dirichlet_a1.0,42,12,0.163788303732872,2.2092831134796143,1.7775959999999031
dirichlet_a1.0,42,13,0.1717270165681839,2.196455240249634,1.8542769979685545
dirichlet_a1.0,42,14,0.16225627064704895,2.1716489791870117,1.8263290720060468
dirichlet_a1.0,42,15,0.1721448451280594,2.1559839248657227,1.7638510910328478
dirichlet_a1.0,42,16,0.1721448451280594,2.1365280151367188,1.7412714050151408
dirichlet_a1.0,42,17,0.3547353744506836,2.107016086578369,1.773977707955055
dirichlet_a1.0,42,18,0.4137883186340332,2.0333454608917236,1.7492789860116318
dirichlet_a1.0,42,19,0.44275766611099243,1.9450262784957886,1.755012893001549
dirichlet_a1.0,42,20,0.45668524503707886,1.8838250637054443,1.818417713046074
dirichlet_a1.0,42,21,0.4522284269332886,1.8529020547866821,1.7699992640409619
dirichlet_a1.0,42,22,0.4371866285800934,1.8633544445037842,1.7978598920162767
dirichlet_a1.0,42,23,0.40807801485061646,1.6836239099502563,1.7993949650553986
dirichlet_a1.0,42,24,0.43495821952819824,1.7203712463378906,1.758146814070642
dirichlet_a1.0,43,0,0.08245125412940979,2.184168577194214,1.7330058279912919
dirichlet_a1.0,43,1,0.1717270165681839,2.2074766159057617,1.7462340639904141
dirichlet_a1.0,43,2,0.1717270165681839,2.21549916267395,1.727234409074299
dirichlet_a1.0,43,3,0.1717270165681839,2.2226431369781494,1.8180636810138822
dirichlet_a1.0,43,4,0.1717270165681839,2.2160980701446533,1.737294743070379
dirichlet_a1.0,43,5,0.1717270165681839,2.2160186767578125,1.7329172330209985
dirichlet_a1.0,43,6,0.1717270165681839,2.1777241230010986,1.7731990379979834
dirichlet_a1.0,43,7,0.1717270165681839,2.1797966957092285,1.7116547949844971
dirichlet_a1.0,43,8,0.1717270165681839,2.167541742324829,1.7787106630858034
dirichlet_a1.0,43,9,0.1717270165681839,2.1427743434906006,1.7091225889744237
dirichlet_a1.0,43,10,0.2430362105369568,2.0386557579040527,1.7172930330270901
dirichlet_a1.0,43,11,0.1717270165681839,2.026691198348999,1.7299000909551978
dirichlet_a1.0,43,12,0.33384400606155396,1.8865000009536743,1.7153667149832472
dirichlet_a1.0,43,13,0.3700557053089142,1.7826378345489502,1.7435146450297907
dirichlet_a1.0,43,14,0.3871866464614868,1.7338554859161377,1.718679843004793
dirichlet_a1.0,43,15,0.4480501413345337,1.682777762413025,1.7351107370341197
dirichlet_a1.0,43,16,0.4555710554122925,1.6507902145385742,1.733399135991931
dirichlet_a1.0,43,17,0.44122564792633057,1.6761008501052856,1.6917849100427702
dirichlet_a1.0,43,18,0.44568246603012085,1.6495375633239746,1.8273609669413418
dirichlet_a1.0,43,19,0.47130921483039856,1.5809880495071411,1.7894160440191627
dirichlet_a1.0,43,20,0.47534820437431335,1.5476549863815308,1.835351094021462
dirichlet_a1.0,43,21,0.4802228510379791,1.5414235591888428,1.7711764520499855
dirichlet_a1.0,43,22,0.48384401202201843,1.533517837524414,1.7932220270158723
dirichlet_a1.0,43,23,0.47548747062683105,1.5355874300003052,1.7431708349613473
dirichlet_a1.0,43,24,0.4774373471736908,1.5180082321166992,1.7123030590591952
dirichlet_a1.0,44,0,0.08259052783250809,2.1892902851104736,1.7357398960739374
dirichlet_a1.0,44,1,0.0859331488609314,2.1864631175994873,1.7276332039618865
dirichlet_a1.0,44,2,0.08342618495225906,2.1800923347473145,1.7274705530144274
dirichlet_a1.0,44,3,0.24498607218265533,2.1705985069274902,1.7219015079317614
dirichlet_a1.0,44,4,0.18760445713996887,2.164822578430176,1.7244162699207664
dirichlet_a1.0,44,5,0.22855153679847717,2.1585326194763184,1.7237917160382494
dirichlet_a1.0,44,6,0.2657381594181061,2.1586360931396484,1.71844870201312
dirichlet_a1.0,44,7,0.2456824630498886,2.1495254039764404,1.7275132200447842
dirichlet_a1.0,44,8,0.33050140738487244,2.135188579559326,1.7463808960746974
dirichlet_a1.0,44,9,0.29610028862953186,2.124701499938965,1.7487776329508051
dirichlet_a1.0,44,10,0.26657381653785706,2.1003172397613525,1.7342660429421812
dirichlet_a1.0,44,11,0.2686629593372345,2.051783800125122,1.7657830270472914
dirichlet_a1.0,44,12,0.2876044511795044,1.9926880598068237,1.7890951710287482
dirichlet_a1.0,44,13,0.29693594574928284,1.9415515661239624,1.6974265499738976
dirichlet_a1.0,44,14,0.3803621232509613,1.8747644424438477,1.7028090039966628
dirichlet_a1.0,44,15,0.36782729625701904,1.79295015335083,1.7208715330343693
dirichlet_a1.0,44,16,0.42298051714897156,1.7472013235092163,1.7609783379593864
dirichlet_a1.0,44,17,0.4066852331161499,1.7181178331375122,1.7073455669451505
dirichlet_a1.0,44,18,0.4323119819164276,1.6936672925949097,1.713993806974031
dirichlet_a1.0,44,19,0.4367688000202179,1.662859559059143,1.7135755480267107
dirichlet_a1.0,44,20,0.4505571126937866,1.6585276126861572,1.7215663769748062
dirichlet_a1.0,44,21,0.4697771668434143,1.629683256149292,1.7283612969331443
dirichlet_a1.0,44,22,0.4728412330150604,1.599393606185913,1.7211235869908705
dirichlet_a1.0,44,23,0.40821728110313416,1.5998166799545288,1.744711926090531
dirichlet_a1.0,44,24,0.4480501413345337,1.6245949268341064,1.7357534959446639
dirichlet_a0.5,42,0,0.0597493052482605,2.2147834300994873,1.7459937239764258
dirichlet_a0.5,42,1,0.12757660448551178,2.2141737937927246,1.7506560729816556
dirichlet_a0.5,42,2,0.08245125412940979,2.2487683296203613,1.733203359064646
dirichlet_a0.5,42,3,0.08704735338687897,2.240828275680542,1.7321786250686273
dirichlet_a0.5,42,4,0.08245125412940979,2.255366086959839,1.7311302580637857
dirichlet_a0.5,42,5,0.08245125412940979,2.2332255840301514,1.7578008179552853
dirichlet_a0.5,42,6,0.08245125412940979,2.2559995651245117,1.746042673010379
dirichlet_a0.5,42,7,0.26295265555381775,2.2319514751434326,1.7369143839459866
dirichlet_a0.5,42,8,0.08245125412940979,2.2687430381774902,1.728803250938654
dirichlet_a0.5,42,9,0.08300835639238358,2.2682273387908936,1.7377606630325317
dirichlet_a0.5,42,10,0.08245125412940979,2.222794771194458,1.7355753110023215
dirichlet_a0.5,42,11,0.08286908268928528,2.2031619548797607,1.744939966010861
dirichlet_a0.5,42,12,0.08314763754606247,2.1952505111694336,1.7366177840158343
dirichlet_a0.5,42,13,0.08426184207201004,2.2044196128845215,1.7348847970133647
dirichlet_a0.5,42,14,0.08426184207201004,2.2144439220428467,1.7359568279935047
dirichlet_a0.5,42,15,0.25905293226242065,2.116502285003662,1.7479009530507028
dirichlet_a0.5,42,16,0.2693593502044678,2.0731747150421143,1.796748518012464
dirichlet_a0.5,42,17,0.27855154871940613,2.0526273250579834,1.771281837951392
dirichlet_a0.5,42,18,0.2767409682273865,1.9107307195663452,1.783329110010527
dirichlet_a0.5,42,19,0.27047353982925415,1.874037265777588,1.743816260015592
dirichlet_a0.5,42,20,0.30083566904067993,1.804580569267273,1.7789574509952217
dirichlet_a0.5,42,21,0.29275766015052795,1.8049873113632202,1.8185433369362727
dirichlet_a0.5,42,22,0.2834261953830719,1.7710309028625488,1.7547583850100636
dirichlet_a0.5,42,23,0.2725626826286316,1.7250791788101196,1.7313105770153925
dirichlet_a0.5,42,24,0.3139275908470154,1.7197420597076416,1.747365596005693
dirichlet_a0.5,43,0,0.08245125412940979,2.204177141189575,1.7727822690503672
dirichlet_a0.5,43,1,0.08245125412940979,2.2597715854644775,1.7888891330221668
dirichlet_a0.5,43,2,0.08245125412940979,2.2796638011932373,1.7516523600788787
dirichlet_a0.5,43,3,0.08245125412940979,2.29191517829895,1.7788857099367306
dirichlet_a0.5,43,4,0.08161560446023941,2.2958266735076904,1.7480776350712404
dirichlet_a0.5,43,5,0.08245125412940979,2.3011653423309326,1.7377798169618472
dirichlet_a0.5,43,6,0.08245125412940979,2.3061270713806152,1.7278303920757025
dirichlet_a0.5,43,7,0.08245125412940979,2.271524667739868,1.7276799250394106
dirichlet_a0.5,43,8,0.08231198042631149,2.2727627754211426,1.765682435943745
dirichlet_a0.5,43,9,0.06295264512300491,2.2787487506866455,1.7397540430538356
dirichlet_a0.5,43,10,0.08245125412940979,2.22825026512146,1.7587975580245256
dirichlet_a0.5,43,11,0.11295264959335327,2.142810821533203,1.7715606509009376
dirichlet_a0.5,43,12,0.27395543456077576,2.078016519546509,1.7494497919688001
dirichlet_a0.5,43,13,0.28593316674232483,1.9826061725616455,1.8233371939277276
dirichlet_a0.5,43,14,0.2724234163761139,1.9571093320846558,1.8029188249493018
dirichlet_a0.5,43,15,0.2789693772792816,1.8277596235275269,1.7659095249837264
dirichlet_a0.5,43,16,0.3022284209728241,1.79929518699646,1.771593227982521
dirichlet_a0.5,43,17,0.28844010829925537,1.8124052286148071,1.7795121630188078
dirichlet_a0.5,43,18,0.31086352467536926,1.7356914281845093,1.8431166280061007
dirichlet_a0.5,43,19,0.31086352467536926,1.7103255987167358,1.8447393639944494
dirichlet_a0.5,43,20,0.3175487518310547,1.7046403884887695,1.7826281449524686
dirichlet_a0.5,43,21,0.3243732750415802,1.6949267387390137,1.7875863969093189
dirichlet_a0.5,43,22,0.3806406855583191,1.685712218284607,1.8790917969308794
dirichlet_a0.5,43,23,0.3772980570793152,1.674760103225708,1.8099414319731295
dirichlet_a0.5,43,24,0.40473538637161255,1.6188864707946777,1.8084108569892123
dirichlet_a0.5,44,0,0.08245125412940979,2.182875871658325,1.8239557729102671
dirichlet_a0.5,44,1,0.16922006011009216,2.1451704502105713,1.8060581920435652
dirichlet_a0.5,44,2,0.21490250527858734,2.1302239894866943,1.800656915991567
dirichlet_a0.5,44,3,0.17075209319591522,2.127255916595459,1.7832741430029273
dirichlet_a0.5,44,4,0.31880223751068115,2.117955207824707,1.874069256009534
dirichlet_a0.5,44,5,0.2502785623073578,2.117356061935425,1.9221186259528622
dirichlet_a0.5,44,6,0.29986074566841125,2.1106724739074707,1.8338444579858333
dirichlet_a0.5,44,7,0.25919219851493835,2.1062190532684326,1.8210071979556233
dirichlet_a0.5,44,8,0.27493035793304443,2.098310708999634,1.8384892690228298
dirichlet_a0.5,44,9,0.20445683598518372,2.0802769660949707,1.8457712479867041
dirichlet_a0.5,44,10,0.34930363297462463,2.0779037475585938,1.880233800970018
dirichlet_a0.5,44,11,0.32242339849472046,2.057481288909912,1.8812481299974024
dirichlet_a0.5,44,12,0.3502785563468933,2.0425782203674316,1.8929647419136018
dirichlet_a0.5,44,13,0.32325905561447144,2.0035648345947266,1.8526876759715378
dirichlet_a0.5,44,14,0.4104456901550293,1.9526286125183105,1.8933408228913322
dirichlet_a0.5,44,15,0.31922006607055664,1.8823933601379395,1.908349503064528
dirichlet_a0.5,44,16,0.4466573894023895,1.8525499105453491,1.9047915280098096
dirichlet_a0.5,44,17,0.4218662977218628,1.8120787143707275,1.902442949009128
dirichlet_a0.5,44,18,0.45612815022468567,1.7189770936965942,1.9483471990097314
dirichlet_a0.5,44,19,0.45278552174568176,1.6746891736984253,1.8708668489707634
dirichlet_a0.5,44,20,0.4392757713794708,1.6533769369125366,1.8570757260313258
dirichlet_a0.5,44,21,0.47896936535835266,1.6068062782287598,1.8425358820240945
dirichlet_a0.5,44,22,0.48690807819366455,1.5875372886657715,1.806706944014877
dirichlet_a0.5,44,23,0.4928969442844391,1.5825096368789673,1.7570625640219077
dirichlet_a0.5,44,24,0.5,1.560916781425476,1.845570232020691
dirichlet_a0.1,42,0,0.1863509863615036,2.2198638916015625,1.7793209629599005
dirichlet_a0.1,42,1,0.1863509863615036,2.294719934463501,1.8106932420050725
dirichlet_a0.1,42,2,0.1863509863615036,2.3215508460998535,1.7640794470207766
dirichlet_a0.1,42,3,0.1863509863615036,2.3026657104492188,1.856991067994386
dirichlet_a0.1,42,4,0.1863509863615036,2.29295015335083,1.8408201850252226
dirichlet_a0.1,42,5,0.1863509863615036,2.3058996200561523,1.871672332054004
dirichlet_a0.1,42,6,0.1863509863615036,2.2927064895629883,1.938447218039073
dirichlet_a0.1,42,7,0.1863509863615036,2.3135883808135986,1.9133455739356577
dirichlet_a0.1,42,8,0.1863509863615036,2.2989180088043213,1.8365339239826426
dirichlet_a0.1,42,9,0.1863509863615036,2.290013551712036,1.7495802170597017
dirichlet_a0.1,42,10,0.18830083310604095,2.2996716499328613,1.704060903051868
dirichlet_a0.1,42,11,0.1863509863615036,2.2738277912139893,1.7250727659557015
dirichlet_a0.1,42,12,0.18844011425971985,2.279794931411743,1.7316733229672536
dirichlet_a0.1,42,13,0.20445683598518372,2.243015766143799,1.7353553539142013
dirichlet_a0.1,42,14,0.19665738940238953,2.2324836254119873,1.7136468979297206
dirichlet_a0.1,42,15,0.1942896991968155,2.207829713821411,1.7159706839593127
dirichlet_a0.1,42,16,0.22451254725456238,2.1898810863494873,1.7360646160086617
dirichlet_a0.1,42,17,0.2242339849472046,2.158057928085327,1.7230082369642332
dirichlet_a0.1,42,18,0.22576601803302765,2.136441946029663,1.71814648702275
dirichlet_a0.1,42,19,0.22534818947315216,2.0892066955566406,1.7237153399037197
dirichlet_a0.1,42,20,0.22855153679847717,2.0562832355499268,1.7293406339595094
dirichlet_a0.1,42,21,0.23314763605594635,2.0101654529571533,1.7352625580970198
dirichlet_a0.1,42,22,0.23342618346214294,1.9716459512710571,1.7504500299692154
dirichlet_a0.1,42,23,0.23272980749607086,1.9319207668304443,1.7286552019650117
dirichlet_a0.1,42,24,0.24052925407886505,1.9229696989059448,1.7100611620116979
dirichlet_a0.1,43,0,0.05863510072231293,2.256964921951294,1.7276968869846314
dirichlet_a0.1,43,1,0.05863510072231293,2.372824192047119,1.7184616980375722
dirichlet_a0.1,43,2,0.05863510072231293,2.3920538425445557,1.719759754021652
dirichlet_a0.1,43,3,0.05863510072231293,2.3970530033111572,1.7120120089966804
dirichlet_a0.1,43,4,0.05863510072231293,2.4056169986724854,1.7206043279729784
dirichlet_a0.1,43,5,0.05863510072231293,2.343003511428833,1.7295516750309616
dirichlet_a0.1,43,6,0.05863510072231293,2.398334503173828,1.7262582950061187
dirichlet_a0.1,43,7,0.05863510072231293,2.3944380283355713,1.7206890820525587
dirichlet_a0.1,43,8,0.05863510072231293,2.354318618774414,1.7454840970458463
dirichlet_a0.1,43,9,0.05863510072231293,2.3441872596740723,1.7271465400699526
dirichlet_a0.1,43,10,0.05863510072231293,2.356916904449463,1.7192629229975864
dirichlet_a0.1,43,11,0.05863510072231293,2.306800127029419,1.7407565909670666
dirichlet_a0.1,43,12,0.05863510072231293,2.28591251373291,1.7210915609030053
dirichlet_a0.1,43,13,0.05863510072231293,2.290189266204834,1.7343094720272347
dirichlet_a0.1,43,14,0.2270195037126541,2.157562732696533,1.7230882979929447
dirichlet_a0.1,43,15,0.24038997292518616,2.1336214542388916,1.7414463410386816
dirichlet_a0.1,43,16,0.24192200601100922,2.052018642425537,1.7384096489986405
dirichlet_a0.1,43,17,0.2423398345708847,2.0388121604919434,1.731503056944348
dirichlet_a0.1,43,18,0.23676881194114685,2.0553154945373535,1.7287175859091803
dirichlet_a0.1,43,19,0.2427576631307602,1.9414136409759521,1.7370489919558167
dirichlet_a0.1,43,20,0.24345403909683228,1.8680897951126099,1.7360178210074082
dirichlet_a0.1,43,21,0.2427576631307602,1.8861379623413086,1.7169223059900105
dirichlet_a0.1,43,22,0.2428969442844391,1.8572227954864502,1.7217152640223503
dirichlet_a0.1,43,23,0.24442897737026215,1.8474316596984863,1.8169627269962803
dirichlet_a0.1,43,24,0.24373260140419006,1.8568058013916016,1.7394378539174795
dirichlet_a0.1,44,0,0.10320334881544113,2.256141424179077,1.7341182589298114
dirichlet_a0.1,44,1,0.10320334881544113,2.3661515712738037,1.7367754000006244
dirichlet_a0.1,44,2,0.10320334881544113,2.4024298191070557,1.7744765289826319
dirichlet_a0.1,44,3,0.10320334881544113,2.3613991737365723,1.732114383019507
dirichlet_a0.1,44,4,0.10320334881544113,2.4266650676727295,1.7383777969516814
dirichlet_a0.1,44,5,0.10320334881544113,2.3776512145996094,1.743881321977824
dirichlet_a0.1,44,6,0.10320334881544113,2.3696823120117188,1.7348012960283086
dirichlet_a0.1,44,7,0.10320334881544113,2.371828317642212,1.7505598539719358
dirichlet_a0.1,44,8,0.10320334881544113,2.3703408241271973,1.7368444039020687
dirichlet_a0.1,44,9,0.10320334881544113,2.3917930126190186,1.7450398959917948
dirichlet_a0.1,44,10,0.10320334881544113,2.375030040740967,1.746732898056507
dirichlet_a0.1,44,11,0.10320334881544113,2.3607938289642334,1.7427469250978902
dirichlet_a0.1,44,12,0.10320334881544113,2.347175359725952,1.7401024809805676
dirichlet_a0.1,44,13,0.10320334881544113,2.321417808532715,1.747039002017118
dirichlet_a0.1,44,14,0.10320334881544113,2.360893487930298,1.7570499209687114
dirichlet_a0.1,44,15,0.10320334881544113,2.3070943355560303,1.7474244850454852
dirichlet_a0.1,44,16,0.10320334881544113,2.268805980682373,1.7500272470060736
dirichlet_a0.1,44,17,0.10320334881544113,2.302168130874634,1.7452596250222996
dirichlet_a0.1,44,18,0.10320334881544113,2.2561540603637695,1.737984725041315
dirichlet_a0.1,44,19,0.10320334881544113,2.276949644088745,1.744180093985051
dirichlet_a0.1,44,20,0.10334262251853943,2.24708890914917,1.7825269179884344
dirichlet_a0.1,44,21,0.10334262251853943,2.1771085262298584,1.7602863769279793
dirichlet_a0.1,44,22,0.1566852480173111,2.1769723892211914,1.7481004049768671
dirichlet_a0.1,44,23,0.1043175533413887,2.0824241638183594,1.7550350870005786
dirichlet_a0.1,44,24,0.10403899848461151,2.0415141582489014,1.7488008679356426
