run_id,seed,partition,attack,candidate,n_rounds,diverged,runtime_s,final_accuracy,final_loss,honest_fpr,malicious_tpr
c4_drift_aware_no_norm__iid__no_attack__seed42,42,iid,no_attack,c4_drift_aware_no_norm,25,False,54.25541410000005,0.4583565592765808,1.8008345365524292,0.0,
c4_drift_aware_no_cosine__iid__no_attack__seed42,42,iid,no_attack,c4_drift_aware_no_cosine,25,False,53.51925063999806,0.4600278735160827,1.8071473836898804,0.048,
c4_drift_aware_no_sign__iid__no_attack__seed42,42,iid,no_attack,c4_drift_aware_no_sign,25,False,53.55673756900069,0.4600278735160827,1.80706799030304,0.048,
c4_drift_aware_no_norm__iid__large_norm__seed42,42,iid,large_norm,c4_drift_aware_no_norm,25,False,54.07091838499764,0.459749311208725,1.790431022644043,0.0,1.0
c4_drift_aware_no_cosine__iid__large_norm__seed42,42,iid,large_norm,c4_drift_aware_no_cosine,25,False,54.09571534499992,0.4600278735160827,1.790831208229065,0.00909090909090909,1.0
c4_drift_aware_no_sign__iid__large_norm__seed42,42,iid,large_norm,c4_drift_aware_no_sign,25,False,53.13143390500045,0.4600278735160827,1.7907193899154663,0.00909090909090909,1.0
c4_drift_aware_no_norm__iid__directional_poisoning__seed42,42,iid,directional_poisoning,c4_drift_aware_no_norm,25,False,53.79803673000061,0.4594707489013672,1.7913930416107178,0.0,1.0
c4_drift_aware_no_cosine__iid__directional_poisoning__seed42,42,iid,directional_poisoning,c4_drift_aware_no_cosine,25,False,53.54579259499951,0.4601671397686004,1.7937226295471191,0.045454545454545456,1.0
c4_drift_aware_no_sign__iid__directional_poisoning__seed42,42,iid,directional_poisoning,c4_drift_aware_no_sign,25,False,53.251057277000655,0.4603064060211181,1.793803334236145,0.045454545454545456,1.0
c4_drift_aware_no_norm__iid__sparse_coordinate_attack__seed42,42,iid,sparse_coordinate_attack,c4_drift_aware_no_norm,25,False,53.70272924700112,0.4616991877555847,1.7891573905944824,0.0,1.0
c4_drift_aware_no_cosine__iid__sparse_coordinate_attack__seed42,42,iid,sparse_coordinate_attack,c4_drift_aware_no_cosine,25,False,53.74894095799755,0.4573816359043121,1.7897381782531738,0.02727272727272727,1.0
c4_drift_aware_no_sign__iid__sparse_coordinate_attack__seed42,42,iid,sparse_coordinate_attack,c4_drift_aware_no_sign,25,False,54.050806906001526,0.4573816359043121,1.7898926734924316,0.02727272727272727,1.0
c4_drift_aware_no_norm__iid__full_sign_flip__seed42,42,iid,full_sign_flip,c4_drift_aware_no_norm,25,False,52.83771852000064,0.4596100449562073,1.7912700176239014,0.0,1.0
c4_drift_aware_no_cosine__iid__full_sign_flip__seed42,42,iid,full_sign_flip,c4_drift_aware_no_cosine,25,False,53.33467441200264,0.4601671397686004,1.7937413454055786,0.045454545454545456,1.0
c4_drift_aware_no_sign__iid__full_sign_flip__seed42,42,iid,full_sign_flip,c4_drift_aware_no_sign,25,False,52.840481800001726,0.4601671397686004,1.7937418222427368,0.045454545454545456,1.0
c4_drift_aware_no_norm__iid__low_norm__seed42,42,iid,low_norm,c4_drift_aware_no_norm,25,False,53.64062845200169,0.4164345562458038,1.9898080825805664,0.0,0.0
c4_drift_aware_no_cosine__iid__low_norm__seed42,42,iid,low_norm,c4_drift_aware_no_cosine,25,False,53.020501001999946,0.416991651058197,1.9940146207809448,0.01818181818181818,0.0
c4_drift_aware_no_sign__iid__low_norm__seed42,42,iid,low_norm,c4_drift_aware_no_sign,25,False,53.05265174500164,0.416991651058197,1.993720889091492,0.01818181818181818,0.0
c4_drift_aware_no_norm__iid__no_attack__seed43,43,iid,no_attack,c4_drift_aware_no_norm,25,False,53.76042621200031,0.429665744304657,1.5528769493103027,0.0,
c4_drift_aware_no_cosine__iid__no_attack__seed43,43,iid,no_attack,c4_drift_aware_no_cosine,25,False,53.46337190300255,0.4289693832397461,1.5533522367477417,0.016,
c4_drift_aware_no_sign__iid__no_attack__seed43,43,iid,no_attack,c4_drift_aware_no_sign,25,False,52.92120446999979,0.4302228391170501,1.55298113822937,0.016,
c4_drift_aware_no_norm__iid__large_norm__seed43,43,iid,large_norm,c4_drift_aware_no_norm,25,False,52.8796109319992,0.4384401142597198,1.549795150756836,0.0,1.0
c4_drift_aware_no_cosine__iid__large_norm__seed43,43,iid,large_norm,c4_drift_aware_no_cosine,25,False,52.911504419000266,0.4385794103145599,1.5494834184646606,0.00909090909090909,1.0
c4_drift_aware_no_sign__iid__large_norm__seed43,43,iid,large_norm,c4_drift_aware_no_sign,25,False,53.08626658600042,0.4387186765670776,1.5496554374694824,0.00909090909090909,1.0
c4_drift_aware_no_norm__iid__directional_poisoning__seed43,43,iid,directional_poisoning,c4_drift_aware_no_norm,25,False,52.289233982999576,0.4309192299842834,1.5524929761886597,0.0,1.0
c4_drift_aware_no_cosine__iid__directional_poisoning__seed43,43,iid,directional_poisoning,c4_drift_aware_no_cosine,25,False,52.918051719003415,0.4330083727836609,1.5519132614135742,0.01818181818181818,1.0
c4_drift_aware_no_sign__iid__directional_poisoning__seed43,43,iid,directional_poisoning,c4_drift_aware_no_sign,25,False,52.61025363099907,0.4325905442237854,1.55212664604187,0.01818181818181818,1.0
c4_drift_aware_no_norm__iid__sparse_coordinate_attack__seed43,43,iid,sparse_coordinate_attack,c4_drift_aware_no_norm,25,False,53.64529374799895,0.4286908209323883,1.546242594718933,0.0,1.0
c4_drift_aware_no_cosine__iid__sparse_coordinate_attack__seed43,43,iid,sparse_coordinate_attack,c4_drift_aware_no_cosine,25,False,53.79549104699981,0.4267409443855285,1.5469192266464231,0.00909090909090909,1.0
c4_drift_aware_no_sign__iid__sparse_coordinate_attack__seed43,43,iid,sparse_coordinate_attack,c4_drift_aware_no_sign,25,False,53.3193186080025,0.4282729923725128,1.546455979347229,0.00909090909090909,1.0
c4_drift_aware_no_norm__iid__full_sign_flip__seed43,43,iid,full_sign_flip,c4_drift_aware_no_norm,25,False,53.83090786200046,0.4314763247966766,1.5520899295806885,0.0,1.0
c4_drift_aware_no_cosine__iid__full_sign_flip__seed43,43,iid,full_sign_flip,c4_drift_aware_no_cosine,25,False,53.41375771299863,0.4320334494113922,1.5521283149719238,0.00909090909090909,1.0
c4_drift_aware_no_sign__iid__full_sign_flip__seed43,43,iid,full_sign_flip,c4_drift_aware_no_sign,25,False,53.433226671997545,0.4316156208515167,1.552424430847168,0.00909090909090909,1.0
c4_drift_aware_no_norm__iid__low_norm__seed43,43,iid,low_norm,c4_drift_aware_no_norm,25,False,53.59721349699976,0.4410863518714905,1.580641269683838,0.0,0.0
c4_drift_aware_no_cosine__iid__low_norm__seed43,43,iid,low_norm,c4_drift_aware_no_cosine,25,False,53.75933149099728,0.442479133605957,1.5798766613006592,0.00909090909090909,0.0
c4_drift_aware_no_sign__iid__low_norm__seed43,43,iid,low_norm,c4_drift_aware_no_sign,25,False,52.94464329500261,0.4410863518714905,1.5804616212844849,0.00909090909090909,0.0
c4_drift_aware_no_norm__iid__no_attack__seed44,44,iid,no_attack,c4_drift_aware_no_norm,25,False,52.77688960799787,0.4757660329341888,1.5719040632247925,0.0,
c4_drift_aware_no_cosine__iid__no_attack__seed44,44,iid,no_attack,c4_drift_aware_no_cosine,25,False,53.510840371000086,0.4682451486587524,1.599209547042847,0.048,
c4_drift_aware_no_sign__iid__no_attack__seed44,44,iid,no_attack,c4_drift_aware_no_sign,25,False,53.06662196199977,0.4681058526039123,1.5988825559616089,0.048,
c4_drift_aware_no_norm__iid__large_norm__seed44,44,iid,large_norm,c4_drift_aware_no_norm,25,False,53.666241719001846,0.4772980511188507,1.5573370456695557,0.0,1.0
c4_drift_aware_no_cosine__iid__large_norm__seed44,44,iid,large_norm,c4_drift_aware_no_cosine,25,False,52.86647723600254,0.4777158796787262,1.558032512664795,0.03636363636363636,1.0
c4_drift_aware_no_sign__iid__large_norm__seed44,44,iid,large_norm,c4_drift_aware_no_sign,25,False,53.12548460299877,0.4778551757335663,1.5580646991729736,0.03636363636363636,1.0
c4_drift_aware_no_norm__iid__directional_poisoning__seed44,44,iid,directional_poisoning,c4_drift_aware_no_norm,25,False,53.09276775000035,0.4577994644641876,1.5727320909500122,0.0,1.0
c4_drift_aware_no_cosine__iid__directional_poisoning__seed44,44,iid,directional_poisoning,c4_drift_aware_no_cosine,25,False,53.19805057199847,0.440668523311615,1.613550066947937,0.045454545454545456,1.0
c4_drift_aware_no_sign__iid__directional_poisoning__seed44,44,iid,directional_poisoning,c4_drift_aware_no_sign,25,False,52.7699922569991,0.4408078193664551,1.6145392656326294,0.045454545454545456,1.0
c4_drift_aware_no_norm__iid__sparse_coordinate_attack__seed44,44,iid,sparse_coordinate_attack,c4_drift_aware_no_norm,25,False,53.73491962999833,0.4697771668434143,1.608887791633606,0.0,1.0
c4_drift_aware_no_cosine__iid__sparse_coordinate_attack__seed44,44,iid,sparse_coordinate_attack,c4_drift_aware_no_cosine,25,False,53.22712016600053,0.4700557291507721,1.6102946996688845,0.02727272727272727,1.0
c4_drift_aware_no_sign__iid__sparse_coordinate_attack__seed44,44,iid,sparse_coordinate_attack,c4_drift_aware_no_sign,25,False,53.41718504199889,0.4697771668434143,1.6115176677703855,0.02727272727272727,1.0
c4_drift_aware_no_norm__iid__full_sign_flip__seed44,44,iid,full_sign_flip,c4_drift_aware_no_norm,25,False,53.42346785399786,0.4575209021568298,1.5728564262390137,0.0,1.0
c4_drift_aware_no_cosine__iid__full_sign_flip__seed44,44,iid,full_sign_flip,c4_drift_aware_no_cosine,25,False,53.00186038999891,0.440668523311615,1.6139222383499146,0.045454545454545456,1.0
c4_drift_aware_no_sign__iid__full_sign_flip__seed44,44,iid,full_sign_flip,c4_drift_aware_no_sign,25,False,52.16829060099917,0.4409470856189728,1.6126145124435425,0.045454545454545456,1.0
c4_drift_aware_no_norm__iid__low_norm__seed44,44,iid,low_norm,c4_drift_aware_no_norm,25,False,52.98406410100142,0.4428969323635101,1.6329288482666016,0.0,0.0
c4_drift_aware_no_cosine__iid__low_norm__seed44,44,iid,low_norm,c4_drift_aware_no_cosine,25,False,52.67801917000179,0.4428969323635101,1.6338489055633545,0.02727272727272727,0.0
c4_drift_aware_no_sign__iid__low_norm__seed44,44,iid,low_norm,c4_drift_aware_no_sign,25,False,55.086248935000185,0.4431754946708679,1.6339055299758911,0.02727272727272727,0.0
c4_drift_aware_no_norm__dirichlet_a1.0__no_attack__seed42,42,dirichlet_a1.0,no_attack,c4_drift_aware_no_norm,25,False,54.65456361999895,0.4770195186138153,1.6649519205093384,0.0,
c4_drift_aware_no_cosine__dirichlet_a1.0__no_attack__seed42,42,dirichlet_a1.0,no_attack,c4_drift_aware_no_cosine,25,False,53.951359958002286,0.4782730042934418,1.6669591665267944,0.0,
c4_drift_aware_no_sign__dirichlet_a1.0__no_attack__seed42,42,dirichlet_a1.0,no_attack,c4_drift_aware_no_sign,25,False,52.94065060699722,0.4777158796787262,1.6661347150802612,0.0,
c4_drift_aware_no_norm__dirichlet_a1.0__large_norm__seed42,42,dirichlet_a1.0,large_norm,c4_drift_aware_no_norm,25,True,23.23014822199912,0.0883008390665054,480051392.0,0.13636363636363635,0.0
c4_drift_aware_no_cosine__dirichlet_a1.0__large_norm__seed42,42,dirichlet_a1.0,large_norm,c4_drift_aware_no_cosine,25,False,52.890103716999874,0.4955431818962097,1.8229800462722776,0.02727272727272727,1.0
c4_drift_aware_no_sign__dirichlet_a1.0__large_norm__seed42,42,dirichlet_a1.0,large_norm,c4_drift_aware_no_sign,25,False,53.36451339400082,0.4951253533363342,1.8358427286148071,0.0,1.0
c4_drift_aware_no_norm__dirichlet_a1.0__directional_poisoning__seed42,42,dirichlet_a1.0,directional_poisoning,c4_drift_aware_no_norm,25,False,52.9058921270007,0.424234002828598,1.7523103952407837,0.0,0.9333333333333333
c4_drift_aware_no_cosine__dirichlet_a1.0__directional_poisoning__seed42,42,dirichlet_a1.0,directional_poisoning,c4_drift_aware_no_cosine,25,False,53.33377454299989,0.2116991728544235,2.1308043003082275,0.0,0.4
c4_drift_aware_no_sign__dirichlet_a1.0__directional_poisoning__seed42,42,dirichlet_a1.0,directional_poisoning,c4_drift_aware_no_sign,25,False,52.932012245000806,0.4245125353336334,1.7533596754074097,0.0,0.9333333333333333
c4_drift_aware_no_norm__dirichlet_a1.0__sparse_coordinate_attack__seed42,42,dirichlet_a1.0,sparse_coordinate_attack,c4_drift_aware_no_norm,25,False,53.84712266200222,0.4305014014244079,1.8807053565979004,0.0,1.0
c4_drift_aware_no_cosine__dirichlet_a1.0__sparse_coordinate_attack__seed42,42,dirichlet_a1.0,sparse_coordinate_attack,c4_drift_aware_no_cosine,25,False,53.6835927989996,0.4300835728645324,1.882327675819397,0.0,1.0
c4_drift_aware_no_sign__dirichlet_a1.0__sparse_coordinate_attack__seed42,42,dirichlet_a1.0,sparse_coordinate_attack,c4_drift_aware_no_sign,25,False,52.91731140500269,0.4302228391170501,1.881398677825928,0.0,1.0
c4_drift_aware_no_norm__dirichlet_a1.0__full_sign_flip__seed42,42,dirichlet_a1.0,full_sign_flip,c4_drift_aware_no_norm,25,False,52.77373349399932,0.4261838495731354,1.7544658184051514,0.0,0.9333333333333333
c4_drift_aware_no_cosine__dirichlet_a1.0__full_sign_flip__seed42,42,dirichlet_a1.0,full_sign_flip,c4_drift_aware_no_cosine,25,False,53.3881470080014,0.2043175548315048,2.1342227458953857,0.0,0.4
c4_drift_aware_no_sign__dirichlet_a1.0__full_sign_flip__seed42,42,dirichlet_a1.0,full_sign_flip,c4_drift_aware_no_sign,25,False,52.79794646799928,0.4252089262008667,1.7537634372711182,0.0,0.9333333333333333
c4_drift_aware_no_norm__dirichlet_a1.0__low_norm__seed42,42,dirichlet_a1.0,low_norm,c4_drift_aware_no_norm,25,False,52.84497825500148,0.4413649141788482,1.9213461875915527,0.0,0.0
c4_drift_aware_no_cosine__dirichlet_a1.0__low_norm__seed42,42,dirichlet_a1.0,low_norm,c4_drift_aware_no_cosine,25,False,52.655053581002,0.4408078193664551,1.9220235347747805,0.0,0.0
c4_drift_aware_no_sign__dirichlet_a1.0__low_norm__seed42,42,dirichlet_a1.0,low_norm,c4_drift_aware_no_sign,25,False,53.34255108400248,0.4394150674343109,1.9205440282821653,0.0,0.0
c4_drift_aware_no_norm__dirichlet_a1.0__no_attack__seed43,43,dirichlet_a1.0,no_attack,c4_drift_aware_no_norm,25,False,53.36749904899989,0.4888579547405243,1.5143814086914062,0.008,
c4_drift_aware_no_cosine__dirichlet_a1.0__no_attack__seed43,43,dirichlet_a1.0,no_attack,c4_drift_aware_no_cosine,25,False,54.10307824699703,0.4880222976207733,1.516116738319397,0.024,
c4_drift_aware_no_sign__dirichlet_a1.0__no_attack__seed43,43,dirichlet_a1.0,no_attack,c4_drift_aware_no_sign,25,False,53.53596054400259,0.4919220209121704,1.517054796218872,0.04,
c4_drift_aware_no_norm__dirichlet_a1.0__large_norm__seed43,43,dirichlet_a1.0,large_norm,c4_drift_aware_no_norm,25,True,23.603389198000517,0.0725626721978187,22938606.0,0.00909090909090909,0.0
c4_drift_aware_no_cosine__dirichlet_a1.0__large_norm__seed43,43,dirichlet_a1.0,large_norm,c4_drift_aware_no_cosine,25,False,53.49441926099826,0.4413649141788482,1.5336495637893677,0.01818181818181818,1.0
c4_drift_aware_no_sign__dirichlet_a1.0__large_norm__seed43,43,dirichlet_a1.0,large_norm,c4_drift_aware_no_sign,25,False,53.3036749089988,0.4410863518714905,1.5351279973983765,0.02727272727272727,1.0
c4_drift_aware_no_norm__dirichlet_a1.0__directional_poisoning__seed43,43,dirichlet_a1.0,directional_poisoning,c4_drift_aware_no_norm,25,False,53.02435572399918,0.4456824660301208,1.5443711280822754,0.00909090909090909,0.9333333333333333
c4_drift_aware_no_cosine__dirichlet_a1.0__directional_poisoning__seed43,43,dirichlet_a1.0,directional_poisoning,c4_drift_aware_no_cosine,25,False,53.32634726999822,0.3589136600494385,1.6132363080978394,0.00909090909090909,0.6666666666666666
c4_drift_aware_no_sign__dirichlet_a1.0__directional_poisoning__seed43,43,dirichlet_a1.0,directional_poisoning,c4_drift_aware_no_sign,25,False,52.75086394099708,0.447910875082016,1.5412182807922363,0.02727272727272727,0.9333333333333333
c4_drift_aware_no_norm__dirichlet_a1.0__sparse_coordinate_attack__seed43,43,dirichlet_a1.0,sparse_coordinate_attack,c4_drift_aware_no_norm,25,False,54.03867729899866,0.411420613527298,1.5597000122070312,0.00909090909090909,1.0
c4_drift_aware_no_cosine__dirichlet_a1.0__sparse_coordinate_attack__seed43,43,dirichlet_a1.0,sparse_coordinate_attack,c4_drift_aware_no_cosine,25,False,53.27877182600059,0.4089136719703674,1.5601850748062134,0.01818181818181818,1.0
c4_drift_aware_no_sign__dirichlet_a1.0__sparse_coordinate_attack__seed43,43,dirichlet_a1.0,sparse_coordinate_attack,c4_drift_aware_no_sign,25,False,53.69051713399677,0.4083565473556518,1.5629383325576782,0.02727272727272727,1.0
c4_drift_aware_no_norm__dirichlet_a1.0__full_sign_flip__seed43,43,dirichlet_a1.0,full_sign_flip,c4_drift_aware_no_norm,25,False,53.07027708199894,0.4466573894023895,1.541870355606079,0.00909090909090909,0.9333333333333333
c4_drift_aware_no_cosine__dirichlet_a1.0__full_sign_flip__seed43,43,dirichlet_a1.0,full_sign_flip,c4_drift_aware_no_cosine,25,False,53.5668939970019,0.3534818887710571,1.5962775945663452,0.00909090909090909,0.6666666666666666
c4_drift_aware_no_sign__dirichlet_a1.0__full_sign_flip__seed43,43,dirichlet_a1.0,full_sign_flip,c4_drift_aware_no_sign,25,False,52.66881545900105,0.4483287036418915,1.5393304824829102,0.02727272727272727,0.9333333333333333
c4_drift_aware_no_norm__dirichlet_a1.0__low_norm__seed43,43,dirichlet_a1.0,low_norm,c4_drift_aware_no_norm,25,False,53.15921066900046,0.4409470856189728,1.5655559301376345,0.00909090909090909,0.0
c4_drift_aware_no_cosine__dirichlet_a1.0__low_norm__seed43,43,dirichlet_a1.0,low_norm,c4_drift_aware_no_cosine,25,False,53.2897618930001,0.441643476486206,1.5517233610153198,0.01818181818181818,0.0
c4_drift_aware_no_sign__dirichlet_a1.0__low_norm__seed43,43,dirichlet_a1.0,low_norm,c4_drift_aware_no_sign,25,False,52.84119611099959,0.4306406676769256,1.5618022680282593,0.02727272727272727,0.0
c4_drift_aware_no_norm__dirichlet_a1.0__no_attack__seed44,44,dirichlet_a1.0,no_attack,c4_drift_aware_no_norm,25,False,53.36248007899849,0.4314763247966766,1.5734866857528689,0.0,
c4_drift_aware_no_cosine__dirichlet_a1.0__no_attack__seed44,44,dirichlet_a1.0,no_attack,c4_drift_aware_no_cosine,25,False,53.74612452599831,0.4338440299034118,1.5776035785675049,0.008,
c4_drift_aware_no_sign__dirichlet_a1.0__no_attack__seed44,44,dirichlet_a1.0,no_attack,c4_drift_aware_no_sign,25,False,53.05247874700217,0.4328690767288208,1.5768076181411743,0.008,
c4_drift_aware_no_norm__dirichlet_a1.0__large_norm__seed44,44,dirichlet_a1.0,large_norm,c4_drift_aware_no_norm,25,True,23.27875338200101,0.0579387210309505,576739520.0,0.2727272727272727,0.0
c4_drift_aware_no_cosine__dirichlet_a1.0__large_norm__seed44,44,dirichlet_a1.0,large_norm,c4_drift_aware_no_cosine,25,False,53.3100720729999,0.3983286917209625,1.5957870483398438,0.01818181818181818,1.0
c4_drift_aware_no_sign__dirichlet_a1.0__large_norm__seed44,44,dirichlet_a1.0,large_norm,c4_drift_aware_no_sign,25,False,53.52921152399722,0.4048746526241302,1.5866360664367676,0.0,1.0
c4_drift_aware_no_norm__dirichlet_a1.0__directional_poisoning__seed44,44,dirichlet_a1.0,directional_poisoning,c4_drift_aware_no_norm,25,False,52.27541716400083,0.4395543336868286,1.5480304956436155,0.0,0.8666666666666667
c4_drift_aware_no_cosine__dirichlet_a1.0__directional_poisoning__seed44,44,dirichlet_a1.0,directional_poisoning,c4_drift_aware_no_cosine,25,False,53.12478861400086,0.4655989110469818,1.5883642435073853,0.02727272727272727,0.4
c4_drift_aware_no_sign__dirichlet_a1.0__directional_poisoning__seed44,44,dirichlet_a1.0,directional_poisoning,c4_drift_aware_no_sign,25,False,52.736456671998894,0.4395543336868286,1.5472522974014282,0.0,0.8666666666666667
c4_drift_aware_no_norm__dirichlet_a1.0__sparse_coordinate_attack__seed44,44,dirichlet_a1.0,sparse_coordinate_attack,c4_drift_aware_no_norm,25,False,53.06341252800121,0.4206128120422363,1.552498698234558,0.0,1.0
c4_drift_aware_no_cosine__dirichlet_a1.0__sparse_coordinate_attack__seed44,44,dirichlet_a1.0,sparse_coordinate_attack,c4_drift_aware_no_cosine,25,False,53.29364116000215,0.4201949834823608,1.5529125928878784,0.0,1.0
c4_drift_aware_no_sign__dirichlet_a1.0__sparse_coordinate_attack__seed44,44,dirichlet_a1.0,sparse_coordinate_attack,c4_drift_aware_no_sign,25,False,53.00479321799867,0.4201949834823608,1.552743434906006,0.0,1.0
c4_drift_aware_no_norm__dirichlet_a1.0__full_sign_flip__seed44,44,dirichlet_a1.0,full_sign_flip,c4_drift_aware_no_norm,25,False,53.636115113000415,0.4391365051269531,1.5475879907608032,0.0,0.8666666666666667
c4_drift_aware_no_cosine__dirichlet_a1.0__full_sign_flip__seed44,44,dirichlet_a1.0,full_sign_flip,c4_drift_aware_no_cosine,25,False,52.75223466800162,0.4683844149112701,1.5889891386032104,0.02727272727272727,0.4
c4_drift_aware_no_sign__dirichlet_a1.0__full_sign_flip__seed44,44,dirichlet_a1.0,full_sign_flip,c4_drift_aware_no_sign,25,False,53.24907086100211,0.4391365051269531,1.5476770401000977,0.0,0.8666666666666667
c4_drift_aware_no_norm__dirichlet_a1.0__low_norm__seed44,44,dirichlet_a1.0,low_norm,c4_drift_aware_no_norm,25,False,53.52142385900152,0.4575209021568298,1.586566686630249,0.0,0.0
c4_drift_aware_no_cosine__dirichlet_a1.0__low_norm__seed44,44,dirichlet_a1.0,low_norm,c4_drift_aware_no_cosine,25,False,53.24497525300103,0.4577994644641876,1.5866719484329224,0.0,0.0
c4_drift_aware_no_sign__dirichlet_a1.0__low_norm__seed44,44,dirichlet_a1.0,low_norm,c4_drift_aware_no_sign,25,False,52.36876793099873,0.4577994644641876,1.587019920349121,0.0,0.0
c4_drift_aware_no_norm__dirichlet_a0.5__no_attack__seed42,42,dirichlet_a0.5,no_attack,c4_drift_aware_no_norm,25,False,53.97305359299935,0.268245130777359,1.7469894886016846,0.0,
c4_drift_aware_no_cosine__dirichlet_a0.5__no_attack__seed42,42,dirichlet_a0.5,no_attack,c4_drift_aware_no_cosine,25,False,53.68641951799873,0.2715877592563629,1.768543004989624,0.0,
c4_drift_aware_no_sign__dirichlet_a0.5__no_attack__seed42,42,dirichlet_a0.5,no_attack,c4_drift_aware_no_sign,25,False,54.129734452002594,0.2714484632015228,1.7618144750595093,0.0,
c4_drift_aware_no_norm__dirichlet_a0.5__large_norm__seed42,42,dirichlet_a0.5,large_norm,c4_drift_aware_no_norm,25,True,23.253675915999334,0.0628133714199066,106592336.0,0.0,0.0
c4_drift_aware_no_cosine__dirichlet_a0.5__large_norm__seed42,42,dirichlet_a0.5,large_norm,c4_drift_aware_no_cosine,25,False,53.76998260999972,0.3477715849876404,1.7201764583587646,0.045454545454545456,1.0
c4_drift_aware_no_sign__dirichlet_a0.5__large_norm__seed42,42,dirichlet_a0.5,large_norm,c4_drift_aware_no_sign,25,False,52.25193073099945,0.3487465381622314,1.7586432695388794,0.0,1.0
c4_drift_aware_no_norm__dirichlet_a0.5__directional_poisoning__seed42,42,dirichlet_a0.5,directional_poisoning,c4_drift_aware_no_norm,25,False,53.979244185000425,0.3472144901752472,1.8407458066940308,0.0,0.9333333333333333
c4_drift_aware_no_cosine__dirichlet_a0.5__directional_poisoning__seed42,42,dirichlet_a0.5,directional_poisoning,c4_drift_aware_no_cosine,25,False,53.396486475998245,0.1849582195281982,2.204292297363281,0.0,0.3333333333333333
c4_drift_aware_no_sign__dirichlet_a0.5__directional_poisoning__seed42,42,dirichlet_a0.5,directional_poisoning,c4_drift_aware_no_sign,25,False,53.01832581599592,0.3498607277870178,1.8399730920791624,0.0,0.9333333333333333
c4_drift_aware_no_norm__dirichlet_a0.5__sparse_coordinate_attack__seed42,42,dirichlet_a0.5,sparse_coordinate_attack,c4_drift_aware_no_norm,25,False,52.150343796995,0.3561281561851501,1.736730694770813,0.0,1.0
c4_drift_aware_no_cosine__dirichlet_a0.5__sparse_coordinate_attack__seed42,42,dirichlet_a0.5,sparse_coordinate_attack,c4_drift_aware_no_cosine,25,False,53.58063553599641,0.3604456782341003,1.741538166999817,0.0,1.0
c4_drift_aware_no_sign__dirichlet_a0.5__sparse_coordinate_attack__seed42,42,dirichlet_a0.5,sparse_coordinate_attack,c4_drift_aware_no_sign,25,False,53.1841652630028,0.3600278496742248,1.7418169975280762,0.0,1.0
c4_drift_aware_no_norm__dirichlet_a0.5__full_sign_flip__seed42,42,dirichlet_a0.5,full_sign_flip,c4_drift_aware_no_norm,25,False,53.676813985999615,0.3417827486991882,1.870306611061096,0.0,0.9333333333333333
c4_drift_aware_no_cosine__dirichlet_a0.5__full_sign_flip__seed42,42,dirichlet_a0.5,full_sign_flip,c4_drift_aware_no_cosine,25,False,54.29692665499897,0.1710306406021118,2.202826976776123,0.0,0.3333333333333333
c4_drift_aware_no_sign__dirichlet_a0.5__full_sign_flip__seed42,42,dirichlet_a0.5,full_sign_flip,c4_drift_aware_no_sign,25,False,53.57158225199965,0.3434540331363678,1.871810793876648,0.0,0.9333333333333333
c4_drift_aware_no_norm__dirichlet_a0.5__low_norm__seed42,42,dirichlet_a0.5,low_norm,c4_drift_aware_no_norm,25,False,53.98733313699631,0.3224233984947204,1.9507118463516235,0.0,0.0
c4_drift_aware_no_cosine__dirichlet_a0.5__low_norm__seed42,42,dirichlet_a0.5,low_norm,c4_drift_aware_no_cosine,25,False,53.79246426800091,0.1466573923826217,2.1376583576202397,0.01818181818181818,0.0
c4_drift_aware_no_sign__dirichlet_a0.5__low_norm__seed42,42,dirichlet_a0.5,low_norm,c4_drift_aware_no_sign,25,False,52.84676268600015,0.1456824541091919,2.140207290649414,0.01818181818181818,0.0
c4_drift_aware_no_norm__dirichlet_a0.5__no_attack__seed43,43,dirichlet_a0.5,no_attack,c4_drift_aware_no_norm,25,False,53.06503184999747,0.3239554464817047,1.7155625820159912,0.0,
c4_drift_aware_no_cosine__dirichlet_a0.5__no_attack__seed43,43,dirichlet_a0.5,no_attack,c4_drift_aware_no_cosine,25,False,52.9774764160029,0.3303621113300323,1.7125214338302612,0.056,
c4_drift_aware_no_sign__dirichlet_a0.5__no_attack__seed43,43,dirichlet_a0.5,no_attack,c4_drift_aware_no_sign,25,False,53.291523090993,0.3508356511592865,1.6673249006271362,0.056,
c4_drift_aware_no_norm__dirichlet_a0.5__large_norm__seed43,43,dirichlet_a0.5,large_norm,c4_drift_aware_no_norm,25,True,23.31562261000363,0.0824512541294097,170991024.0,0.0,0.0
c4_drift_aware_no_cosine__dirichlet_a0.5__large_norm__seed43,43,dirichlet_a0.5,large_norm,c4_drift_aware_no_cosine,25,False,52.64231917899451,0.3422005772590637,1.749512791633606,0.05454545454545454,1.0
c4_drift_aware_no_sign__dirichlet_a0.5__large_norm__seed43,43,dirichlet_a0.5,large_norm,c4_drift_aware_no_sign,25,False,53.53679674900195,0.3554317653179168,1.740344762802124,0.045454545454545456,1.0
c4_drift_aware_no_norm__dirichlet_a0.5__directional_poisoning__seed43,43,dirichlet_a0.5,directional_poisoning,c4_drift_aware_no_norm,25,False,53.20925100299792,0.3254874646663666,1.7577115297317505,0.0,0.8666666666666667
c4_drift_aware_no_cosine__dirichlet_a0.5__directional_poisoning__seed43,43,dirichlet_a0.5,directional_poisoning,c4_drift_aware_no_cosine,25,False,53.32806005999737,0.3052924871444702,2.1607494354248047,0.03636363636363636,0.0
c4_drift_aware_no_sign__dirichlet_a0.5__directional_poisoning__seed43,43,dirichlet_a0.5,directional_poisoning,c4_drift_aware_no_sign,25,False,53.00809634500183,0.3277158737182617,1.7700772285461426,0.05454545454545454,0.8666666666666667
c4_drift_aware_no_norm__dirichlet_a0.5__sparse_coordinate_attack__seed43,43,dirichlet_a0.5,sparse_coordinate_attack,c4_drift_aware_no_norm,25,False,53.82934752800065,0.3564066886901855,1.7987372875213623,0.0,1.0
c4_drift_aware_no_cosine__dirichlet_a0.5__sparse_coordinate_attack__seed43,43,dirichlet_a0.5,sparse_coordinate_attack,c4_drift_aware_no_cosine,25,False,53.68900175199815,0.3256267607212066,1.7978676557540894,0.045454545454545456,1.0
c4_drift_aware_no_sign__dirichlet_a0.5__sparse_coordinate_attack__seed43,43,dirichlet_a0.5,sparse_coordinate_attack,c4_drift_aware_no_sign,25,False,53.002515464999306,0.3243732750415802,1.7972501516342163,0.045454545454545456,1.0
c4_drift_aware_no_norm__dirichlet_a0.5__full_sign_flip__seed43,43,dirichlet_a0.5,full_sign_flip,c4_drift_aware_no_norm,25,False,53.08564753199608,0.3250696361064911,1.7576631307601929,0.0,0.8666666666666667
c4_drift_aware_no_cosine__dirichlet_a0.5__full_sign_flip__seed43,43,dirichlet_a0.5,full_sign_flip,c4_drift_aware_no_cosine,25,False,53.56685665700206,0.3071030676364898,2.15500283241272,0.03636363636363636,0.0
c4_drift_aware_no_sign__dirichlet_a0.5__full_sign_flip__seed43,43,dirichlet_a0.5,full_sign_flip,c4_drift_aware_no_sign,25,False,53.33976234500005,0.3089136481285095,1.810573935508728,0.05454545454545454,0.8666666666666667
c4_drift_aware_no_norm__dirichlet_a0.5__low_norm__seed43,43,dirichlet_a0.5,low_norm,c4_drift_aware_no_norm,25,False,53.41312967299746,0.2894150614738464,1.833851337432861,0.0,0.0
c4_drift_aware_no_cosine__dirichlet_a0.5__low_norm__seed43,43,dirichlet_a0.5,low_norm,c4_drift_aware_no_cosine,25,False,53.40144199399947,0.2930362224578857,1.974095582962036,0.07272727272727272,0.0
c4_drift_aware_no_sign__dirichlet_a0.5__low_norm__seed43,43,dirichlet_a0.5,low_norm,c4_drift_aware_no_sign,25,False,52.678637871998944,0.292896956205368,1.9757598638534544,0.07272727272727272,0.0
c4_drift_aware_no_norm__dirichlet_a0.5__no_attack__seed44,44,dirichlet_a0.5,no_attack,c4_drift_aware_no_norm,25,False,53.67510143499385,0.4909470975399017,1.5524431467056274,0.0,
c4_drift_aware_no_cosine__dirichlet_a0.5__no_attack__seed44,44,dirichlet_a0.5,no_attack,c4_drift_aware_no_cosine,25,False,53.768046653000056,0.4892757833003998,1.5537185668945312,0.032,
c4_drift_aware_no_sign__dirichlet_a0.5__no_attack__seed44,44,dirichlet_a0.5,no_attack,c4_drift_aware_no_sign,25,False,53.58687530199677,0.4898328781127929,1.553691864013672,0.032,
c4_drift_aware_no_norm__dirichlet_a0.5__large_norm__seed44,44,dirichlet_a0.5,large_norm,c4_drift_aware_no_norm,25,True,23.60998202799965,0.1484679728746414,452740256.0,0.2727272727272727,0.0
c4_drift_aware_no_cosine__dirichlet_a0.5__large_norm__seed44,44,dirichlet_a0.5,large_norm,c4_drift_aware_no_cosine,25,False,53.51133816500078,0.4040389955043793,1.627960205078125,0.14545454545454545,1.0
c4_drift_aware_no_sign__dirichlet_a0.5__large_norm__seed44,44,dirichlet_a0.5,large_norm,c4_drift_aware_no_sign,25,False,52.85262490199966,0.4044568240642547,1.647624135017395,0.00909090909090909,1.0
c4_drift_aware_no_norm__dirichlet_a0.5__directional_poisoning__seed44,44,dirichlet_a0.5,directional_poisoning,c4_drift_aware_no_norm,25,False,53.7904708749993,0.4002785682678222,1.6398478746414185,0.0,0.9333333333333333
c4_drift_aware_no_cosine__dirichlet_a0.5__directional_poisoning__seed44,44,dirichlet_a0.5,directional_poisoning,c4_drift_aware_no_cosine,25,False,52.84645859099692,0.3942897021770477,1.667655348777771,0.03636363636363636,0.5333333333333333
c4_drift_aware_no_sign__dirichlet_a0.5__directional_poisoning__seed44,44,dirichlet_a0.5,directional_poisoning,c4_drift_aware_no_sign,25,False,53.40764050899452,0.3990250825881958,1.6389098167419434,0.02727272727272727,0.9333333333333333
c4_drift_aware_no_norm__dirichlet_a0.5__sparse_coordinate_attack__seed44,44,dirichlet_a0.5,sparse_coordinate_attack,c4_drift_aware_no_norm,25,False,53.29528711400053,0.4071030616760254,1.6363682746887207,0.0,1.0
c4_drift_aware_no_cosine__dirichlet_a0.5__sparse_coordinate_attack__seed44,44,dirichlet_a0.5,sparse_coordinate_attack,c4_drift_aware_no_cosine,25,False,53.85521157999756,0.4080780148506164,1.6307876110076904,0.01818181818181818,1.0
c4_drift_aware_no_sign__dirichlet_a0.5__sparse_coordinate_attack__seed44,44,dirichlet_a0.5,sparse_coordinate_attack,c4_drift_aware_no_sign,25,False,53.68214024099871,0.4069637954235077,1.631429672241211,0.01818181818181818,1.0
c4_drift_aware_no_norm__dirichlet_a0.5__full_sign_flip__seed44,44,dirichlet_a0.5,full_sign_flip,c4_drift_aware_no_norm,25,False,53.78296420999686,0.4008356630802154,1.638999581336975,0.0,0.9333333333333333
c4_drift_aware_no_cosine__dirichlet_a0.5__full_sign_flip__seed44,44,dirichlet_a0.5,full_sign_flip,c4_drift_aware_no_cosine,25,False,54.12107051899511,0.3969359397888183,1.6664230823516846,0.03636363636363636,0.5333333333333333
c4_drift_aware_no_sign__dirichlet_a0.5__full_sign_flip__seed44,44,dirichlet_a0.5,full_sign_flip,c4_drift_aware_no_sign,25,False,54.13032205399941,0.3988858163356781,1.6401554346084597,0.02727272727272727,0.9333333333333333
c4_drift_aware_no_norm__dirichlet_a0.5__low_norm__seed44,44,dirichlet_a0.5,low_norm,c4_drift_aware_no_norm,25,False,54.12656901599985,0.4015320539474487,1.672338843345642,0.0,0.0
c4_drift_aware_no_cosine__dirichlet_a0.5__low_norm__seed44,44,dirichlet_a0.5,low_norm,c4_drift_aware_no_cosine,25,False,53.85316412400425,0.4016713201999664,1.674501657485962,0.05454545454545454,0.0
c4_drift_aware_no_sign__dirichlet_a0.5__low_norm__seed44,44,dirichlet_a0.5,low_norm,c4_drift_aware_no_sign,25,False,52.92738227200607,0.4019498825073242,1.673837661743164,0.05454545454545454,0.0
c4_drift_aware_no_norm__dirichlet_a0.1__no_attack__seed42,42,dirichlet_a0.1,no_attack,c4_drift_aware_no_norm,25,False,52.55869076499948,0.236490249633789,1.9045565128326416,0.0,
c4_drift_aware_no_cosine__dirichlet_a0.1__no_attack__seed42,42,dirichlet_a0.1,no_attack,c4_drift_aware_no_cosine,25,False,53.877283195994096,0.3277158737182617,1.858879327774048,0.064,
c4_drift_aware_no_sign__dirichlet_a0.1__no_attack__seed42,42,dirichlet_a0.1,no_attack,c4_drift_aware_no_sign,25,False,53.18327659700299,0.2352367788553238,1.9071052074432373,0.0,
c4_drift_aware_no_norm__dirichlet_a0.1__large_norm__seed42,42,dirichlet_a0.1,large_norm,c4_drift_aware_no_norm,25,True,23.77654498800257,0.0586351007223129,456753856.0,0.13636363636363635,0.0
c4_drift_aware_no_cosine__dirichlet_a0.1__large_norm__seed42,42,dirichlet_a0.1,large_norm,c4_drift_aware_no_cosine,25,False,53.44904042399867,0.2653203308582306,2.012659072875977,0.09090909090909091,1.0
c4_drift_aware_no_sign__dirichlet_a0.1__large_norm__seed42,42,dirichlet_a0.1,large_norm,c4_drift_aware_no_sign,25,False,52.96813658499741,0.2984679639339447,2.0298445224761963,0.00909090909090909,1.0
c4_drift_aware_no_norm__dirichlet_a0.1__directional_poisoning__seed42,42,dirichlet_a0.1,directional_poisoning,c4_drift_aware_no_norm,25,False,52.56345700700331,0.1878830194473266,2.1280031204223637,0.0,0.7333333333333333
c4_drift_aware_no_cosine__dirichlet_a0.1__directional_poisoning__seed42,42,dirichlet_a0.1,directional_poisoning,c4_drift_aware_no_cosine,25,False,53.01272444099595,0.1387186646461486,2.524540662765503,0.00909090909090909,0.7333333333333333
c4_drift_aware_no_sign__dirichlet_a0.1__directional_poisoning__seed42,42,dirichlet_a0.1,directional_poisoning,c4_drift_aware_no_sign,25,False,53.05675607299781,0.1033426225185394,2.4117932319641118,0.00909090909090909,0.9333333333333333
c4_drift_aware_no_norm__dirichlet_a0.1__sparse_coordinate_attack__seed42,42,dirichlet_a0.1,sparse_coordinate_attack,c4_drift_aware_no_norm,25,False,52.97981794399675,0.2519498765468597,1.97858202457428,0.0,1.0
c4_drift_aware_no_cosine__dirichlet_a0.1__sparse_coordinate_attack__seed42,42,dirichlet_a0.1,sparse_coordinate_attack,c4_drift_aware_no_cosine,25,False,53.392023938999046,0.3133704960346222,2.0012686252593994,0.00909090909090909,1.0
c4_drift_aware_no_sign__dirichlet_a0.1__sparse_coordinate_attack__seed42,42,dirichlet_a0.1,sparse_coordinate_attack,c4_drift_aware_no_sign,25,False,52.71309081999789,0.1717270165681839,2.3538618087768555,0.01818181818181818,1.0
c4_drift_aware_no_norm__dirichlet_a0.1__full_sign_flip__seed42,42,dirichlet_a0.1,full_sign_flip,c4_drift_aware_no_norm,25,False,53.81164871100191,0.3270195126533508,2.0793941020965576,0.0,0.8
c4_drift_aware_no_cosine__dirichlet_a0.1__full_sign_flip__seed42,42,dirichlet_a0.1,full_sign_flip,c4_drift_aware_no_cosine,25,False,53.68574616099795,0.1566852480173111,2.515526056289673,0.00909090909090909,0.7333333333333333
c4_drift_aware_no_sign__dirichlet_a0.1__full_sign_flip__seed42,42,dirichlet_a0.1,full_sign_flip,c4_drift_aware_no_sign,25,False,52.72734686399781,0.1033426225185394,2.408850908279419,0.00909090909090909,0.9333333333333333
c4_drift_aware_no_norm__dirichlet_a0.1__low_norm__seed42,42,dirichlet_a0.1,low_norm,c4_drift_aware_no_norm,25,False,53.05025574599858,0.2867688238620758,2.1142208576202397,0.0,0.0
c4_drift_aware_no_cosine__dirichlet_a0.1__low_norm__seed42,42,dirichlet_a0.1,low_norm,c4_drift_aware_no_cosine,25,False,52.60188799799653,0.1490250676870346,2.135184526443481,0.00909090909090909,0.0
c4_drift_aware_no_sign__dirichlet_a0.1__low_norm__seed42,42,dirichlet_a0.1,low_norm,c4_drift_aware_no_sign,25,False,52.68982955699903,0.1189415082335472,2.1479506492614746,0.00909090909090909,0.0
c4_drift_aware_no_norm__dirichlet_a0.1__no_attack__seed43,43,dirichlet_a0.1,no_attack,c4_drift_aware_no_norm,25,False,52.91841953500261,0.27548748254776,1.7876384258270264,0.024,
c4_drift_aware_no_cosine__dirichlet_a0.1__no_attack__seed43,43,dirichlet_a0.1,no_attack,c4_drift_aware_no_cosine,25,False,53.75654775899602,0.2603064179420471,1.809102177619934,0.0,
c4_drift_aware_no_sign__dirichlet_a0.1__no_attack__seed43,43,dirichlet_a0.1,no_attack,c4_drift_aware_no_sign,25,False,53.17871363300219,0.2692200541496277,1.797291278839111,0.032,
c4_drift_aware_no_norm__dirichlet_a0.1__large_norm__seed43,43,dirichlet_a0.1,large_norm,c4_drift_aware_no_norm,25,True,24.00424014499731,0.1441504210233688,389170752.0,0.16363636363636364,0.0
c4_drift_aware_no_cosine__dirichlet_a0.1__large_norm__seed43,43,dirichlet_a0.1,large_norm,c4_drift_aware_no_cosine,25,False,52.69969023500016,0.2505570948123932,2.306896686553955,0.07272727272727272,1.0
c4_drift_aware_no_sign__dirichlet_a0.1__large_norm__seed43,43,dirichlet_a0.1,large_norm,c4_drift_aware_no_sign,25,False,52.89183358100127,0.2554317712783813,2.258516550064087,0.03636363636363636,1.0
c4_drift_aware_no_norm__dirichlet_a0.1__directional_poisoning__seed43,43,dirichlet_a0.1,directional_poisoning,c4_drift_aware_no_norm,25,False,53.4108825680014,0.2841225564479828,2.185186624526977,0.02727272727272727,0.9333333333333333
c4_drift_aware_no_cosine__dirichlet_a0.1__directional_poisoning__seed43,43,dirichlet_a0.1,directional_poisoning,c4_drift_aware_no_cosine,25,False,53.307835815001454,0.0586351007223129,11.737030029296877,0.03636363636363636,0.0
c4_drift_aware_no_sign__dirichlet_a0.1__directional_poisoning__seed43,43,dirichlet_a0.1,directional_poisoning,c4_drift_aware_no_sign,25,False,53.27782998600014,0.2277158796787262,2.391934633255005,0.03636363636363636,0.9333333333333333
c4_drift_aware_no_norm__dirichlet_a0.1__sparse_coordinate_attack__seed43,43,dirichlet_a0.1,sparse_coordinate_attack,c4_drift_aware_no_norm,25,False,53.64296124899556,0.2473537623882293,2.354776620864868,0.02727272727272727,1.0
c4_drift_aware_no_cosine__dirichlet_a0.1__sparse_coordinate_attack__seed43,43,dirichlet_a0.1,sparse_coordinate_attack,c4_drift_aware_no_cosine,25,False,53.696563494006114,0.2388579398393631,2.3776869773864746,0.0,1.0
c4_drift_aware_no_sign__dirichlet_a0.1__sparse_coordinate_attack__seed43,43,dirichlet_a0.1,sparse_coordinate_attack,c4_drift_aware_no_sign,25,False,53.34457950500655,0.2417827397584915,2.376638650894165,0.03636363636363636,1.0
c4_drift_aware_no_norm__dirichlet_a0.1__full_sign_flip__seed43,43,dirichlet_a0.1,full_sign_flip,c4_drift_aware_no_norm,25,False,53.65149359399948,0.2640668451786041,2.2284045219421387,0.02727272727272727,0.9333333333333333
c4_drift_aware_no_cosine__dirichlet_a0.1__full_sign_flip__seed43,43,dirichlet_a0.1,full_sign_flip,c4_drift_aware_no_cosine,25,False,53.47661111200432,0.0586351007223129,11.23054027557373,0.03636363636363636,0.0
c4_drift_aware_no_sign__dirichlet_a0.1__full_sign_flip__seed43,43,dirichlet_a0.1,full_sign_flip,c4_drift_aware_no_sign,25,False,53.3020240170008,0.2725626826286316,2.203453779220581,0.03636363636363636,0.9333333333333333
c4_drift_aware_no_norm__dirichlet_a0.1__low_norm__seed43,43,dirichlet_a0.1,low_norm,c4_drift_aware_no_norm,25,False,53.78073509400565,0.2454039007425308,2.300511121749878,0.02727272727272727,0.0
c4_drift_aware_no_cosine__dirichlet_a0.1__low_norm__seed43,43,dirichlet_a0.1,low_norm,c4_drift_aware_no_cosine,25,False,53.05350869299582,0.2293871939182281,2.382237434387207,0.0,0.0
c4_drift_aware_no_sign__dirichlet_a0.1__low_norm__seed43,43,dirichlet_a0.1,low_norm,c4_drift_aware_no_sign,25,False,53.14105047599878,0.2477715909481048,2.286688327789306,0.045454545454545456,0.0
c4_drift_aware_no_norm__dirichlet_a0.1__no_attack__seed44,44,dirichlet_a0.1,no_attack,c4_drift_aware_no_norm,25,False,52.859840695004095,0.1580779999494552,2.036068916320801,0.072,
c4_drift_aware_no_cosine__dirichlet_a0.1__no_attack__seed44,44,dirichlet_a0.1,no_attack,c4_drift_aware_no_cosine,25,False,53.04915760100266,0.1402506977319717,2.042228937149048,0.184,
c4_drift_aware_no_sign__dirichlet_a0.1__no_attack__seed44,44,dirichlet_a0.1,no_attack,c4_drift_aware_no_sign,25,False,53.33401095199952,0.1278551518917083,3.2219831943511963,0.24,
c4_drift_aware_no_norm__dirichlet_a0.1__large_norm__seed44,44,dirichlet_a0.1,large_norm,c4_drift_aware_no_norm,25,True,23.354074855000363,0.0883008390665054,6691480576.0,0.4727272727272727,0.0
c4_drift_aware_no_cosine__dirichlet_a0.1__large_norm__seed44,44,dirichlet_a0.1,large_norm,c4_drift_aware_no_cosine,25,False,53.50696413499827,0.3619777262210846,1.775883436203003,0.2727272727272727,1.0
c4_drift_aware_no_sign__dirichlet_a0.1__large_norm__seed44,44,dirichlet_a0.1,large_norm,c4_drift_aware_no_sign,25,False,52.75252574500337,0.3508356511592865,1.88871169090271,0.13636363636363635,1.0
c4_drift_aware_no_norm__dirichlet_a0.1__directional_poisoning__seed44,44,dirichlet_a0.1,directional_poisoning,c4_drift_aware_no_norm,25,False,53.33309633000317,0.287325918674469,2.247422218322754,0.06363636363636363,0.4
c4_drift_aware_no_cosine__dirichlet_a0.1__directional_poisoning__seed44,44,dirichlet_a0.1,directional_poisoning,c4_drift_aware_no_cosine,25,False,53.56301556799736,0.3050139248371124,2.1243460178375244,0.12727272727272726,0.4666666666666667
c4_drift_aware_no_sign__dirichlet_a0.1__directional_poisoning__seed44,44,dirichlet_a0.1,directional_poisoning,c4_drift_aware_no_sign,25,False,53.36634636300005,0.3423398435115814,2.216245412826538,0.15454545454545454,0.4666666666666667
c4_drift_aware_no_norm__dirichlet_a0.1__sparse_coordinate_attack__seed44,44,dirichlet_a0.1,sparse_coordinate_attack,c4_drift_aware_no_norm,25,False,53.44839296099963,0.2813370525836944,1.936997890472412,0.06363636363636363,1.0
c4_drift_aware_no_cosine__dirichlet_a0.1__sparse_coordinate_attack__seed44,44,dirichlet_a0.1,sparse_coordinate_attack,c4_drift_aware_no_cosine,25,False,53.2737181689954,0.2391365021467209,1.978084206581116,0.1,1.0
c4_drift_aware_no_sign__dirichlet_a0.1__sparse_coordinate_attack__seed44,44,dirichlet_a0.1,sparse_coordinate_attack,c4_drift_aware_no_sign,25,False,53.15965475900157,0.3392757773399353,1.906631350517273,0.11818181818181818,1.0
c4_drift_aware_no_norm__dirichlet_a0.1__full_sign_flip__seed44,44,dirichlet_a0.1,full_sign_flip,c4_drift_aware_no_norm,25,False,53.66548069699638,0.2901114225387573,2.2464747428894043,0.06363636363636363,0.4
c4_drift_aware_no_cosine__dirichlet_a0.1__full_sign_flip__seed44,44,dirichlet_a0.1,full_sign_flip,c4_drift_aware_no_cosine,25,False,53.438022385002114,0.3314763307571411,2.097985029220581,0.12727272727272726,0.4666666666666667
c4_drift_aware_no_sign__dirichlet_a0.1__full_sign_flip__seed44,44,dirichlet_a0.1,full_sign_flip,c4_drift_aware_no_sign,25,False,52.91396168700157,0.2988857924938202,2.280334711074829,0.16363636363636364,0.4666666666666667
c4_drift_aware_no_norm__dirichlet_a0.1__low_norm__seed44,44,dirichlet_a0.1,low_norm,c4_drift_aware_no_norm,25,False,53.15751240299869,0.2628133893013,1.987670302391052,0.07272727272727272,0.06666666666666667
c4_drift_aware_no_cosine__dirichlet_a0.1__low_norm__seed44,44,dirichlet_a0.1,low_norm,c4_drift_aware_no_cosine,25,False,53.806972585996846,0.1714484691619873,2.121809482574463,0.14545454545454545,0.0
c4_drift_aware_no_sign__dirichlet_a0.1__low_norm__seed44,44,dirichlet_a0.1,low_norm,c4_drift_aware_no_sign,25,False,52.75774057200033,0.1760445684194564,2.096909999847412,0.16363636363636364,0.0
