round,accuracy,loss,runtime_s,n_malicious,tp,fp,tn,fn,partition,seed,attack,defense,calibration_regime,threshold_used
0,0.1863509863615036,2.2198634147644043,1.7622659279732034,0,,,,,dirichlet_a0.1,42,full_sign_flip,fedavg,not_applicable,
1,0.1863509863615036,2.2945826053619385,1.7410186789929867,0,,,,,dirichlet_a0.1,42,full_sign_flip,fedavg,not_applicable,
2,0.1863509863615036,2.3219282627105713,1.7420429460471496,0,,,,,dirichlet_a0.1,42,full_sign_flip,fedavg,not_applicable,
3,0.1863509863615036,2.3028621673583984,1.7259033439913765,0,,,,,dirichlet_a0.1,42,full_sign_flip,fedavg,not_applicable,
4,0.1863509863615036,2.292409896850586,1.723754695034586,0,,,,,dirichlet_a0.1,42,full_sign_flip,fedavg,not_applicable,
5,0.1863509863615036,2.3044984340667725,1.7244383419165388,0,,,,,dirichlet_a0.1,42,full_sign_flip,fedavg,not_applicable,
6,0.1863509863615036,2.2928078174591064,1.7246883909683675,0,,,,,dirichlet_a0.1,42,full_sign_flip,fedavg,not_applicable,
7,0.1863509863615036,2.313728094100952,1.7247319320449606,0,,,,,dirichlet_a0.1,42,full_sign_flip,fedavg,not_applicable,
8,0.1863509863615036,2.2972328662872314,1.7217242830665782,0,,,,,dirichlet_a0.1,42,full_sign_flip,fedavg,not_applicable,
9,0.1863509863615036,2.2877213954925537,1.7206726339645684,0,,,,,dirichlet_a0.1,42,full_sign_flip,fedavg,not_applicable,
10,0.10320334881544113,2.3915038108825684,1.7448054789565504,1,,,,,dirichlet_a0.1,42,full_sign_flip,fedavg,not_applicable,
11,0.10320334881544113,2.5889551639556885,1.7307633529417217,1,,,,,dirichlet_a0.1,42,full_sign_flip,fedavg,not_applicable,
12,0.10306406766176224,2.674712657928467,1.724233443965204,1,,,,,dirichlet_a0.1,42,full_sign_flip,fedavg,not_applicable,
13,0.10320334881544113,2.745702028274536,1.7144509690115228,1,,,,,dirichlet_a0.1,42,full_sign_flip,fedavg,not_applicable,
14,0.10250696539878845,2.7759814262390137,1.7330089819151908,1,,,,,dirichlet_a0.1,42,full_sign_flip,fedavg,not_applicable,
15,0.10320334881544113,2.8360068798065186,1.7392800280358642,1,,,,,dirichlet_a0.1,42,full_sign_flip,fedavg,not_applicable,
16,0.10320334881544113,2.866154909133911,1.7289169270079583,1,,,,,dirichlet_a0.1,42,full_sign_flip,fedavg,not_applicable,
17,0.10320334881544113,2.84177565574646,1.7286290499614552,1,,,,,dirichlet_a0.1,42,full_sign_flip,fedavg,not_applicable,
18,0.10320334881544113,2.8481357097625732,1.7312618540599942,1,,,,,dirichlet_a0.1,42,full_sign_flip,fedavg,not_applicable,
19,0.10320334881544113,2.871466875076294,1.7253000520868227,1,,,,,dirichlet_a0.1,42,full_sign_flip,fedavg,not_applicable,
20,0.10320334881544113,2.9706270694732666,1.7250224999152124,1,,,,,dirichlet_a0.1,42,full_sign_flip,fedavg,not_applicable,
21,0.10320334881544113,2.8506557941436768,1.7365835120435804,1,,,,,dirichlet_a0.1,42,full_sign_flip,fedavg,not_applicable,
22,0.10320334881544113,2.8947930335998535,1.7306572149973363,1,,,,,dirichlet_a0.1,42,full_sign_flip,fedavg,not_applicable,
23,0.10320334881544113,2.986731767654419,1.7418255370575935,1,,,,,dirichlet_a0.1,42,full_sign_flip,fedavg,not_applicable,
24,0.10320334881544113,2.9565978050231934,1.7252091560512781,1,,,,,dirichlet_a0.1,42,full_sign_flip,fedavg,not_applicable,
0,0.1717270165681839,2.237306594848633,1.7274103530216962,0,0,4,1,0,dirichlet_a0.1,42,full_sign_flip,norm,A_condition_specific_oracle,0.5474922293693814
1,0.1717270165681839,2.8679418563842773,1.721522205043584,0,0,4,1,0,dirichlet_a0.1,42,full_sign_flip,norm,A_condition_specific_oracle,0.5474922293693814
2,0.08245125412940979,2.892788887023926,1.6991939019644633,0,0,3,2,0,dirichlet_a0.1,42,full_sign_flip,norm,A_condition_specific_oracle,0.5474922293693814
3,0.1863509863615036,3.184718370437622,1.7153208249947056,0,0,2,3,0,dirichlet_a0.1,42,full_sign_flip,norm,A_condition_specific_oracle,0.5474922293693814
4,0.1863509863615036,3.3134939670562744,1.7051437370246276,0,0,2,3,0,dirichlet_a0.1,42,full_sign_flip,norm,A_condition_specific_oracle,0.5474922293693814
5,0.1863509863615036,3.374734401702881,1.7150861090049148,0,0,2,3,0,dirichlet_a0.1,42,full_sign_flip,norm,A_condition_specific_oracle,0.5474922293693814
6,0.1863509863615036,3.309636116027832,1.7514415819896385,0,0,2,3,0,dirichlet_a0.1,42,full_sign_flip,norm,A_condition_specific_oracle,0.5474922293693814
7,0.1863509863615036,3.368568181991577,1.744533768040128,0,0,2,3,0,dirichlet_a0.1,42,full_sign_flip,norm,A_condition_specific_oracle,0.5474922293693814
8,0.1863509863615036,3.344820022583008,1.7676138109527528,0,0,2,3,0,dirichlet_a0.1,42,full_sign_flip,norm,A_condition_specific_oracle,0.5474922293693814
9,0.1863509863615036,3.4182376861572266,1.7430843269685283,0,0,2,3,0,dirichlet_a0.1,42,full_sign_flip,norm,A_condition_specific_oracle,0.5474922293693814
10,0.08245125412940979,3.3310952186584473,1.7173767000203952,1,0,2,2,1,dirichlet_a0.1,42,full_sign_flip,norm,A_condition_specific_oracle,0.5474922293693814
11,0.08245125412940979,3.6520798206329346,1.7052865929435939,1,0,2,2,1,dirichlet_a0.1,42,full_sign_flip,norm,A_condition_specific_oracle,0.5474922293693814
12,0.08245125412940979,3.127943277359009,1.700207242043689,1,1,2,2,0,dirichlet_a0.1,42,full_sign_flip,norm,A_condition_specific_oracle,0.5474922293693814
13,0.08245125412940979,3.450929880142212,1.7011406879173592,1,0,2,2,1,dirichlet_a0.1,42,full_sign_flip,norm,A_condition_specific_oracle,0.5474922293693814
14,0.26657381653785706,2.8581955432891846,1.719073032028973,1,1,2,2,0,dirichlet_a0.1,42,full_sign_flip,norm,A_condition_specific_oracle,0.5474922293693814
15,0.08300835639238358,3.057791233062744,1.7607708940049633,1,0,2,2,1,dirichlet_a0.1,42,full_sign_flip,norm,A_condition_specific_oracle,0.5474922293693814
16,0.21727019548416138,2.9288735389709473,1.7166191650321707,1,1,2,2,0,dirichlet_a0.1,42,full_sign_flip,norm,A_condition_specific_oracle,0.5474922293693814
17,0.2685236930847168,2.6689207553863525,1.7058267130050808,1,1,2,2,0,dirichlet_a0.1,42,full_sign_flip,norm,A_condition_specific_oracle,0.5474922293693814
18,0.25487464666366577,3.1044013500213623,1.72009615204297,1,0,2,2,1,dirichlet_a0.1,42,full_sign_flip,norm,A_condition_specific_oracle,0.5474922293693814
19,0.2688022255897522,2.621246814727783,1.726221872959286,1,1,2,2,0,dirichlet_a0.1,42,full_sign_flip,norm,A_condition_specific_oracle,0.5474922293693814
20,0.2676880359649658,2.6965959072113037,1.7216892880387604,1,1,2,2,0,dirichlet_a0.1,42,full_sign_flip,norm,A_condition_specific_oracle,0.5474922293693814
21,0.24317549169063568,3.0873427391052246,1.737149292952381,1,0,2,2,1,dirichlet_a0.1,42,full_sign_flip,norm,A_condition_specific_oracle,0.5474922293693814
22,0.2676880359649658,2.670628547668457,1.7307755019282922,1,1,2,2,0,dirichlet_a0.1,42,full_sign_flip,norm,A_condition_specific_oracle,0.5474922293693814
23,0.2643454074859619,2.8898653984069824,1.732182192034088,1,1,2,2,0,dirichlet_a0.1,42,full_sign_flip,norm,A_condition_specific_oracle,0.5474922293693814
24,0.26685237884521484,2.7828290462493896,1.7394881130894646,1,1,2,2,0,dirichlet_a0.1,42,full_sign_flip,norm,A_condition_specific_oracle,0.5474922293693814
0,0.05863510072231293,2.1997618675231934,1.68482024804689,0,0,5,0,0,dirichlet_a0.1,42,full_sign_flip,norm,B_iid_transfer_frozen,0.06531378699645635
1,0.05863510072231293,2.1997618675231934,1.6880599720170721,0,0,5,0,0,dirichlet_a0.1,42,full_sign_flip,norm,B_iid_transfer_frozen,0.06531378699645635
2,0.05863510072231293,2.1997618675231934,1.72478674701415,0,0,5,0,0,dirichlet_a0.1,42,full_sign_flip,norm,B_iid_transfer_frozen,0.06531378699645635
3,0.05863510072231293,2.1997618675231934,1.7536297000478953,0,0,5,0,0,dirichlet_a0.1,42,full_sign_flip,norm,B_iid_transfer_frozen,0.06531378699645635
4,0.05863510072231293,2.1997618675231934,1.7143575469963253,0,0,5,0,0,dirichlet_a0.1,42,full_sign_flip,norm,B_iid_transfer_frozen,0.06531378699645635
5,0.05863510072231293,2.1997618675231934,1.7049097480485216,0,0,5,0,0,dirichlet_a0.1,42,full_sign_flip,norm,B_iid_transfer_frozen,0.06531378699645635
6,0.05863510072231293,2.1997618675231934,1.727921150973998,0,0,5,0,0,dirichlet_a0.1,42,full_sign_flip,norm,B_iid_transfer_frozen,0.06531378699645635
7,0.05863510072231293,2.1997618675231934,1.7285418320680037,0,0,5,0,0,dirichlet_a0.1,42,full_sign_flip,norm,B_iid_transfer_frozen,0.06531378699645635
8,0.05863510072231293,2.1997618675231934,1.6912053899141029,0,0,5,0,0,dirichlet_a0.1,42,full_sign_flip,norm,B_iid_transfer_frozen,0.06531378699645635
9,0.05863510072231293,2.1997618675231934,1.7013874270487577,0,0,5,0,0,dirichlet_a0.1,42,full_sign_flip,norm,B_iid_transfer_frozen,0.06531378699645635
10,0.05863510072231293,2.1997618675231934,1.6858696769922972,1,1,4,0,0,dirichlet_a0.1,42,full_sign_flip,norm,B_iid_transfer_frozen,0.06531378699645635
11,0.05863510072231293,2.1997618675231934,1.67901648406405,1,1,4,0,0,dirichlet_a0.1,42,full_sign_flip,norm,B_iid_transfer_frozen,0.06531378699645635
12,0.05863510072231293,2.1997618675231934,1.7178688290296122,1,1,4,0,0,dirichlet_a0.1,42,full_sign_flip,norm,B_iid_transfer_frozen,0.06531378699645635
13,0.05863510072231293,2.1997618675231934,1.724296719999984,1,1,4,0,0,dirichlet_a0.1,42,full_sign_flip,norm,B_iid_transfer_frozen,0.06531378699645635
14,0.05863510072231293,2.1997618675231934,1.725665058940649,1,1,4,0,0,dirichlet_a0.1,42,full_sign_flip,norm,B_iid_transfer_frozen,0.06531378699645635
15,0.05863510072231293,2.1997618675231934,1.738236521021463,1,1,4,0,0,dirichlet_a0.1,42,full_sign_flip,norm,B_iid_transfer_frozen,0.06531378699645635
16,0.05863510072231293,2.1997618675231934,1.7965949550271034,1,1,4,0,0,dirichlet_a0.1,42,full_sign_flip,norm,B_iid_transfer_frozen,0.06531378699645635
17,0.05863510072231293,2.1997618675231934,1.7897359980270267,1,1,4,0,0,dirichlet_a0.1,42,full_sign_flip,norm,B_iid_transfer_frozen,0.06531378699645635
18,0.05863510072231293,2.1997618675231934,1.7188057330204174,1,1,4,0,0,dirichlet_a0.1,42,full_sign_flip,norm,B_iid_transfer_frozen,0.06531378699645635
19,0.05863510072231293,2.1997618675231934,1.7215406560571864,1,1,4,0,0,dirichlet_a0.1,42,full_sign_flip,norm,B_iid_transfer_frozen,0.06531378699645635
20,0.05863510072231293,2.1997618675231934,1.7809690460562706,1,1,4,0,0,dirichlet_a0.1,42,full_sign_flip,norm,B_iid_transfer_frozen,0.06531378699645635
21,0.05863510072231293,2.1997618675231934,1.7417926678899676,1,1,4,0,0,dirichlet_a0.1,42,full_sign_flip,norm,B_iid_transfer_frozen,0.06531378699645635
22,0.05863510072231293,2.1997618675231934,1.741384778986685,1,1,4,0,0,dirichlet_a0.1,42,full_sign_flip,norm,B_iid_transfer_frozen,0.06531378699645635
23,0.05863510072231293,2.1997618675231934,1.7292789090424776,1,1,4,0,0,dirichlet_a0.1,42,full_sign_flip,norm,B_iid_transfer_frozen,0.06531378699645635
24,0.05863510072231293,2.1997618675231934,1.7389184039784595,1,1,4,0,0,dirichlet_a0.1,42,full_sign_flip,norm,B_iid_transfer_frozen,0.06531378699645635
0,0.1863509863615036,2.2198636531829834,1.8647651319624856,0,0,0,5,0,dirichlet_a0.1,42,full_sign_flip,cosine,A_condition_specific_oracle,-0.5430995911449619
1,0.1863509863615036,2.285738468170166,2.0989014810184017,0,0,0,5,0,dirichlet_a0.1,42,full_sign_flip,cosine,A_condition_specific_oracle,-0.5430995911449619
2,0.1863509863615036,2.3152573108673096,2.0960949399741367,0,0,0,5,0,dirichlet_a0.1,42,full_sign_flip,cosine,A_condition_specific_oracle,-0.5430995911449619
3,0.1863509863615036,2.3138844966888428,2.126355811022222,0,0,0,5,0,dirichlet_a0.1,42,full_sign_flip,cosine,A_condition_specific_oracle,-0.5430995911449619
4,0.1863509863615036,2.303518533706665,2.1539881270145997,0,0,0,5,0,dirichlet_a0.1,42,full_sign_flip,cosine,A_condition_specific_oracle,-0.5430995911449619
5,0.1863509863615036,2.3059792518615723,2.088709161034785,0,0,0,5,0,dirichlet_a0.1,42,full_sign_flip,cosine,A_condition_specific_oracle,-0.5430995911449619
6,0.1863509863615036,2.29203724861145,2.085228238021955,0,0,0,5,0,dirichlet_a0.1,42,full_sign_flip,cosine,A_condition_specific_oracle,-0.5430995911449619
7,0.1863509863615036,2.291055679321289,2.1452324229758233,0,0,0,5,0,dirichlet_a0.1,42,full_sign_flip,cosine,A_condition_specific_oracle,-0.5430995911449619
8,0.1863509863615036,2.2877962589263916,2.0895946340169758,0,0,0,5,0,dirichlet_a0.1,42,full_sign_flip,cosine,A_condition_specific_oracle,-0.5430995911449619
9,0.1863509863615036,2.303175687789917,2.1051742309937254,0,0,0,5,0,dirichlet_a0.1,42,full_sign_flip,cosine,A_condition_specific_oracle,-0.5430995911449619
10,0.10320334881544113,2.346203565597534,2.0618115479592234,1,0,0,4,1,dirichlet_a0.1,42,full_sign_flip,cosine,A_condition_specific_oracle,-0.5430995911449619
11,0.10125348716974258,2.277937889099121,2.066250217030756,1,1,0,4,0,dirichlet_a0.1,42,full_sign_flip,cosine,A_condition_specific_oracle,-0.5430995911449619
12,0.10236769169569016,2.254709005355835,2.09335945895873,1,1,0,4,0,dirichlet_a0.1,42,full_sign_flip,cosine,A_condition_specific_oracle,-0.5430995911449619
13,0.10320334881544113,2.255322217941284,2.111505940905772,1,1,0,4,0,dirichlet_a0.1,42,full_sign_flip,cosine,A_condition_specific_oracle,-0.5430995911449619
14,0.10320334881544113,2.4981017112731934,2.111983899027109,1,0,0,4,1,dirichlet_a0.1,42,full_sign_flip,cosine,A_condition_specific_oracle,-0.5430995911449619
15,0.10278552025556564,2.2773303985595703,2.134536767960526,1,1,0,4,0,dirichlet_a0.1,42,full_sign_flip,cosine,A_condition_specific_oracle,-0.5430995911449619
16,0.10320334881544113,2.2494382858276367,2.1006121899699792,1,1,0,4,0,dirichlet_a0.1,42,full_sign_flip,cosine,A_condition_specific_oracle,-0.5430995911449619
17,0.10292479395866394,2.212589979171753,2.1096436380175874,1,1,0,4,0,dirichlet_a0.1,42,full_sign_flip,cosine,A_condition_specific_oracle,-0.5430995911449619
18,0.10306406766176224,2.2170748710632324,2.0894351699389517,1,1,0,4,0,dirichlet_a0.1,42,full_sign_flip,cosine,A_condition_specific_oracle,-0.5430995911449619
19,0.1490250676870346,2.2089157104492188,2.080979824066162,1,1,0,4,0,dirichlet_a0.1,42,full_sign_flip,cosine,A_condition_specific_oracle,-0.5430995911449619
20,0.1604456901550293,2.188960313796997,2.097201547003351,1,1,0,4,0,dirichlet_a0.1,42,full_sign_flip,cosine,A_condition_specific_oracle,-0.5430995911449619
21,0.2314763218164444,2.1640937328338623,2.208629150991328,1,1,0,4,0,dirichlet_a0.1,42,full_sign_flip,cosine,A_condition_specific_oracle,-0.5430995911449619
22,0.3176880180835724,2.1218535900115967,2.0901687730802223,1,1,0,4,0,dirichlet_a0.1,42,full_sign_flip,cosine,A_condition_specific_oracle,-0.5430995911449619
23,0.19303621351718903,2.1239449977874756,2.1481368279783055,1,1,0,4,0,dirichlet_a0.1,42,full_sign_flip,cosine,A_condition_specific_oracle,-0.5430995911449619
24,0.2649025022983551,2.0723605155944824,2.1466742729535326,1,1,0,4,0,dirichlet_a0.1,42,full_sign_flip,cosine,A_condition_specific_oracle,-0.5430995911449619
0,0.05863510072231293,2.1997618675231934,2.1198631629813462,0,0,5,0,0,dirichlet_a0.1,42,full_sign_flip,cosine,B_iid_transfer_frozen,0.6503801618077322
1,0.05863510072231293,2.1997618675231934,2.138212274061516,0,0,5,0,0,dirichlet_a0.1,42,full_sign_flip,cosine,B_iid_transfer_frozen,0.6503801618077322
2,0.05863510072231293,2.1997618675231934,2.075499490951188,0,0,5,0,0,dirichlet_a0.1,42,full_sign_flip,cosine,B_iid_transfer_frozen,0.6503801618077322
3,0.05863510072231293,2.1997618675231934,1.8805563780479133,0,0,5,0,0,dirichlet_a0.1,42,full_sign_flip,cosine,B_iid_transfer_frozen,0.6503801618077322
4,0.05863510072231293,2.1997618675231934,2.0845238270703703,0,0,5,0,0,dirichlet_a0.1,42,full_sign_flip,cosine,B_iid_transfer_frozen,0.6503801618077322
5,0.05863510072231293,2.1997618675231934,2.092984233982861,0,0,5,0,0,dirichlet_a0.1,42,full_sign_flip,cosine,B_iid_transfer_frozen,0.6503801618077322
6,0.05863510072231293,2.1997618675231934,2.0716788520803675,0,0,5,0,0,dirichlet_a0.1,42,full_sign_flip,cosine,B_iid_transfer_frozen,0.6503801618077322
7,0.05863510072231293,2.1997618675231934,2.09164842707105,0,0,5,0,0,dirichlet_a0.1,42,full_sign_flip,cosine,B_iid_transfer_frozen,0.6503801618077322
8,0.05863510072231293,2.1997618675231934,2.0994879910722375,0,0,5,0,0,dirichlet_a0.1,42,full_sign_flip,cosine,B_iid_transfer_frozen,0.6503801618077322
9,0.05863510072231293,2.1997618675231934,2.1188926880713552,0,0,5,0,0,dirichlet_a0.1,42,full_sign_flip,cosine,B_iid_transfer_frozen,0.6503801618077322
10,0.05863510072231293,2.1997618675231934,2.054808817920275,1,1,4,0,0,dirichlet_a0.1,42,full_sign_flip,cosine,B_iid_transfer_frozen,0.6503801618077322
11,0.05863510072231293,2.1997618675231934,2.0441533640259877,1,1,4,0,0,dirichlet_a0.1,42,full_sign_flip,cosine,B_iid_transfer_frozen,0.6503801618077322
12,0.05863510072231293,2.1997618675231934,1.822378102922812,1,1,4,0,0,dirichlet_a0.1,42,full_sign_flip,cosine,B_iid_transfer_frozen,0.6503801618077322
13,0.05863510072231293,2.1997618675231934,2.096230520051904,1,1,4,0,0,dirichlet_a0.1,42,full_sign_flip,cosine,B_iid_transfer_frozen,0.6503801618077322
14,0.05863510072231293,2.1997618675231934,2.076376284006983,1,1,4,0,0,dirichlet_a0.1,42,full_sign_flip,cosine,B_iid_transfer_frozen,0.6503801618077322
15,0.05863510072231293,2.1997618675231934,2.098735401988961,1,1,4,0,0,dirichlet_a0.1,42,full_sign_flip,cosine,B_iid_transfer_frozen,0.6503801618077322
16,0.05863510072231293,2.1997618675231934,2.0122288879938424,1,1,4,0,0,dirichlet_a0.1,42,full_sign_flip,cosine,B_iid_transfer_frozen,0.6503801618077322
17,0.05863510072231293,2.1997618675231934,2.0632553490577266,1,1,4,0,0,dirichlet_a0.1,42,full_sign_flip,cosine,B_iid_transfer_frozen,0.6503801618077322
18,0.05863510072231293,2.1997618675231934,2.0761332859983668,1,1,4,0,0,dirichlet_a0.1,42,full_sign_flip,cosine,B_iid_transfer_frozen,0.6503801618077322
19,0.05863510072231293,2.1997618675231934,2.082634860998951,1,1,4,0,0,dirichlet_a0.1,42,full_sign_flip,cosine,B_iid_transfer_frozen,0.6503801618077322
20,0.05863510072231293,2.1997618675231934,2.1388765380252153,1,1,4,0,0,dirichlet_a0.1,42,full_sign_flip,cosine,B_iid_transfer_frozen,0.6503801618077322
21,0.05863510072231293,2.1997618675231934,2.115659171016887,1,1,4,0,0,dirichlet_a0.1,42,full_sign_flip,cosine,B_iid_transfer_frozen,0.6503801618077322
22,0.05863510072231293,2.1997618675231934,2.0469143230002373,1,1,4,0,0,dirichlet_a0.1,42,full_sign_flip,cosine,B_iid_transfer_frozen,0.6503801618077322
23,0.05863510072231293,2.1997618675231934,2.0632751859957352,1,1,4,0,0,dirichlet_a0.1,42,full_sign_flip,cosine,B_iid_transfer_frozen,0.6503801618077322
24,0.05863510072231293,2.1997618675231934,2.0600407930323854,1,1,4,0,0,dirichlet_a0.1,42,full_sign_flip,cosine,B_iid_transfer_frozen,0.6503801618077322
0,0.1863509863615036,2.2198612689971924,1.714916174998507,0,0,0,5,0,dirichlet_a0.1,42,full_sign_flip,sign_consensus,A_condition_specific_oracle,0.3771838855175083
1,0.1863509863615036,2.294739007949829,1.7311633189674467,0,0,0,5,0,dirichlet_a0.1,42,full_sign_flip,sign_consensus,A_condition_specific_oracle,0.3771838855175083
2,0.1863509863615036,2.3217954635620117,1.7256784100318328,0,0,0,5,0,dirichlet_a0.1,42,full_sign_flip,sign_consensus,A_condition_specific_oracle,0.3771838855175083
3,0.1863509863615036,2.303187608718872,1.7252576589817181,0,0,0,5,0,dirichlet_a0.1,42,full_sign_flip,sign_consensus,A_condition_specific_oracle,0.3771838855175083
4,0.1863509863615036,2.2926390171051025,1.6334730710368603,0,0,0,5,0,dirichlet_a0.1,42,full_sign_flip,sign_consensus,A_condition_specific_oracle,0.3771838855175083
5,0.1863509863615036,2.306098222732544,1.5150778009556234,0,0,0,5,0,dirichlet_a0.1,42,full_sign_flip,sign_consensus,A_condition_specific_oracle,0.3771838855175083
6,0.1863509863615036,2.2937021255493164,1.666963062947616,0,0,0,5,0,dirichlet_a0.1,42,full_sign_flip,sign_consensus,A_condition_specific_oracle,0.3771838855175083
7,0.1863509863615036,2.3136186599731445,1.7221310570603237,0,0,0,5,0,dirichlet_a0.1,42,full_sign_flip,sign_consensus,A_condition_specific_oracle,0.3771838855175083
8,0.1863509863615036,2.298307418823242,1.7219695369713008,0,0,0,5,0,dirichlet_a0.1,42,full_sign_flip,sign_consensus,A_condition_specific_oracle,0.3771838855175083
9,0.1863509863615036,2.2881228923797607,1.7275050859898329,0,0,0,5,0,dirichlet_a0.1,42,full_sign_flip,sign_consensus,A_condition_specific_oracle,0.3771838855175083
10,0.10320334881544113,2.3901941776275635,1.71316243999172,1,0,0,4,1,dirichlet_a0.1,42,full_sign_flip,sign_consensus,A_condition_specific_oracle,0.3771838855175083
11,0.10320334881544113,2.5921802520751953,1.6812704590847716,1,0,0,4,1,dirichlet_a0.1,42,full_sign_flip,sign_consensus,A_condition_specific_oracle,0.3771838855175083
12,0.10250696539878845,2.655149459838867,1.501147172995843,1,0,0,4,1,dirichlet_a0.1,42,full_sign_flip,sign_consensus,A_condition_specific_oracle,0.3771838855175083
13,0.10320334881544113,2.7408463954925537,1.5728687529917806,1,0,0,4,1,dirichlet_a0.1,42,full_sign_flip,sign_consensus,A_condition_specific_oracle,0.3771838855175083
14,0.10320334881544113,2.774024486541748,1.713347973069176,1,0,0,4,1,dirichlet_a0.1,42,full_sign_flip,sign_consensus,A_condition_specific_oracle,0.3771838855175083
15,0.10320334881544113,2.835056781768799,1.7318677779985592,1,0,0,4,1,dirichlet_a0.1,42,full_sign_flip,sign_consensus,A_condition_specific_oracle,0.3771838855175083
16,0.10320334881544113,2.862173080444336,1.7225672870408744,1,0,0,4,1,dirichlet_a0.1,42,full_sign_flip,sign_consensus,A_condition_specific_oracle,0.3771838855175083
17,0.10320334881544113,2.8358564376831055,1.7237478399183601,1,0,0,4,1,dirichlet_a0.1,42,full_sign_flip,sign_consensus,A_condition_specific_oracle,0.3771838855175083
18,0.10320334881544113,2.851022720336914,1.7229220860172063,1,0,0,4,1,dirichlet_a0.1,42,full_sign_flip,sign_consensus,A_condition_specific_oracle,0.3771838855175083
19,0.10320334881544113,2.8762142658233643,1.7204751929966733,1,0,0,4,1,dirichlet_a0.1,42,full_sign_flip,sign_consensus,A_condition_specific_oracle,0.3771838855175083
20,0.10320334881544113,2.923006534576416,1.6568235690938309,1,0,0,4,1,dirichlet_a0.1,42,full_sign_flip,sign_consensus,A_condition_specific_oracle,0.3771838855175083
21,0.10320334881544113,2.9177608489990234,1.4963976950384676,1,0,0,4,1,dirichlet_a0.1,42,full_sign_flip,sign_consensus,A_condition_specific_oracle,0.3771838855175083
22,0.10320334881544113,2.948378801345825,1.4983606359455734,1,0,0,4,1,dirichlet_a0.1,42,full_sign_flip,sign_consensus,A_condition_specific_oracle,0.3771838855175083
23,0.10320334881544113,2.9601833820343018,1.4817207359010354,1,0,0,4,1,dirichlet_a0.1,42,full_sign_flip,sign_consensus,A_condition_specific_oracle,0.3771838855175083
24,0.10320334881544113,2.9900786876678467,1.4880296969786286,1,0,0,4,1,dirichlet_a0.1,42,full_sign_flip,sign_consensus,A_condition_specific_oracle,0.3771838855175083
0,0.1863509863615036,2.1785566806793213,1.501243502018042,0,0,1,4,0,dirichlet_a0.1,42,full_sign_flip,sign_consensus,B_iid_transfer_frozen,0.5302234686875317
1,0.1863509863615036,2.293410539627075,1.482971822959371,0,0,0,5,0,dirichlet_a0.1,42,full_sign_flip,sign_consensus,B_iid_transfer_frozen,0.5302234686875317
2,0.1863509863615036,2.3212199211120605,1.4829169639851898,0,0,0,5,0,dirichlet_a0.1,42,full_sign_flip,sign_consensus,B_iid_transfer_frozen,0.5302234686875317
3,0.1863509863615036,2.304584503173828,1.494055304909125,0,0,0,5,0,dirichlet_a0.1,42,full_sign_flip,sign_consensus,B_iid_transfer_frozen,0.5302234686875317
4,0.1863509863615036,2.460383653640747,1.4832916610175744,0,0,1,4,0,dirichlet_a0.1,42,full_sign_flip,sign_consensus,B_iid_transfer_frozen,0.5302234686875317
5,0.1863509863615036,2.310734510421753,1.4833205799805,0,0,0,5,0,dirichlet_a0.1,42,full_sign_flip,sign_consensus,B_iid_transfer_frozen,0.5302234686875317
6,0.1863509863615036,2.4654290676116943,1.4839950009481981,0,0,1,4,0,dirichlet_a0.1,42,full_sign_flip,sign_consensus,B_iid_transfer_frozen,0.5302234686875317
7,0.1863509863615036,2.3167061805725098,1.5695536819985136,0,0,0,5,0,dirichlet_a0.1,42,full_sign_flip,sign_consensus,B_iid_transfer_frozen,0.5302234686875317
8,0.1863509863615036,2.296494245529175,1.7070791779551655,0,0,0,5,0,dirichlet_a0.1,42,full_sign_flip,sign_consensus,B_iid_transfer_frozen,0.5302234686875317
9,0.1863509863615036,2.5101137161254883,1.722861516987905,0,0,1,4,0,dirichlet_a0.1,42,full_sign_flip,sign_consensus,B_iid_transfer_frozen,0.5302234686875317
10,0.10320334881544113,2.5491461753845215,1.7852339060045779,1,0,1,3,1,dirichlet_a0.1,42,full_sign_flip,sign_consensus,B_iid_transfer_frozen,0.5302234686875317
11,0.10320334881544113,2.66408371925354,1.787763826083392,1,0,0,4,1,dirichlet_a0.1,42,full_sign_flip,sign_consensus,B_iid_transfer_frozen,0.5302234686875317
12,0.10320334881544113,2.7024781703948975,1.7471941179828718,1,0,0,4,1,dirichlet_a0.1,42,full_sign_flip,sign_consensus,B_iid_transfer_frozen,0.5302234686875317
13,0.10320334881544113,3.2986814975738525,1.661993260961026,1,0,1,3,1,dirichlet_a0.1,42,full_sign_flip,sign_consensus,B_iid_transfer_frozen,0.5302234686875317
14,0.08830083906650543,3.0467686653137207,1.5625650950241834,1,0,1,3,1,dirichlet_a0.1,42,full_sign_flip,sign_consensus,B_iid_transfer_frozen,0.5302234686875317
15,0.08830083906650543,3.7476725578308105,1.685782846994698,1,0,1,3,1,dirichlet_a0.1,42,full_sign_flip,sign_consensus,B_iid_transfer_frozen,0.5302234686875317
16,0.09554317593574524,3.1405601501464844,1.7056428730720654,1,0,0,4,1,dirichlet_a0.1,42,full_sign_flip,sign_consensus,B_iid_transfer_frozen,0.5302234686875317
17,0.08830083906650543,3.0384199619293213,1.5822133689653128,1,0,1,3,1,dirichlet_a0.1,42,full_sign_flip,sign_consensus,B_iid_transfer_frozen,0.5302234686875317
18,0.08830083906650543,6.692107200622559,1.52900000999216,1,0,3,1,1,dirichlet_a0.1,42,full_sign_flip,sign_consensus,B_iid_transfer_frozen,0.5302234686875317
19,0.10320334881544113,5.345595836639404,1.5554206379456446,1,0,2,2,1,dirichlet_a0.1,42,full_sign_flip,sign_consensus,B_iid_transfer_frozen,0.5302234686875317
20,0.08245125412940979,2.7269034385681152,1.716866408009082,1,1,1,3,0,dirichlet_a0.1,42,full_sign_flip,sign_consensus,B_iid_transfer_frozen,0.5302234686875317
21,0.10320334881544113,4.211879730224609,1.7427874769782647,1,0,2,2,1,dirichlet_a0.1,42,full_sign_flip,sign_consensus,B_iid_transfer_frozen,0.5302234686875317
22,0.10320334881544113,30.567779541015625,1.7407761489739642,1,0,4,0,1,dirichlet_a0.1,42,full_sign_flip,sign_consensus,B_iid_transfer_frozen,0.5302234686875317
23,0.08245125412940979,2.85982346534729,1.6214110440341756,1,1,0,4,0,dirichlet_a0.1,42,full_sign_flip,sign_consensus,B_iid_transfer_frozen,0.5302234686875317
24,0.08830083906650543,3.862677574157715,1.6510613260325044,1,0,3,1,1,dirichlet_a0.1,42,full_sign_flip,sign_consensus,B_iid_transfer_frozen,0.5302234686875317
0,0.1863509863615036,2.219860553741455,1.7860902869142592,0,,,,,dirichlet_a0.1,42,no_attack,fedavg,not_applicable,
1,0.1863509863615036,2.2946829795837402,1.6952394749969244,0,,,,,dirichlet_a0.1,42,no_attack,fedavg,not_applicable,
2,0.1863509863615036,2.3216662406921387,1.593001662986353,0,,,,,dirichlet_a0.1,42,no_attack,fedavg,not_applicable,
3,0.1863509863615036,2.3026621341705322,1.6436341360677034,0,,,,,dirichlet_a0.1,42,no_attack,fedavg,not_applicable,
4,0.1863509863615036,2.2920713424682617,1.7065243900287896,0,,,,,dirichlet_a0.1,42,no_attack,fedavg,not_applicable,
5,0.1863509863615036,2.3048300743103027,1.951520686969161,0,,,,,dirichlet_a0.1,42,no_attack,fedavg,not_applicable,
6,0.1863509863615036,2.2922403812408447,1.879177361028269,0,,,,,dirichlet_a0.1,42,no_attack,fedavg,not_applicable,
7,0.1863509863615036,2.3134684562683105,1.8843063128879294,0,,,,,dirichlet_a0.1,42,no_attack,fedavg,not_applicable,
8,0.1863509863615036,2.2982959747314453,1.888289999915287,0,,,,,dirichlet_a0.1,42,no_attack,fedavg,not_applicable,
9,0.1863509863615036,2.2901570796966553,1.86301148601342,0,,,,,dirichlet_a0.1,42,no_attack,fedavg,not_applicable,
10,0.18830083310604095,2.2981247901916504,1.8823825579602271,1,,,,,dirichlet_a0.1,42,no_attack,fedavg,not_applicable,
11,0.1863509863615036,2.273707389831543,1.925697515020147,1,,,,,dirichlet_a0.1,42,no_attack,fedavg,not_applicable,
12,0.18844011425971985,2.2791199684143066,1.833898626966402,1,,,,,dirichlet_a0.1,42,no_attack,fedavg,not_applicable,
13,0.19818942248821259,2.2415831089019775,1.84812835091725,1,,,,,dirichlet_a0.1,42,no_attack,fedavg,not_applicable,
14,0.19846796989440918,2.2342031002044678,1.886866379994899,1,,,,,dirichlet_a0.1,42,no_attack,fedavg,not_applicable,
15,0.20083566009998322,2.204174757003784,1.923055944032967,1,,,,,dirichlet_a0.1,42,no_attack,fedavg,not_applicable,
16,0.22479109466075897,2.1902854442596436,1.83630905195605,1,,,,,dirichlet_a0.1,42,no_attack,fedavg,not_applicable,
17,0.22646239399909973,2.160135269165039,1.8700592189561576,1,,,,,dirichlet_a0.1,42,no_attack,fedavg,not_applicable,
18,0.227158784866333,2.1387946605682373,1.9283353299833834,1,,,,,dirichlet_a0.1,42,no_attack,fedavg,not_applicable,
19,0.22632312774658203,2.094482421875,1.853369451011531,1,,,,,dirichlet_a0.1,42,no_attack,fedavg,not_applicable,
20,0.23356546461582184,2.055981397628784,1.861414565006271,1,,,,,dirichlet_a0.1,42,no_attack,fedavg,not_applicable,
21,0.23342618346214294,2.01019024848938,1.894818380009383,1,,,,,dirichlet_a0.1,42,no_attack,fedavg,not_applicable,
22,0.23314763605594635,1.980470895767212,1.8936901950510219,1,,,,,dirichlet_a0.1,42,no_attack,fedavg,not_applicable,
23,0.23384401202201843,1.9333350658416748,1.854319480014965,1,,,,,dirichlet_a0.1,42,no_attack,fedavg,not_applicable,
24,0.24108636379241943,1.905687689781189,1.8891557160532102,1,,,,,dirichlet_a0.1,42,no_attack,fedavg,not_applicable,
0,0.1717270165681839,2.2373061180114746,1.915274025988765,0,0,4,1,0,dirichlet_a0.1,42,no_attack,norm,A_condition_specific_oracle,0.5474922293693814
1,0.1717270165681839,2.8679442405700684,1.9232172269839793,0,0,4,1,0,dirichlet_a0.1,42,no_attack,norm,A_condition_specific_oracle,0.5474922293693814
2,0.08245125412940979,2.8935165405273438,1.9211768200621009,0,0,3,2,0,dirichlet_a0.1,42,no_attack,norm,A_condition_specific_oracle,0.5474922293693814
3,0.1863509863615036,3.18587327003479,2.001375145977363,0,0,2,3,0,dirichlet_a0.1,42,no_attack,norm,A_condition_specific_oracle,0.5474922293693814
4,0.1863509863615036,3.314091920852661,1.932948054978624,0,0,2,3,0,dirichlet_a0.1,42,no_attack,norm,A_condition_specific_oracle,0.5474922293693814
5,0.1863509863615036,3.3743605613708496,1.9229130720486864,0,0,2,3,0,dirichlet_a0.1,42,no_attack,norm,A_condition_specific_oracle,0.5474922293693814
6,0.1863509863615036,3.309643268585205,1.9402008570032194,0,0,2,3,0,dirichlet_a0.1,42,no_attack,norm,A_condition_specific_oracle,0.5474922293693814
7,0.1863509863615036,3.368546485900879,1.9095419580116868,0,0,2,3,0,dirichlet_a0.1,42,no_attack,norm,A_condition_specific_oracle,0.5474922293693814
8,0.1863509863615036,3.3420119285583496,1.9474143970292062,0,0,2,3,0,dirichlet_a0.1,42,no_attack,norm,A_condition_specific_oracle,0.5474922293693814
9,0.1863509863615036,3.4072494506835938,1.9607247839448974,0,0,2,3,0,dirichlet_a0.1,42,no_attack,norm,A_condition_specific_oracle,0.5474922293693814
10,0.2052924782037735,3.1926565170288086,1.9013066650368273,1,0,2,2,1,dirichlet_a0.1,42,no_attack,norm,A_condition_specific_oracle,0.5474922293693814
11,0.19080780446529388,3.1443727016448975,1.9668413460021839,1,0,2,2,1,dirichlet_a0.1,42,no_attack,norm,A_condition_specific_oracle,0.5474922293693814
12,0.22284123301506042,2.9558489322662354,1.9557979659875855,1,0,2,2,1,dirichlet_a0.1,42,no_attack,norm,A_condition_specific_oracle,0.5474922293693814
13,0.23286908864974976,2.864327907562256,1.7574259940302,1,0,2,2,1,dirichlet_a0.1,42,no_attack,norm,A_condition_specific_oracle,0.5474922293693814
14,0.2350974977016449,2.8320136070251465,1.9131140800891444,1,0,2,2,1,dirichlet_a0.1,42,no_attack,norm,A_condition_specific_oracle,0.5474922293693814
15,0.23412257432937622,2.8017966747283936,1.9450503090629354,1,0,2,2,1,dirichlet_a0.1,42,no_attack,norm,A_condition_specific_oracle,0.5474922293693814
16,0.23551532626152039,2.9558868408203125,1.9204632060136646,1,0,2,2,1,dirichlet_a0.1,42,no_attack,norm,A_condition_specific_oracle,0.5474922293693814
17,0.23356546461582184,2.88761305809021,1.958729514037259,1,0,2,2,1,dirichlet_a0.1,42,no_attack,norm,A_condition_specific_oracle,0.5474922293693814
18,0.2348189502954483,2.9916069507598877,1.779306862037629,1,0,2,2,1,dirichlet_a0.1,42,no_attack,norm,A_condition_specific_oracle,0.5474922293693814
19,0.2350974977016449,2.877190589904785,1.8006835050182417,1,0,2,2,1,dirichlet_a0.1,42,no_attack,norm,A_condition_specific_oracle,0.5474922293693814
20,0.23440112173557281,2.9972984790802,1.7868487170198932,1,0,2,2,1,dirichlet_a0.1,42,no_attack,norm,A_condition_specific_oracle,0.5474922293693814
21,0.23412257432937622,2.974315881729126,1.7545562820741907,1,0,2,2,1,dirichlet_a0.1,42,no_attack,norm,A_condition_specific_oracle,0.5474922293693814
22,0.23398329317569733,2.946168899536133,1.7749318840214983,1,0,2,2,1,dirichlet_a0.1,42,no_attack,norm,A_condition_specific_oracle,0.5474922293693814
23,0.23231197893619537,3.042834997177124,1.7460718309739605,1,0,2,2,1,dirichlet_a0.1,42,no_attack,norm,A_condition_specific_oracle,0.5474922293693814
24,0.23342618346214294,3.0128109455108643,1.736368044046685,1,0,2,2,1,dirichlet_a0.1,42,no_attack,norm,A_condition_specific_oracle,0.5474922293693814
0,0.05863510072231293,2.1997618675231934,1.8318336870288476,0,0,5,0,0,dirichlet_a0.1,42,no_attack,norm,B_iid_transfer_frozen,0.06531378699645635
1,0.05863510072231293,2.1997618675231934,1.811317709973082,0,0,5,0,0,dirichlet_a0.1,42,no_attack,norm,B_iid_transfer_frozen,0.06531378699645635
2,0.05863510072231293,2.1997618675231934,1.7302558199735358,0,0,5,0,0,dirichlet_a0.1,42,no_attack,norm,B_iid_transfer_frozen,0.06531378699645635
3,0.05863510072231293,2.1997618675231934,1.7638500530738384,0,0,5,0,0,dirichlet_a0.1,42,no_attack,norm,B_iid_transfer_frozen,0.06531378699645635
4,0.05863510072231293,2.1997618675231934,1.7503696790663525,0,0,5,0,0,dirichlet_a0.1,42,no_attack,norm,B_iid_transfer_frozen,0.06531378699645635
5,0.05863510072231293,2.1997618675231934,1.7855430010240525,0,0,5,0,0,dirichlet_a0.1,42,no_attack,norm,B_iid_transfer_frozen,0.06531378699645635
6,0.05863510072231293,2.1997618675231934,1.7792212250642478,0,0,5,0,0,dirichlet_a0.1,42,no_attack,norm,B_iid_transfer_frozen,0.06531378699645635
7,0.05863510072231293,2.1997618675231934,1.754599252017215,0,0,5,0,0,dirichlet_a0.1,42,no_attack,norm,B_iid_transfer_frozen,0.06531378699645635
8,0.05863510072231293,2.1997618675231934,1.8485327590024099,0,0,5,0,0,dirichlet_a0.1,42,no_attack,norm,B_iid_transfer_frozen,0.06531378699645635
9,0.05863510072231293,2.1997618675231934,1.79139516397845,0,0,5,0,0,dirichlet_a0.1,42,no_attack,norm,B_iid_transfer_frozen,0.06531378699645635
10,0.05863510072231293,2.1997618675231934,1.7274109800346196,1,1,4,0,0,dirichlet_a0.1,42,no_attack,norm,B_iid_transfer_frozen,0.06531378699645635
11,0.05863510072231293,2.1997618675231934,1.8264004470547661,1,1,4,0,0,dirichlet_a0.1,42,no_attack,norm,B_iid_transfer_frozen,0.06531378699645635
12,0.05863510072231293,2.1997618675231934,1.7644844349706545,1,1,4,0,0,dirichlet_a0.1,42,no_attack,norm,B_iid_transfer_frozen,0.06531378699645635
13,0.05863510072231293,2.1997618675231934,1.819479496916756,1,1,4,0,0,dirichlet_a0.1,42,no_attack,norm,B_iid_transfer_frozen,0.06531378699645635
14,0.05863510072231293,2.1997618675231934,1.7902492319699377,1,1,4,0,0,dirichlet_a0.1,42,no_attack,norm,B_iid_transfer_frozen,0.06531378699645635
15,0.05863510072231293,2.1997618675231934,1.7592193509917706,1,1,4,0,0,dirichlet_a0.1,42,no_attack,norm,B_iid_transfer_frozen,0.06531378699645635
16,0.05863510072231293,2.1997618675231934,1.7649103719741106,1,1,4,0,0,dirichlet_a0.1,42,no_attack,norm,B_iid_transfer_frozen,0.06531378699645635
17,0.05863510072231293,2.1997618675231934,1.734660231973976,1,1,4,0,0,dirichlet_a0.1,42,no_attack,norm,B_iid_transfer_frozen,0.06531378699645635
18,0.05863510072231293,2.1997618675231934,1.766578012960963,1,1,4,0,0,dirichlet_a0.1,42,no_attack,norm,B_iid_transfer_frozen,0.06531378699645635
19,0.05863510072231293,2.1997618675231934,1.7763470490463078,1,1,4,0,0,dirichlet_a0.1,42,no_attack,norm,B_iid_transfer_frozen,0.06531378699645635
20,0.05863510072231293,2.1997618675231934,1.8017087309854105,1,1,4,0,0,dirichlet_a0.1,42,no_attack,norm,B_iid_transfer_frozen,0.06531378699645635
21,0.05863510072231293,2.1997618675231934,1.763453358085826,1,1,4,0,0,dirichlet_a0.1,42,no_attack,norm,B_iid_transfer_frozen,0.06531378699645635
22,0.05863510072231293,2.1997618675231934,1.7734220760175958,1,1,4,0,0,dirichlet_a0.1,42,no_attack,norm,B_iid_transfer_frozen,0.06531378699645635
23,0.05863510072231293,2.1997618675231934,1.7803076690761372,1,1,4,0,0,dirichlet_a0.1,42,no_attack,norm,B_iid_transfer_frozen,0.06531378699645635
24,0.05863510072231293,2.1997618675231934,1.7377529520308599,1,1,4,0,0,dirichlet_a0.1,42,no_attack,norm,B_iid_transfer_frozen,0.06531378699645635
0,0.1863509863615036,2.2198619842529297,2.183390520978719,0,0,0,5,0,dirichlet_a0.1,42,no_attack,cosine,A_condition_specific_oracle,-0.5430995911449619
1,0.1863509863615036,2.2858309745788574,2.199814421008341,0,0,0,5,0,dirichlet_a0.1,42,no_attack,cosine,A_condition_specific_oracle,-0.5430995911449619
2,0.1863509863615036,2.315190315246582,2.1371183960000053,0,0,0,5,0,dirichlet_a0.1,42,no_attack,cosine,A_condition_specific_oracle,-0.5430995911449619
3,0.1863509863615036,2.3148529529571533,2.097120148013346,0,0,0,5,0,dirichlet_a0.1,42,no_attack,cosine,A_condition_specific_oracle,-0.5430995911449619
4,0.1863509863615036,2.3036763668060303,2.1434837240958586,0,0,0,5,0,dirichlet_a0.1,42,no_attack,cosine,A_condition_specific_oracle,-0.5430995911449619
5,0.1863509863615036,2.306544542312622,2.1136806899448857,0,0,0,5,0,dirichlet_a0.1,42,no_attack,cosine,A_condition_specific_oracle,-0.5430995911449619
6,0.1863509863615036,2.292085647583008,2.1506116820964962,0,0,0,5,0,dirichlet_a0.1,42,no_attack,cosine,A_condition_specific_oracle,-0.5430995911449619
7,0.1863509863615036,2.2918245792388916,2.369150945916772,0,0,0,5,0,dirichlet_a0.1,42,no_attack,cosine,A_condition_specific_oracle,-0.5430995911449619
8,0.1863509863615036,2.288344621658325,2.2214320179773495,0,0,0,5,0,dirichlet_a0.1,42,no_attack,cosine,A_condition_specific_oracle,-0.5430995911449619
9,0.1863509863615036,2.3030667304992676,2.3477731379680336,0,0,0,5,0,dirichlet_a0.1,42,no_attack,cosine,A_condition_specific_oracle,-0.5430995911449619
10,0.1863509863615036,2.283456563949585,2.35929698694963,1,0,0,4,1,dirichlet_a0.1,42,no_attack,cosine,A_condition_specific_oracle,-0.5430995911449619
11,0.18732590973377228,2.2666125297546387,2.310679352027364,1,0,0,4,1,dirichlet_a0.1,42,no_attack,cosine,A_condition_specific_oracle,-0.5430995911449619
12,0.19261838495731354,2.2570817470550537,2.0830406290479004,1,0,0,4,1,dirichlet_a0.1,42,no_attack,cosine,A_condition_specific_oracle,-0.5430995911449619
13,0.19623956084251404,2.2358055114746094,2.1709744490217417,1,0,0,4,1,dirichlet_a0.1,42,no_attack,cosine,A_condition_specific_oracle,-0.5430995911449619
14,0.1896935999393463,2.245716094970703,2.0855765850283206,1,0,0,4,1,dirichlet_a0.1,42,no_attack,cosine,A_condition_specific_oracle,-0.5430995911449619
15,0.2236768901348114,2.2446632385253906,2.21282263007015,1,0,0,4,1,dirichlet_a0.1,42,no_attack,cosine,A_condition_specific_oracle,-0.5430995911449619
16,0.22548747062683105,2.2120118141174316,2.1152011699741706,1,0,0,4,1,dirichlet_a0.1,42,no_attack,cosine,A_condition_specific_oracle,-0.5430995911449619
17,0.2160167247056961,2.1723792552948,2.118322585010901,1,0,0,4,1,dirichlet_a0.1,42,no_attack,cosine,A_condition_specific_oracle,-0.5430995911449619
18,0.22924791276454926,2.144437551498413,2.1346947189886123,1,0,0,4,1,dirichlet_a0.1,42,no_attack,cosine,A_condition_specific_oracle,-0.5430995911449619
19,0.2196378856897354,2.1241586208343506,2.1085791640216485,1,0,0,4,1,dirichlet_a0.1,42,no_attack,cosine,A_condition_specific_oracle,-0.5430995911449619
20,0.23356546461582184,2.065239429473877,2.0862881089560688,1,0,0,4,1,dirichlet_a0.1,42,no_attack,cosine,A_condition_specific_oracle,-0.5430995911449619
21,0.23342618346214294,2.0111567974090576,2.113926300080493,1,0,0,4,1,dirichlet_a0.1,42,no_attack,cosine,A_condition_specific_oracle,-0.5430995911449619
22,0.22646239399909973,2.0112075805664062,2.1015306969638914,1,0,0,4,1,dirichlet_a0.1,42,no_attack,cosine,A_condition_specific_oracle,-0.5430995911449619
23,0.23621170222759247,1.9284723997116089,2.078560531954281,1,0,0,4,1,dirichlet_a0.1,42,no_attack,cosine,A_condition_specific_oracle,-0.5430995911449619
24,0.23635098338127136,1.8856691122055054,2.091283763991669,1,0,0,4,1,dirichlet_a0.1,42,no_attack,cosine,A_condition_specific_oracle,-0.5430995911449619
0,0.05863510072231293,2.1997618675231934,2.124568800907582,0,0,5,0,0,dirichlet_a0.1,42,no_attack,cosine,B_iid_transfer_frozen,0.6503801618077322
1,0.05863510072231293,2.1997618675231934,2.136233197990805,0,0,5,0,0,dirichlet_a0.1,42,no_attack,cosine,B_iid_transfer_frozen,0.6503801618077322
2,0.05863510072231293,2.1997618675231934,2.0941696990048513,0,0,5,0,0,dirichlet_a0.1,42,no_attack,cosine,B_iid_transfer_frozen,0.6503801618077322
3,0.05863510072231293,2.1997618675231934,1.854389518033713,0,0,5,0,0,dirichlet_a0.1,42,no_attack,cosine,B_iid_transfer_frozen,0.6503801618077322
4,0.05863510072231293,2.1997618675231934,2.0588116149883717,0,0,5,0,0,dirichlet_a0.1,42,no_attack,cosine,B_iid_transfer_frozen,0.6503801618077322
5,0.05863510072231293,2.1997618675231934,1.8789966619806364,0,0,5,0,0,dirichlet_a0.1,42,no_attack,cosine,B_iid_transfer_frozen,0.6503801618077322
6,0.05863510072231293,2.1997618675231934,2.071286972030066,0,0,5,0,0,dirichlet_a0.1,42,no_attack,cosine,B_iid_transfer_frozen,0.6503801618077322
7,0.05863510072231293,2.1997618675231934,1.832701473031193,0,0,5,0,0,dirichlet_a0.1,42,no_attack,cosine,B_iid_transfer_frozen,0.6503801618077322
8,0.05863510072231293,2.1997618675231934,2.0364402040140703,0,0,5,0,0,dirichlet_a0.1,42,no_attack,cosine,B_iid_transfer_frozen,0.6503801618077322
9,0.05863510072231293,2.1997618675231934,2.053508051089011,0,0,5,0,0,dirichlet_a0.1,42,no_attack,cosine,B_iid_transfer_frozen,0.6503801618077322
10,0.05863510072231293,2.1997618675231934,2.0103120639687404,1,1,4,0,0,dirichlet_a0.1,42,no_attack,cosine,B_iid_transfer_frozen,0.6503801618077322
11,0.05863510072231293,2.1997618675231934,2.2278316139709204,1,1,4,0,0,dirichlet_a0.1,42,no_attack,cosine,B_iid_transfer_frozen,0.6503801618077322
12,0.05863510072231293,2.1997618675231934,2.0751363980816677,1,1,4,0,0,dirichlet_a0.1,42,no_attack,cosine,B_iid_transfer_frozen,0.6503801618077322
13,0.05863510072231293,2.1997618675231934,2.1550982060143724,1,1,4,0,0,dirichlet_a0.1,42,no_attack,cosine,B_iid_transfer_frozen,0.6503801618077322
14,0.05863510072231293,2.1997618675231934,2.0295801078900695,1,1,4,0,0,dirichlet_a0.1,42,no_attack,cosine,B_iid_transfer_frozen,0.6503801618077322
15,0.05863510072231293,2.1997618675231934,2.064681468065828,1,1,4,0,0,dirichlet_a0.1,42,no_attack,cosine,B_iid_transfer_frozen,0.6503801618077322
16,0.05863510072231293,2.1997618675231934,2.0804182960418984,1,1,4,0,0,dirichlet_a0.1,42,no_attack,cosine,B_iid_transfer_frozen,0.6503801618077322
17,0.05863510072231293,2.1997618675231934,2.1575356899993494,1,1,4,0,0,dirichlet_a0.1,42,no_attack,cosine,B_iid_transfer_frozen,0.6503801618077322
18,0.05863510072231293,2.1997618675231934,2.0954636899987236,1,1,4,0,0,dirichlet_a0.1,42,no_attack,cosine,B_iid_transfer_frozen,0.6503801618077322
19,0.05863510072231293,2.1997618675231934,2.1148606749484316,1,1,4,0,0,dirichlet_a0.1,42,no_attack,cosine,B_iid_transfer_frozen,0.6503801618077322
20,0.05863510072231293,2.1997618675231934,2.1637348210206255,1,1,4,0,0,dirichlet_a0.1,42,no_attack,cosine,B_iid_transfer_frozen,0.6503801618077322
21,0.05863510072231293,2.1997618675231934,2.2605962170055136,1,1,4,0,0,dirichlet_a0.1,42,no_attack,cosine,B_iid_transfer_frozen,0.6503801618077322
22,0.05863510072231293,2.1997618675231934,2.249875812907703,1,1,4,0,0,dirichlet_a0.1,42,no_attack,cosine,B_iid_transfer_frozen,0.6503801618077322
23,0.05863510072231293,2.1997618675231934,1.947702593053691,1,1,4,0,0,dirichlet_a0.1,42,no_attack,cosine,B_iid_transfer_frozen,0.6503801618077322
24,0.05863510072231293,2.1997618675231934,2.1377130810869858,1,1,4,0,0,dirichlet_a0.1,42,no_attack,cosine,B_iid_transfer_frozen,0.6503801618077322
0,0.1863509863615036,2.2198641300201416,1.8169298999710009,0,0,0,5,0,dirichlet_a0.1,42,no_attack,sign_consensus,A_condition_specific_oracle,0.3771838855175083
1,0.1863509863615036,2.294586658477783,1.7507540170336142,0,0,0,5,0,dirichlet_a0.1,42,no_attack,sign_consensus,A_condition_specific_oracle,0.3771838855175083
2,0.1863509863615036,2.3218815326690674,1.7933074380271137,0,0,0,5,0,dirichlet_a0.1,42,no_attack,sign_consensus,A_condition_specific_oracle,0.3771838855175083
3,0.1863509863615036,2.3027923107147217,1.873409001971595,0,0,0,5,0,dirichlet_a0.1,42,no_attack,sign_consensus,A_condition_specific_oracle,0.3771838855175083
4,0.1863509863615036,2.2924437522888184,1.839336785953492,0,0,0,5,0,dirichlet_a0.1,42,no_attack,sign_consensus,A_condition_specific_oracle,0.3771838855175083
5,0.1863509863615036,2.304929494857788,1.8009017229778692,0,0,0,5,0,dirichlet_a0.1,42,no_attack,sign_consensus,A_condition_specific_oracle,0.3771838855175083
6,0.1863509863615036,2.2929532527923584,1.7842939180554822,0,0,0,5,0,dirichlet_a0.1,42,no_attack,sign_consensus,A_condition_specific_oracle,0.3771838855175083
7,0.1863509863615036,2.3128671646118164,1.8192508430220187,0,0,0,5,0,dirichlet_a0.1,42,no_attack,sign_consensus,A_condition_specific_oracle,0.3771838855175083
8,0.1863509863615036,2.2975809574127197,1.8536247870652005,0,0,0,5,0,dirichlet_a0.1,42,no_attack,sign_consensus,A_condition_specific_oracle,0.3771838855175083
9,0.1863509863615036,2.288475751876831,1.946571841952391,0,0,0,5,0,dirichlet_a0.1,42,no_attack,sign_consensus,A_condition_specific_oracle,0.3771838855175083
10,0.18830083310604095,2.299320697784424,1.912573009962216,1,0,0,4,1,dirichlet_a0.1,42,no_attack,sign_consensus,A_condition_specific_oracle,0.3771838855175083
11,0.1863509863615036,2.2744059562683105,1.8786692509893328,1,0,0,4,1,dirichlet_a0.1,42,no_attack,sign_consensus,A_condition_specific_oracle,0.3771838855175083
12,0.18844011425971985,2.2805635929107666,1.8763716620160267,1,0,0,4,1,dirichlet_a0.1,42,no_attack,sign_consensus,A_condition_specific_oracle,0.3771838855175083
13,0.19916434586048126,2.24167537689209,1.8598818179452792,1,0,0,4,1,dirichlet_a0.1,42,no_attack,sign_consensus,A_condition_specific_oracle,0.3771838855175083
14,0.19554318487644196,2.2336530685424805,1.9067521690158173,1,0,0,4,1,dirichlet_a0.1,42,no_attack,sign_consensus,A_condition_specific_oracle,0.3771838855175083
15,0.19150418043136597,2.2101407051086426,1.9616980450227857,1,0,0,4,1,dirichlet_a0.1,42,no_attack,sign_consensus,A_condition_specific_oracle,0.3771838855175083
16,0.2236768901348114,2.1851348876953125,1.947721810080111,1,0,0,4,1,dirichlet_a0.1,42,no_attack,sign_consensus,A_condition_specific_oracle,0.3771838855175083
17,0.22646239399909973,2.1595358848571777,1.921045433031395,1,0,0,4,1,dirichlet_a0.1,42,no_attack,sign_consensus,A_condition_specific_oracle,0.3771838855175083
18,0.22646239399909973,2.1383938789367676,1.8891563749639317,1,0,0,4,1,dirichlet_a0.1,42,no_attack,sign_consensus,A_condition_specific_oracle,0.3771838855175083
19,0.22660167515277863,2.09004545211792,1.9091577919898555,1,0,0,4,1,dirichlet_a0.1,42,no_attack,sign_consensus,A_condition_specific_oracle,0.3771838855175083
20,0.23356546461582184,2.067979335784912,1.901256951969117,1,0,0,4,1,dirichlet_a0.1,42,no_attack,sign_consensus,A_condition_specific_oracle,0.3771838855175083
21,0.22618384659290314,2.0510706901550293,1.8910532318986952,1,0,0,4,1,dirichlet_a0.1,42,no_attack,sign_consensus,A_condition_specific_oracle,0.3771838855175083
22,0.23356546461582184,1.9689692258834839,1.8994096140377223,1,0,0,4,1,dirichlet_a0.1,42,no_attack,sign_consensus,A_condition_specific_oracle,0.3771838855175083
23,0.2350974977016449,1.934195876121521,1.8062596210511401,1,0,0,4,1,dirichlet_a0.1,42,no_attack,sign_consensus,A_condition_specific_oracle,0.3771838855175083
24,0.24066853523254395,1.9100667238235474,1.7581193150253966,1,0,0,4,1,dirichlet_a0.1,42,no_attack,sign_consensus,A_condition_specific_oracle,0.3771838855175083
0,0.1863509863615036,2.1785593032836914,1.7654983650427312,0,0,1,4,0,dirichlet_a0.1,42,no_attack,sign_consensus,B_iid_transfer_frozen,0.5302234686875317
1,0.1863509863615036,2.293598175048828,1.7421147639397532,0,0,0,5,0,dirichlet_a0.1,42,no_attack,sign_consensus,B_iid_transfer_frozen,0.5302234686875317
2,0.1863509863615036,2.3207099437713623,1.7557574280072004,0,0,0,5,0,dirichlet_a0.1,42,no_attack,sign_consensus,B_iid_transfer_frozen,0.5302234686875317
3,0.1863509863615036,2.303773880004883,1.754450953914784,0,0,0,5,0,dirichlet_a0.1,42,no_attack,sign_consensus,B_iid_transfer_frozen,0.5302234686875317
4,0.1863509863615036,2.4603593349456787,1.7388401080388576,0,0,1,4,0,dirichlet_a0.1,42,no_attack,sign_consensus,B_iid_transfer_frozen,0.5302234686875317
5,0.1863509863615036,2.310952663421631,1.7399545999942347,0,0,0,5,0,dirichlet_a0.1,42,no_attack,sign_consensus,B_iid_transfer_frozen,0.5302234686875317
6,0.1863509863615036,2.4679083824157715,1.7475169120589271,0,0,1,4,0,dirichlet_a0.1,42,no_attack,sign_consensus,B_iid_transfer_frozen,0.5302234686875317
7,0.1863509863615036,2.3166990280151367,1.7492055450566113,0,0,0,5,0,dirichlet_a0.1,42,no_attack,sign_consensus,B_iid_transfer_frozen,0.5302234686875317
8,0.1863509863615036,2.2957329750061035,1.7481727530248463,0,0,0,5,0,dirichlet_a0.1,42,no_attack,sign_consensus,B_iid_transfer_frozen,0.5302234686875317
9,0.1863509863615036,2.509000778198242,1.7287136859958991,0,0,1,4,0,dirichlet_a0.1,42,no_attack,sign_consensus,B_iid_transfer_frozen,0.5302234686875317
10,0.19707521796226501,2.3004648685455322,1.7292558589251712,1,0,0,4,1,dirichlet_a0.1,42,no_attack,sign_consensus,B_iid_transfer_frozen,0.5302234686875317
11,0.1863509863615036,2.481527090072632,1.7366285180905834,1,0,1,3,1,dirichlet_a0.1,42,no_attack,sign_consensus,B_iid_transfer_frozen,0.5302234686875317
12,0.19512535631656647,2.278618812561035,1.730553552042693,1,0,0,4,1,dirichlet_a0.1,42,no_attack,sign_consensus,B_iid_transfer_frozen,0.5302234686875317
13,0.19832868874073029,2.400406837463379,1.7079124870942906,1,0,1,3,1,dirichlet_a0.1,42,no_attack,sign_consensus,B_iid_transfer_frozen,0.5302234686875317
14,0.21142062544822693,2.216118097305298,1.7249442740576342,1,0,0,4,1,dirichlet_a0.1,42,no_attack,sign_consensus,B_iid_transfer_frozen,0.5302234686875317
15,0.1977715939283371,2.3891124725341797,1.7352100580465049,1,0,1,3,1,dirichlet_a0.1,42,no_attack,sign_consensus,B_iid_transfer_frozen,0.5302234686875317
16,0.23356546461582184,2.1546523571014404,1.7199549260549247,1,0,0,4,1,dirichlet_a0.1,42,no_attack,sign_consensus,B_iid_transfer_frozen,0.5302234686875317
17,0.22437326610088348,2.2455663681030273,1.7408760819816962,1,0,1,3,1,dirichlet_a0.1,42,no_attack,sign_consensus,B_iid_transfer_frozen,0.5302234686875317
18,0.23356546461582184,2.0626230239868164,1.7267932939575985,1,0,0,4,1,dirichlet_a0.1,42,no_attack,sign_consensus,B_iid_transfer_frozen,0.5302234686875317
19,0.22465181350708008,2.252335548400879,1.7515389799373224,1,0,1,3,1,dirichlet_a0.1,42,no_attack,sign_consensus,B_iid_transfer_frozen,0.5302234686875317
20,0.23356546461582184,1.974467158317566,1.7376521669793874,1,0,0,4,1,dirichlet_a0.1,42,no_attack,sign_consensus,B_iid_transfer_frozen,0.5302234686875317
21,0.23356546461582184,1.9527311325073242,1.7349254409782588,1,0,0,4,1,dirichlet_a0.1,42,no_attack,sign_consensus,B_iid_transfer_frozen,0.5302234686875317
22,0.23370474576950073,2.132519245147705,1.7429570400854573,1,0,1,3,1,dirichlet_a0.1,42,no_attack,sign_consensus,B_iid_transfer_frozen,0.5302234686875317
23,0.23579387366771698,1.908376693725586,1.747013462940231,1,0,0,4,1,dirichlet_a0.1,42,no_attack,sign_consensus,B_iid_transfer_frozen,0.5302234686875317
24,0.2614206075668335,1.8593991994857788,1.7417733240872622,1,0,0,4,1,dirichlet_a0.1,42,no_attack,sign_consensus,B_iid_transfer_frozen,0.5302234686875317
0,0.05863510072231293,2.1941816806793213,1.7474009289871901,0,,,,,iid,42,large_norm,fedavg,not_applicable,
1,0.16894151270389557,2.191495418548584,1.7227637680480257,0,,,,,iid,42,large_norm,fedavg,not_applicable,
2,0.1717270165681839,2.189889669418335,1.726117554004304,0,,,,,iid,42,large_norm,fedavg,not_applicable,
3,0.1717270165681839,2.1879992485046387,1.7558573809219524,0,,,,,iid,42,large_norm,fedavg,not_applicable,
4,0.1717270165681839,2.1869301795959473,1.737845295923762,0,,,,,iid,42,large_norm,fedavg,not_applicable,
5,0.1717270165681839,2.1849777698516846,1.7406344190239906,0,,,,,iid,42,large_norm,fedavg,not_applicable,
6,0.1717270165681839,2.1847472190856934,1.7516629230231047,0,,,,,iid,42,large_norm,fedavg,not_applicable,
7,0.1717270165681839,2.182499647140503,1.759846195927821,0,,,,,iid,42,large_norm,fedavg,not_applicable,
8,0.1717270165681839,2.1795401573181152,1.7491012209793553,0,,,,,iid,42,large_norm,fedavg,not_applicable,
9,0.1715877503156662,2.177849531173706,1.7465779560152441,0,,,,,iid,42,large_norm,fedavg,not_applicable,
10,0.18704736232757568,170438768.0,1.7464740850264207,1,,,,,iid,42,large_norm,fedavg,not_applicable,
11,0.1863509863615036,nan,1.7616507729981095,1,,,,,iid,42,large_norm,fedavg,not_applicable,
12,0.1863509863615036,nan,1.770288820960559,1,,,,,iid,42,large_norm,fedavg,not_applicable,
13,0.1863509863615036,nan,1.7508499829564244,1,,,,,iid,42,large_norm,fedavg,not_applicable,
14,0.1863509863615036,nan,1.7485226530116051,1,,,,,iid,42,large_norm,fedavg,not_applicable,
15,0.1863509863615036,nan,1.763764189905487,1,,,,,iid,42,large_norm,fedavg,not_applicable,
16,0.1863509863615036,nan,1.745915392995812,1,,,,,iid,42,large_norm,fedavg,not_applicable,
17,0.1863509863615036,nan,1.78433935996145,1,,,,,iid,42,large_norm,fedavg,not_applicable,
18,0.1863509863615036,nan,1.7245232600253075,1,,,,,iid,42,large_norm,fedavg,not_applicable,
19,0.1863509863615036,nan,1.7321806189138442,1,,,,,iid,42,large_norm,fedavg,not_applicable,
20,0.1863509863615036,nan,1.7077592649729922,1,,,,,iid,42,large_norm,fedavg,not_applicable,
21,0.1863509863615036,nan,1.7042886309791356,1,,,,,iid,42,large_norm,fedavg,not_applicable,
22,0.1863509863615036,nan,1.7710316120646894,1,,,,,iid,42,large_norm,fedavg,not_applicable,
23,0.1863509863615036,nan,1.7809834709623829,1,,,,,iid,42,large_norm,fedavg,not_applicable,
24,0.1863509863615036,nan,1.756639439961873,1,,,,,iid,42,large_norm,fedavg,not_applicable,
0,0.05863510072231293,2.1941819190979004,1.7639020569622517,0,0,0,5,0,iid,42,large_norm,norm,A_condition_specific_oracle,0.06531378980835097
1,0.16894151270389557,2.191495895385742,1.728703118977137,0,0,0,5,0,iid,42,large_norm,norm,A_condition_specific_oracle,0.06531378980835097
2,0.1717270165681839,2.189889907836914,1.7360129430890083,0,0,0,5,0,iid,42,large_norm,norm,A_condition_specific_oracle,0.06531378980835097
3,0.1717270165681839,2.187997817993164,1.7989951049676165,0,0,0,5,0,iid,42,large_norm,norm,A_condition_specific_oracle,0.06531378980835097
4,0.1717270165681839,2.186929225921631,1.7151169760618359,0,0,0,5,0,iid,42,large_norm,norm,A_condition_specific_oracle,0.06531378980835097
5,0.1717270165681839,2.18497371673584,1.7041120729409158,0,0,0,5,0,iid,42,large_norm,norm,A_condition_specific_oracle,0.06531378980835097
6,0.1717270165681839,2.184746503829956,1.7120204559760168,0,0,0,5,0,iid,42,large_norm,norm,A_condition_specific_oracle,0.06531378980835097
7,0.1717270165681839,2.1824662685394287,1.7129007850307971,0,0,0,5,0,iid,42,large_norm,norm,A_condition_specific_oracle,0.06531378980835097
8,0.1717270165681839,2.179532289505005,1.7186410879949108,0,0,0,5,0,iid,42,large_norm,norm,A_condition_specific_oracle,0.06531378980835097
9,0.1715877503156662,2.17787504196167,1.7491403589956462,0,0,0,5,0,iid,42,large_norm,norm,A_condition_specific_oracle,0.06531378980835097
10,0.17061281204223633,2.175530195236206,1.7510821669129655,1,1,0,4,0,iid,42,large_norm,norm,A_condition_specific_oracle,0.06531378980835097
11,0.1711699217557907,2.1730191707611084,1.7261006580665708,1,1,0,4,0,iid,42,large_norm,norm,A_condition_specific_oracle,0.06531378980835097
12,0.17019498348236084,2.1678082942962646,1.7422486289869994,1,1,0,4,0,iid,42,large_norm,norm,A_condition_specific_oracle,0.06531378980835097
13,0.1717270165681839,2.1615517139434814,1.7392787160351872,1,1,0,4,0,iid,42,large_norm,norm,A_condition_specific_oracle,0.06531378980835097
14,0.1717270165681839,2.151702404022217,1.5900611910037696,1,1,0,4,0,iid,42,large_norm,norm,A_condition_specific_oracle,0.06531378980835097
15,0.20362117886543274,2.142622232437134,1.761810651049018,1,1,0,4,0,iid,42,large_norm,norm,A_condition_specific_oracle,0.06531378980835097
16,0.3126741051673889,2.1333506107330322,1.7508439569501206,1,1,0,4,0,iid,42,large_norm,norm,A_condition_specific_oracle,0.06531378980835097
17,0.3538997173309326,2.117091417312622,1.768588340957649,1,1,0,4,0,iid,42,large_norm,norm,A_condition_specific_oracle,0.06531378980835097
18,0.3538997173309326,2.117091417312622,1.735927370027639,1,1,4,0,0,iid,42,large_norm,norm,A_condition_specific_oracle,0.06531378980835097
19,0.3538997173309326,2.117091417312622,1.742266527027823,1,1,4,0,0,iid,42,large_norm,norm,A_condition_specific_oracle,0.06531378980835097
20,0.3538997173309326,2.117091417312622,1.7218464720062912,1,1,4,0,0,iid,42,large_norm,norm,A_condition_specific_oracle,0.06531378980835097
21,0.3538997173309326,2.117091417312622,1.7368703980464488,1,1,4,0,0,iid,42,large_norm,norm,A_condition_specific_oracle,0.06531378980835097
22,0.3538997173309326,2.117091417312622,1.7506852329242975,1,1,4,0,0,iid,42,large_norm,norm,A_condition_specific_oracle,0.06531378980835097
23,0.3538997173309326,2.117091417312622,1.7595619320636615,1,1,4,0,0,iid,42,large_norm,norm,A_condition_specific_oracle,0.06531378980835097
24,0.3538997173309326,2.117091417312622,1.7629110229900107,1,1,4,0,0,iid,42,large_norm,norm,A_condition_specific_oracle,0.06531378980835097
0,0.05863510072231293,2.1941819190979004,2.095874916994944,0,0,0,5,0,iid,42,large_norm,cosine,A_condition_specific_oracle,0.650607831373524
1,0.15194986760616302,2.191450357437134,2.055868960916996,0,0,0,5,0,iid,42,large_norm,cosine,A_condition_specific_oracle,0.650607831373524
2,0.1717270165681839,2.1899046897888184,1.819633326958865,0,0,0,5,0,iid,42,large_norm,cosine,A_condition_specific_oracle,0.650607831373524
3,0.1717270165681839,2.1878929138183594,2.059457910945639,0,0,0,5,0,iid,42,large_norm,cosine,A_condition_specific_oracle,0.650607831373524
4,0.1717270165681839,2.186490297317505,2.0660628920886666,0,0,0,5,0,iid,42,large_norm,cosine,A_condition_specific_oracle,0.650607831373524
5,0.1717270165681839,2.1850297451019287,2.0923933249432594,0,0,0,5,0,iid,42,large_norm,cosine,A_condition_specific_oracle,0.650607831373524
6,0.1717270165681839,2.183109760284424,1.872005523997359,0,0,0,5,0,iid,42,large_norm,cosine,A_condition_specific_oracle,0.650607831373524
7,0.1715877503156662,2.1817126274108887,2.077651467989199,0,0,0,5,0,iid,42,large_norm,cosine,A_condition_specific_oracle,0.650607831373524
8,0.17047354578971863,2.179098129272461,2.1187653789529577,0,0,0,5,0,iid,42,large_norm,cosine,A_condition_specific_oracle,0.650607831373524
9,0.1711699217557907,2.177093267440796,2.1020198919577524,0,0,0,5,0,iid,42,large_norm,cosine,A_condition_specific_oracle,0.650607831373524
10,0.1717270165681839,2.1732475757598877,2.182560359011404,1,1,0,4,0,iid,42,large_norm,cosine,A_condition_specific_oracle,0.650607831373524
11,0.1717270165681839,2.1691648960113525,2.2631710279965773,1,1,0,4,0,iid,42,large_norm,cosine,A_condition_specific_oracle,0.650607831373524
12,0.1714484691619873,2.1646268367767334,2.25388827000279,1,1,0,4,0,iid,42,large_norm,cosine,A_condition_specific_oracle,0.650607831373524
13,0.1717270165681839,2.158967971801758,2.1285224250750616,1,1,0,4,0,iid,42,large_norm,cosine,A_condition_specific_oracle,0.650607831373524
14,0.1717270165681839,2.148198366165161,2.124475763994269,1,1,0,4,0,iid,42,large_norm,cosine,A_condition_specific_oracle,0.650607831373524
15,0.2717270255088806,2.141115427017212,2.166486954083666,1,1,0,4,0,iid,42,large_norm,cosine,A_condition_specific_oracle,0.650607831373524
16,0.34206128120422363,2.1300060749053955,2.2408649820135906,1,1,0,4,0,iid,42,large_norm,cosine,A_condition_specific_oracle,0.650607831373524
17,0.3544568419456482,2.1159276962280273,2.227565053035505,1,1,0,4,0,iid,42,large_norm,cosine,A_condition_specific_oracle,0.650607831373524
18,0.35264626145362854,2.0973000526428223,2.1667064300272614,1,1,0,4,0,iid,42,large_norm,cosine,A_condition_specific_oracle,0.650607831373524
19,0.3508356511592865,2.0717408657073975,2.2590538209769875,1,1,0,4,0,iid,42,large_norm,cosine,A_condition_specific_oracle,0.650607831373524
20,0.4132311940193176,2.03454327583313,2.3101647990988567,1,1,0,4,0,iid,42,large_norm,cosine,A_condition_specific_oracle,0.650607831373524
21,0.41573816537857056,1.9893189668655396,2.2388891769805923,1,1,0,4,0,iid,42,large_norm,cosine,A_condition_specific_oracle,0.650607831373524
22,0.41587746143341064,1.9315133094787598,2.254266793956049,1,1,0,4,0,iid,42,large_norm,cosine,A_condition_specific_oracle,0.650607831373524
23,0.4218662977218628,1.853480577468872,2.247501074918546,1,1,0,4,0,iid,42,large_norm,cosine,A_condition_specific_oracle,0.650607831373524
24,0.43467968702316284,1.7706995010375977,2.16295943595469,1,1,0,4,0,iid,42,large_norm,cosine,A_condition_specific_oracle,0.650607831373524
0,0.05863510072231293,2.1941821575164795,1.7956153659615666,0,0,0,5,0,iid,42,large_norm,sign_consensus,A_condition_specific_oracle,0.5317116588516675
1,0.16894151270389557,2.1914961338043213,1.7954021350014955,0,0,0,5,0,iid,42,large_norm,sign_consensus,A_condition_specific_oracle,0.5317116588516675
2,0.1717270165681839,2.1898908615112305,1.8534810449928045,0,0,0,5,0,iid,42,large_norm,sign_consensus,A_condition_specific_oracle,0.5317116588516675
3,0.1717270165681839,2.188000202178955,1.7593264639144763,0,0,0,5,0,iid,42,large_norm,sign_consensus,A_condition_specific_oracle,0.5317116588516675
4,0.1717270165681839,2.1869285106658936,1.730734775075689,0,0,0,5,0,iid,42,large_norm,sign_consensus,A_condition_specific_oracle,0.5317116588516675
5,0.1717270165681839,2.1849770545959473,1.745605343952775,0,0,0,5,0,iid,42,large_norm,sign_consensus,A_condition_specific_oracle,0.5317116588516675
6,0.1717270165681839,2.184748649597168,1.7690815499518067,0,0,0,5,0,iid,42,large_norm,sign_consensus,A_condition_specific_oracle,0.5317116588516675
7,0.1717270165681839,2.1824893951416016,1.8073434849502519,0,0,0,5,0,iid,42,large_norm,sign_consensus,A_condition_specific_oracle,0.5317116588516675
8,0.1717270165681839,2.179504156112671,1.7741321040084586,0,0,0,5,0,iid,42,large_norm,sign_consensus,A_condition_specific_oracle,0.5317116588516675
9,0.1715877503156662,2.177821636199951,1.7730541379423812,0,0,0,5,0,iid,42,large_norm,sign_consensus,A_condition_specific_oracle,0.5317116588516675
10,0.18704736232757568,170439104.0,1.83386789704673,1,0,0,4,1,iid,42,large_norm,sign_consensus,A_condition_specific_oracle,0.5317116588516675
11,0.18704736232757568,170439104.0,1.7427794660907239,1,1,4,0,0,iid,42,large_norm,sign_consensus,A_condition_specific_oracle,0.5317116588516675
12,0.18704736232757568,170439104.0,1.7277815549168736,1,1,4,0,0,iid,42,large_norm,sign_consensus,A_condition_specific_oracle,0.5317116588516675
13,0.18704736232757568,170439104.0,1.7771452669985592,1,1,4,0,0,iid,42,large_norm,sign_consensus,A_condition_specific_oracle,0.5317116588516675
14,0.18704736232757568,170439104.0,1.7915013110032305,1,1,4,0,0,iid,42,large_norm,sign_consensus,A_condition_specific_oracle,0.5317116588516675
15,0.18704736232757568,170439104.0,1.7584401819622144,1,1,4,0,0,iid,42,large_norm,sign_consensus,A_condition_specific_oracle,0.5317116588516675
16,0.18704736232757568,170439104.0,1.7316323959967121,1,1,4,0,0,iid,42,large_norm,sign_consensus,A_condition_specific_oracle,0.5317116588516675
17,0.18704736232757568,170439104.0,1.755336127942428,1,1,4,0,0,iid,42,large_norm,sign_consensus,A_condition_specific_oracle,0.5317116588516675
18,0.18704736232757568,170439104.0,1.761527901981026,1,1,4,0,0,iid,42,large_norm,sign_consensus,A_condition_specific_oracle,0.5317116588516675
19,0.18704736232757568,170439104.0,1.780391845968552,1,1,4,0,0,iid,42,large_norm,sign_consensus,A_condition_specific_oracle,0.5317116588516675
20,0.18704736232757568,170439104.0,1.733586953021586,1,1,4,0,0,iid,42,large_norm,sign_consensus,A_condition_specific_oracle,0.5317116588516675
21,0.18704736232757568,170439104.0,1.7411989849060774,1,1,4,0,0,iid,42,large_norm,sign_consensus,A_condition_specific_oracle,0.5317116588516675
22,0.18704736232757568,170439104.0,1.7309317210456356,1,1,4,0,0,iid,42,large_norm,sign_consensus,A_condition_specific_oracle,0.5317116588516675
23,0.18704736232757568,170439104.0,1.7687221089145169,1,1,4,0,0,iid,42,large_norm,sign_consensus,A_condition_specific_oracle,0.5317116588516675
24,0.18704736232757568,170439104.0,1.7636520470259711,1,1,4,0,0,iid,42,large_norm,sign_consensus,A_condition_specific_oracle,0.5317116588516675
0,0.05863510072231293,2.1941819190979004,1.7435363149270415,0,,,,,iid,42,no_attack,fedavg,not_applicable,
1,0.16894151270389557,2.191495418548584,1.746897081960924,0,,,,,iid,42,no_attack,fedavg,not_applicable,
2,0.1717270165681839,2.189889669418335,1.743253986001946,0,,,,,iid,42,no_attack,fedavg,not_applicable,
3,0.1717270165681839,2.1879982948303223,1.702703193994239,0,,,,,iid,42,no_attack,fedavg,not_applicable,
4,0.1717270165681839,2.1869289875030518,1.7601560729090124,0,,,,,iid,42,no_attack,fedavg,not_applicable,
5,0.1717270165681839,2.1849772930145264,1.7308562650578097,0,,,,,iid,42,no_attack,fedavg,not_applicable,
6,0.1717270165681839,2.184746503829956,1.7141006470192224,0,,,,,iid,42,no_attack,fedavg,not_applicable,
7,0.1717270165681839,2.1824817657470703,1.7198525989660993,0,,,,,iid,42,no_attack,fedavg,not_applicable,
8,0.1717270165681839,2.179532766342163,1.7401534439995885,0,,,,,iid,42,no_attack,fedavg,not_applicable,
9,0.1715877503156662,2.17783260345459,1.72956328606233,0,,,,,iid,42,no_attack,fedavg,not_applicable,
10,0.1715877503156662,2.1749513149261475,1.7129660239443183,1,,,,,iid,42,no_attack,fedavg,not_applicable,
11,0.16908077895641327,2.171463966369629,1.7200314269866794,1,,,,,iid,42,no_attack,fedavg,not_applicable,
12,0.17089137434959412,2.1667001247406006,1.7147798408987,1,,,,,iid,42,no_attack,fedavg,not_applicable,
13,0.17005571722984314,2.161292791366577,1.7274498849874362,1,,,,,iid,42,no_attack,fedavg,not_applicable,
14,0.16977716982364655,2.1539785861968994,1.771475424990058,1,,,,,iid,42,no_attack,fedavg,not_applicable,
15,0.20376044511795044,2.1445744037628174,1.776598597993143,1,,,,,iid,42,no_attack,fedavg,not_applicable,
16,0.29596102237701416,2.1347744464874268,1.7598439790308475,1,,,,,iid,42,no_attack,fedavg,not_applicable,
17,0.35264626145362854,2.1213250160217285,1.7370093050412834,1,,,,,iid,42,no_attack,fedavg,not_applicable,
18,0.36058497428894043,2.1022117137908936,1.8110514060826972,1,,,,,iid,42,no_attack,fedavg,not_applicable,
19,0.3618384599685669,2.07820200920105,1.788072699913755,1,,,,,iid,42,no_attack,fedavg,not_applicable,
20,0.41991645097732544,2.044351816177368,1.8389288140460849,1,,,,,iid,42,no_attack,fedavg,not_applicable,
21,0.41935935616493225,1.9962221384048462,1.8142368230037391,1,,,,,iid,42,no_attack,fedavg,not_applicable,
22,0.41643455624580383,1.9452399015426636,1.8279664230067283,1,,,,,iid,42,no_attack,fedavg,not_applicable,
23,0.4215877652168274,1.869574785232544,1.8015329870395362,1,,,,,iid,42,no_attack,fedavg,not_applicable,
24,0.44986072182655334,1.8031212091445923,1.7587112730834633,1,,,,,iid,42,no_attack,fedavg,not_applicable,
0,0.05863510072231293,2.1941816806793213,1.7936581429094076,0,0,0,5,0,iid,42,no_attack,norm,A_condition_specific_oracle,0.06531378980835097
1,0.16894151270389557,2.1914966106414795,1.8276481119683012,0,0,0,5,0,iid,42,no_attack,norm,A_condition_specific_oracle,0.06531378980835097
2,0.1717270165681839,2.1898889541625977,1.782260395004414,0,0,0,5,0,iid,42,no_attack,norm,A_condition_specific_oracle,0.06531378980835097
3,0.1717270165681839,2.1879968643188477,1.7602599009405822,0,0,0,5,0,iid,42,no_attack,norm,A_condition_specific_oracle,0.06531378980835097
4,0.1717270165681839,2.1869285106658936,1.7656719500664622,0,0,0,5,0,iid,42,no_attack,norm,A_condition_specific_oracle,0.06531378980835097
5,0.1717270165681839,2.1849751472473145,1.829861102043651,0,0,0,5,0,iid,42,no_attack,norm,A_condition_specific_oracle,0.06531378980835097
6,0.1717270165681839,2.1847472190856934,1.8184686480090022,0,0,0,5,0,iid,42,no_attack,norm,A_condition_specific_oracle,0.06531378980835097
7,0.1717270165681839,2.182478189468384,1.7337122210301459,0,0,0,5,0,iid,42,no_attack,norm,A_condition_specific_oracle,0.06531378980835097
8,0.1717270165681839,2.1795318126678467,1.7568397129653022,0,0,0,5,0,iid,42,no_attack,norm,A_condition_specific_oracle,0.06531378980835097
9,0.1715877503156662,2.1778316497802734,1.816712234984152,0,0,0,5,0,iid,42,no_attack,norm,A_condition_specific_oracle,0.06531378980835097
10,0.1715877503156662,2.174950122833252,1.7934562499867752,1,0,0,4,1,iid,42,no_attack,norm,A_condition_specific_oracle,0.06531378980835097
11,0.16922006011009216,2.171459913253784,1.7650184880476445,1,0,0,4,1,iid,42,no_attack,norm,A_condition_specific_oracle,0.06531378980835097
12,0.17089137434959412,2.166701555252075,1.79615745798219,1,0,0,4,1,iid,42,no_attack,norm,A_condition_specific_oracle,0.06531378980835097
13,0.17005571722984314,2.1612913608551025,1.7535106759751216,1,0,0,4,1,iid,42,no_attack,norm,A_condition_specific_oracle,0.06531378980835097
14,0.16977716982364655,2.1539690494537354,1.7541814910946414,1,0,0,4,1,iid,42,no_attack,norm,A_condition_specific_oracle,0.06531378980835097
15,0.20376044511795044,2.1445696353912354,1.728660982917063,1,0,0,4,1,iid,42,no_attack,norm,A_condition_specific_oracle,0.06531378980835097
16,0.29596102237701416,2.134770631790161,1.7907550509553403,1,0,0,4,1,iid,42,no_attack,norm,A_condition_specific_oracle,0.06531378980835097
17,0.35264626145362854,2.121317148208618,1.7685914420289919,1,0,0,4,1,iid,42,no_attack,norm,A_condition_specific_oracle,0.06531378980835097
18,0.3352367877960205,2.107464075088501,1.750543873058632,1,0,4,0,1,iid,42,no_attack,norm,A_condition_specific_oracle,0.06531378980835097
19,0.3352367877960205,2.107464075088501,1.7512078470317647,1,1,4,0,0,iid,42,no_attack,norm,A_condition_specific_oracle,0.06531378980835097
20,0.3352367877960205,2.107464075088501,1.5560181810287759,1,1,4,0,0,iid,42,no_attack,norm,A_condition_specific_oracle,0.06531378980835097
21,0.3352367877960205,2.107464075088501,1.7816927690291777,1,1,4,0,0,iid,42,no_attack,norm,A_condition_specific_oracle,0.06531378980835097
22,0.3352367877960205,2.107464075088501,1.7846967519726604,1,1,4,0,0,iid,42,no_attack,norm,A_condition_specific_oracle,0.06531378980835097
23,0.3352367877960205,2.107464075088501,1.8250187609810382,1,1,4,0,0,iid,42,no_attack,norm,A_condition_specific_oracle,0.06531378980835097
24,0.3352367877960205,2.107464075088501,1.766155386925675,1,1,4,0,0,iid,42,no_attack,norm,A_condition_specific_oracle,0.06531378980835097
0,0.05863510072231293,2.1941819190979004,2.0979051970643923,0,0,0,5,0,iid,42,no_attack,cosine,A_condition_specific_oracle,0.650607831373524
1,0.15194986760616302,2.191450595855713,2.17374150804244,0,0,0,5,0,iid,42,no_attack,cosine,A_condition_specific_oracle,0.650607831373524
2,0.1717270165681839,2.1899046897888184,2.151196771999821,0,0,0,5,0,iid,42,no_attack,cosine,A_condition_specific_oracle,0.650607831373524
3,0.1717270165681839,2.187891960144043,2.1450891620479524,0,0,0,5,0,iid,42,no_attack,cosine,A_condition_specific_oracle,0.650607831373524
4,0.1717270165681839,2.186490058898926,2.149352060048841,0,0,0,5,0,iid,42,no_attack,cosine,A_condition_specific_oracle,0.650607831373524
5,0.1717270165681839,2.185025453567505,2.1236382910283282,0,0,0,5,0,iid,42,no_attack,cosine,A_condition_specific_oracle,0.650607831373524
6,0.1717270165681839,2.1831042766571045,2.1673328899778426,0,0,0,5,0,iid,42,no_attack,cosine,A_condition_specific_oracle,0.650607831373524
7,0.1715877503156662,2.1817147731781006,2.0966937000630423,0,0,0,5,0,iid,42,no_attack,cosine,A_condition_specific_oracle,0.650607831373524
8,0.17047354578971863,2.17909574508667,2.201492298976518,0,0,0,5,0,iid,42,no_attack,cosine,A_condition_specific_oracle,0.650607831373524
9,0.1711699217557907,2.177093744277954,2.176367676933296,0,0,0,5,0,iid,42,no_attack,cosine,A_condition_specific_oracle,0.650607831373524
10,0.16949860751628876,2.1737546920776367,1.897350418032147,1,0,0,4,1,iid,42,no_attack,cosine,A_condition_specific_oracle,0.650607831373524
11,0.16866295039653778,2.1693687438964844,2.291771422023885,1,0,0,4,1,iid,42,no_attack,cosine,A_condition_specific_oracle,0.650607831373524
12,0.17019498348236084,2.1635236740112305,2.2951039320323616,1,0,0,4,1,iid,42,no_attack,cosine,A_condition_specific_oracle,0.650607831373524
13,0.17033426463603973,2.1609363555908203,2.1519276059698313,1,0,0,4,1,iid,42,no_attack,cosine,A_condition_specific_oracle,0.650607831373524
14,0.1720055788755417,2.1528115272521973,2.133968970971182,1,0,0,4,1,iid,42,no_attack,cosine,A_condition_specific_oracle,0.650607831373524
15,0.2608635127544403,2.1436288356781006,2.181429179967381,1,0,0,4,1,iid,42,no_attack,cosine,A_condition_specific_oracle,0.650607831373524
16,0.33036211133003235,2.1328649520874023,2.1258271710248664,1,0,0,4,1,iid,42,no_attack,cosine,A_condition_specific_oracle,0.650607831373524
17,0.35668525099754333,2.1209285259246826,2.199396530049853,1,0,0,4,1,iid,42,no_attack,cosine,A_condition_specific_oracle,0.650607831373524
18,0.36016714572906494,2.10097074508667,2.206974112894386,1,0,0,4,1,iid,42,no_attack,cosine,A_condition_specific_oracle,0.650607831373524
19,0.3551532030105591,2.077319622039795,2.36103984399233,1,0,0,4,1,iid,42,no_attack,cosine,A_condition_specific_oracle,0.650607831373524
20,0.39428970217704773,2.0397250652313232,2.147456449922174,1,0,0,4,1,iid,42,no_attack,cosine,A_condition_specific_oracle,0.650607831373524
21,0.41894152760505676,1.9998472929000854,2.159851261996664,1,0,0,4,1,iid,42,no_attack,cosine,A_condition_specific_oracle,0.650607831373524
22,0.416991651058197,1.9292261600494385,2.1847454429371282,1,0,0,4,1,iid,42,no_attack,cosine,A_condition_specific_oracle,0.650607831373524
23,0.41949862241744995,1.8547003269195557,2.238888537976891,1,0,0,4,1,iid,42,no_attack,cosine,A_condition_specific_oracle,0.650607831373524
24,0.41532033681869507,1.7741286754608154,2.262527726008557,1,0,0,4,1,iid,42,no_attack,cosine,A_condition_specific_oracle,0.650607831373524
0,0.05863510072231293,2.1941816806793213,1.8272636228939518,0,0,0,5,0,iid,42,no_attack,sign_consensus,A_condition_specific_oracle,0.5317116588516675
1,0.16894151270389557,2.191495418548584,1.8402652450604364,0,0,0,5,0,iid,42,no_attack,sign_consensus,A_condition_specific_oracle,0.5317116588516675
2,0.1717270165681839,2.1898906230926514,1.8076261980459094,0,0,0,5,0,iid,42,no_attack,sign_consensus,A_condition_specific_oracle,0.5317116588516675
3,0.1717270165681839,2.187999725341797,1.7735772830201313,0,0,0,5,0,iid,42,no_attack,sign_consensus,A_condition_specific_oracle,0.5317116588516675
4,0.1717270165681839,2.18692684173584,1.8041343020740896,0,0,0,5,0,iid,42,no_attack,sign_consensus,A_condition_specific_oracle,0.5317116588516675
5,0.1717270165681839,2.1849746704101562,1.8241595210274681,0,0,0,5,0,iid,42,no_attack,sign_consensus,A_condition_specific_oracle,0.5317116588516675
6,0.1717270165681839,2.1847457885742188,1.739663084037602,0,0,0,5,0,iid,42,no_attack,sign_consensus,A_condition_specific_oracle,0.5317116588516675
7,0.1717270165681839,2.182481527328491,1.7696119910106063,0,0,0,5,0,iid,42,no_attack,sign_consensus,A_condition_specific_oracle,0.5317116588516675
8,0.1717270165681839,2.1795105934143066,1.763155956985429,0,0,0,5,0,iid,42,no_attack,sign_consensus,A_condition_specific_oracle,0.5317116588516675
9,0.1715877503156662,2.1778204441070557,1.7759775270242244,0,0,0,5,0,iid,42,no_attack,sign_consensus,A_condition_specific_oracle,0.5317116588516675
10,0.1715877503156662,2.174940586090088,1.7322553721023723,1,0,0,4,1,iid,42,no_attack,sign_consensus,A_condition_specific_oracle,0.5317116588516675
11,0.16922006011009216,2.171456813812256,1.7497323639690876,1,0,0,4,1,iid,42,no_attack,sign_consensus,A_condition_specific_oracle,0.5317116588516675
12,0.17089137434959412,2.166699171066284,1.7589097450254485,1,0,0,4,1,iid,42,no_attack,sign_consensus,A_condition_specific_oracle,0.5317116588516675
13,0.17019498348236084,2.1612913608551025,1.7233626719098538,1,0,0,4,1,iid,42,no_attack,sign_consensus,A_condition_specific_oracle,0.5317116588516675
14,0.16977716982364655,2.153968334197998,1.7477278130827472,1,0,0,4,1,iid,42,no_attack,sign_consensus,A_condition_specific_oracle,0.5317116588516675
15,0.20376044511795044,2.14457106590271,1.7877658118959516,1,0,0,4,1,iid,42,no_attack,sign_consensus,A_condition_specific_oracle,0.5317116588516675
16,0.29596102237701416,2.1347622871398926,1.7825786489993334,1,0,0,4,1,iid,42,no_attack,sign_consensus,A_condition_specific_oracle,0.5317116588516675
17,0.35264626145362854,2.1213130950927734,1.7915204389719293,1,0,0,4,1,iid,42,no_attack,sign_consensus,A_condition_specific_oracle,0.5317116588516675
18,0.36058497428894043,2.10219407081604,1.790162208955735,1,0,0,4,1,iid,42,no_attack,sign_consensus,A_condition_specific_oracle,0.5317116588516675
19,0.3618384599685669,2.0781848430633545,1.7802610229700804,1,0,0,4,1,iid,42,no_attack,sign_consensus,A_condition_specific_oracle,0.5317116588516675
20,0.41977715492248535,2.0443127155303955,1.7543334600050002,1,0,0,4,1,iid,42,no_attack,sign_consensus,A_condition_specific_oracle,0.5317116588516675
21,0.41935935616493225,1.9961748123168945,1.8518271949142218,1,0,0,4,1,iid,42,no_attack,sign_consensus,A_condition_specific_oracle,0.5317116588516675
22,0.41643455624580383,1.945182204246521,1.763838019920513,1,0,0,4,1,iid,42,no_attack,sign_consensus,A_condition_specific_oracle,0.5317116588516675
23,0.4215877652168274,1.8695363998413086,1.7685119989328086,1,0,0,4,1,iid,42,no_attack,sign_consensus,A_condition_specific_oracle,0.5317116588516675
24,0.44972145557403564,1.803036093711853,1.7676375999581069,1,0,0,4,1,iid,42,no_attack,sign_consensus,A_condition_specific_oracle,0.5317116588516675
