partition,attack,defense,calibration_regime,tp,fp,tn,fn,tpr,fpr
dirichlet_a0.1,directional_poisoning,cosine,A_condition_specific_oracle,34.0,0.0,180.0,11.0,0.7555555555555555,0.0
dirichlet_a0.1,directional_poisoning,cosine,B_iid_transfer_frozen,45.0,180.0,0.0,0.0,1.0,1.0
dirichlet_a0.1,directional_poisoning,norm,A_condition_specific_oracle,21.0,30.0,150.0,24.0,0.4666666666666667,0.16666666666666666
dirichlet_a0.1,directional_poisoning,norm,B_iid_transfer_frozen,45.0,180.0,0.0,0.0,1.0,1.0
dirichlet_a0.1,directional_poisoning,sign_consensus,A_condition_specific_oracle,0.0,2.0,178.0,45.0,0.0,0.011111111111111112
dirichlet_a0.1,directional_poisoning,sign_consensus,B_iid_transfer_frozen,14.0,60.0,120.0,31.0,0.3111111111111111,0.3333333333333333
dirichlet_a0.1,full_sign_flip,cosine,A_condition_specific_oracle,34.0,0.0,180.0,11.0,0.7555555555555555,0.0
dirichlet_a0.1,full_sign_flip,cosine,B_iid_transfer_frozen,45.0,180.0,0.0,0.0,1.0,1.0
dirichlet_a0.1,full_sign_flip,norm,A_condition_specific_oracle,21.0,30.0,150.0,24.0,0.4666666666666667,0.16666666666666666
dirichlet_a0.1,full_sign_flip,norm,B_iid_transfer_frozen,45.0,180.0,0.0,0.0,1.0,1.0
dirichlet_a0.1,full_sign_flip,sign_consensus,A_condition_specific_oracle,0.0,2.0,178.0,45.0,0.0,0.011111111111111112
dirichlet_a0.1,full_sign_flip,sign_consensus,B_iid_transfer_frozen,14.0,62.0,118.0,31.0,0.3111111111111111,0.34444444444444444
dirichlet_a0.1,large_norm,cosine,A_condition_specific_oracle,0.0,15.0,165.0,45.0,0.0,0.08333333333333333
dirichlet_a0.1,large_norm,cosine,B_iid_transfer_frozen,45.0,180.0,0.0,0.0,1.0,1.0
dirichlet_a0.1,large_norm,norm,A_condition_specific_oracle,45.0,30.0,150.0,0.0,1.0,0.16666666666666666
dirichlet_a0.1,large_norm,norm,B_iid_transfer_frozen,45.0,180.0,0.0,0.0,1.0,1.0
dirichlet_a0.1,large_norm,sign_consensus,A_condition_specific_oracle,0.0,75.0,105.0,45.0,0.0,0.4166666666666667
dirichlet_a0.1,large_norm,sign_consensus,B_iid_transfer_frozen,0.0,180.0,0.0,45.0,0.0,1.0
dirichlet_a0.1,low_norm,cosine,A_condition_specific_oracle,0.0,1.0,179.0,45.0,0.0,0.005555555555555556
dirichlet_a0.1,low_norm,cosine,B_iid_transfer_frozen,45.0,180.0,0.0,0.0,1.0,1.0
dirichlet_a0.1,low_norm,norm,A_condition_specific_oracle,0.0,30.0,150.0,45.0,0.0,0.16666666666666666
dirichlet_a0.1,low_norm,norm,B_iid_transfer_frozen,0.0,180.0,0.0,45.0,0.0,1.0
dirichlet_a0.1,low_norm,sign_consensus,A_condition_specific_oracle,0.0,0.0,180.0,45.0,0.0,0.0
dirichlet_a0.1,low_norm,sign_consensus,B_iid_transfer_frozen,0.0,16.0,164.0,45.0,0.0,0.08888888888888889
dirichlet_a0.1,no_attack,cosine,A_condition_specific_oracle,0.0,8.0,322.0,45.0,0.0,0.024242424242424242
dirichlet_a0.1,no_attack,cosine,B_iid_transfer_frozen,45.0,330.0,0.0,0.0,1.0,1.0
dirichlet_a0.1,no_attack,norm,A_condition_specific_oracle,0.0,73.0,257.0,45.0,0.0,0.22121212121212122
dirichlet_a0.1,no_attack,norm,B_iid_transfer_frozen,45.0,330.0,0.0,0.0,1.0,1.0
dirichlet_a0.1,no_attack,sign_consensus,A_condition_specific_oracle,0.0,0.0,330.0,45.0,0.0,0.0
dirichlet_a0.1,no_attack,sign_consensus,B_iid_transfer_frozen,0.0,28.0,302.0,45.0,0.0,0.08484848484848485
dirichlet_a0.1,sparse_coordinate_attack,cosine,A_condition_specific_oracle,0.0,0.0,180.0,45.0,0.0,0.0
dirichlet_a0.1,sparse_coordinate_attack,cosine,B_iid_transfer_frozen,45.0,180.0,0.0,0.0,1.0,1.0
dirichlet_a0.1,sparse_coordinate_attack,norm,A_condition_specific_oracle,45.0,30.0,150.0,0.0,1.0,0.16666666666666666
dirichlet_a0.1,sparse_coordinate_attack,norm,B_iid_transfer_frozen,45.0,180.0,0.0,0.0,1.0,1.0
dirichlet_a0.1,sparse_coordinate_attack,sign_consensus,A_condition_specific_oracle,45.0,0.0,180.0,0.0,1.0,0.0
dirichlet_a0.1,sparse_coordinate_attack,sign_consensus,B_iid_transfer_frozen,45.0,6.0,174.0,0.0,1.0,0.03333333333333333
dirichlet_a0.5,directional_poisoning,cosine,A_condition_specific_oracle,41.0,0.0,180.0,4.0,0.9111111111111111,0.0
dirichlet_a0.5,directional_poisoning,cosine,B_iid_transfer_frozen,45.0,180.0,0.0,0.0,1.0,1.0
dirichlet_a0.5,directional_poisoning,norm,A_condition_specific_oracle,28.0,45.0,135.0,17.0,0.6222222222222222,0.25
dirichlet_a0.5,directional_poisoning,norm,B_iid_transfer_frozen,45.0,180.0,0.0,0.0,1.0,1.0
dirichlet_a0.5,directional_poisoning,sign_consensus,A_condition_specific_oracle,2.0,0.0,180.0,43.0,0.044444444444444446,0.0
dirichlet_a0.5,directional_poisoning,sign_consensus,B_iid_transfer_frozen,23.0,6.0,174.0,22.0,0.5111111111111111,0.03333333333333333
dirichlet_a0.5,full_sign_flip,cosine,A_condition_specific_oracle,41.0,0.0,180.0,4.0,0.9111111111111111,0.0
dirichlet_a0.5,full_sign_flip,cosine,B_iid_transfer_frozen,45.0,180.0,0.0,0.0,1.0,1.0
dirichlet_a0.5,full_sign_flip,norm,A_condition_specific_oracle,28.0,45.0,135.0,17.0,0.6222222222222222,0.25
dirichlet_a0.5,full_sign_flip,norm,B_iid_transfer_frozen,45.0,180.0,0.0,0.0,1.0,1.0
dirichlet_a0.5,full_sign_flip,sign_consensus,A_condition_specific_oracle,1.0,0.0,180.0,44.0,0.022222222222222223,0.0
dirichlet_a0.5,full_sign_flip,sign_consensus,B_iid_transfer_frozen,23.0,7.0,173.0,22.0,0.5111111111111111,0.03888888888888889
dirichlet_a0.5,large_norm,cosine,A_condition_specific_oracle,0.0,0.0,180.0,45.0,0.0,0.0
dirichlet_a0.5,large_norm,cosine,B_iid_transfer_frozen,45.0,180.0,0.0,0.0,1.0,1.0
dirichlet_a0.5,large_norm,norm,A_condition_specific_oracle,45.0,45.0,135.0,0.0,1.0,0.25
dirichlet_a0.5,large_norm,norm,B_iid_transfer_frozen,45.0,180.0,0.0,0.0,1.0,1.0
dirichlet_a0.5,large_norm,sign_consensus,A_condition_specific_oracle,0.0,30.0,150.0,45.0,0.0,0.16666666666666666
dirichlet_a0.5,large_norm,sign_consensus,B_iid_transfer_frozen,0.0,180.0,0.0,45.0,0.0,1.0
dirichlet_a0.5,low_norm,cosine,A_condition_specific_oracle,0.0,0.0,180.0,45.0,0.0,0.0
dirichlet_a0.5,low_norm,cosine,B_iid_transfer_frozen,45.0,180.0,0.0,0.0,1.0,1.0
dirichlet_a0.5,low_norm,norm,A_condition_specific_oracle,0.0,45.0,135.0,45.0,0.0,0.25
dirichlet_a0.5,low_norm,norm,B_iid_transfer_frozen,0.0,180.0,0.0,45.0,0.0,1.0
dirichlet_a0.5,low_norm,sign_consensus,A_condition_specific_oracle,0.0,0.0,180.0,45.0,0.0,0.0
dirichlet_a0.5,low_norm,sign_consensus,B_iid_transfer_frozen,1.0,8.0,172.0,44.0,0.022222222222222223,0.044444444444444446
dirichlet_a0.5,no_attack,cosine,A_condition_specific_oracle,0.0,0.0,330.0,45.0,0.0,0.0
dirichlet_a0.5,no_attack,cosine,B_iid_transfer_frozen,45.0,329.0,1.0,0.0,1.0,0.996969696969697
dirichlet_a0.5,no_attack,norm,A_condition_specific_oracle,15.0,107.0,223.0,30.0,0.3333333333333333,0.3242424242424242
dirichlet_a0.5,no_attack,norm,B_iid_transfer_frozen,45.0,330.0,0.0,0.0,1.0,1.0
dirichlet_a0.5,no_attack,sign_consensus,A_condition_specific_oracle,0.0,0.0,330.0,45.0,0.0,0.0
dirichlet_a0.5,no_attack,sign_consensus,B_iid_transfer_frozen,2.0,14.0,316.0,43.0,0.044444444444444446,0.04242424242424243
dirichlet_a0.5,sparse_coordinate_attack,cosine,A_condition_specific_oracle,0.0,0.0,180.0,45.0,0.0,0.0
dirichlet_a0.5,sparse_coordinate_attack,cosine,B_iid_transfer_frozen,45.0,180.0,0.0,0.0,1.0,1.0
dirichlet_a0.5,sparse_coordinate_attack,norm,A_condition_specific_oracle,45.0,45.0,135.0,0.0,1.0,0.25
dirichlet_a0.5,sparse_coordinate_attack,norm,B_iid_transfer_frozen,45.0,180.0,0.0,0.0,1.0,1.0
dirichlet_a0.5,sparse_coordinate_attack,sign_consensus,A_condition_specific_oracle,45.0,0.0,180.0,0.0,1.0,0.0
dirichlet_a0.5,sparse_coordinate_attack,sign_consensus,B_iid_transfer_frozen,45.0,1.0,179.0,0.0,1.0,0.005555555555555556
dirichlet_a1.0,directional_poisoning,cosine,A_condition_specific_oracle,40.0,0.0,180.0,5.0,0.8888888888888888,0.0
dirichlet_a1.0,directional_poisoning,cosine,B_iid_transfer_frozen,45.0,179.0,1.0,0.0,1.0,0.9944444444444445
dirichlet_a1.0,directional_poisoning,norm,A_condition_specific_oracle,22.0,45.0,135.0,23.0,0.4888888888888889,0.25
dirichlet_a1.0,directional_poisoning,norm,B_iid_transfer_frozen,45.0,180.0,0.0,0.0,1.0,1.0
dirichlet_a1.0,directional_poisoning,sign_consensus,A_condition_specific_oracle,18.0,0.0,180.0,27.0,0.4,0.0
dirichlet_a1.0,directional_poisoning,sign_consensus,B_iid_transfer_frozen,40.0,0.0,180.0,5.0,0.8888888888888888,0.0
dirichlet_a1.0,full_sign_flip,cosine,A_condition_specific_oracle,40.0,0.0,180.0,5.0,0.8888888888888888,0.0
dirichlet_a1.0,full_sign_flip,cosine,B_iid_transfer_frozen,45.0,179.0,1.0,0.0,1.0,0.9944444444444445
dirichlet_a1.0,full_sign_flip,norm,A_condition_specific_oracle,22.0,45.0,135.0,23.0,0.4888888888888889,0.25
dirichlet_a1.0,full_sign_flip,norm,B_iid_transfer_frozen,45.0,180.0,0.0,0.0,1.0,1.0
dirichlet_a1.0,full_sign_flip,sign_consensus,A_condition_specific_oracle,20.0,0.0,180.0,25.0,0.4444444444444444,0.0
dirichlet_a1.0,full_sign_flip,sign_consensus,B_iid_transfer_frozen,40.0,0.0,180.0,5.0,0.8888888888888888,0.0
dirichlet_a1.0,large_norm,cosine,A_condition_specific_oracle,0.0,0.0,180.0,45.0,0.0,0.0
dirichlet_a1.0,large_norm,cosine,B_iid_transfer_frozen,45.0,179.0,1.0,0.0,1.0,0.9944444444444445
dirichlet_a1.0,large_norm,norm,A_condition_specific_oracle,45.0,45.0,135.0,0.0,1.0,0.25
dirichlet_a1.0,large_norm,norm,B_iid_transfer_frozen,45.0,180.0,0.0,0.0,1.0,1.0
dirichlet_a1.0,large_norm,sign_consensus,A_condition_specific_oracle,0.0,30.0,150.0,45.0,0.0,0.16666666666666666
dirichlet_a1.0,large_norm,sign_consensus,B_iid_transfer_frozen,0.0,180.0,0.0,45.0,0.0,1.0
dirichlet_a1.0,low_norm,cosine,A_condition_specific_oracle,0.0,0.0,180.0,45.0,0.0,0.0
dirichlet_a1.0,low_norm,cosine,B_iid_transfer_frozen,45.0,179.0,1.0,0.0,1.0,0.9944444444444445
dirichlet_a1.0,low_norm,norm,A_condition_specific_oracle,0.0,45.0,135.0,45.0,0.0,0.25
dirichlet_a1.0,low_norm,norm,B_iid_transfer_frozen,0.0,180.0,0.0,45.0,0.0,1.0
dirichlet_a1.0,low_norm,sign_consensus,A_condition_specific_oracle,0.0,0.0,180.0,45.0,0.0,0.0
dirichlet_a1.0,low_norm,sign_consensus,B_iid_transfer_frozen,0.0,0.0,180.0,45.0,0.0,0.0
dirichlet_a1.0,no_attack,cosine,A_condition_specific_oracle,0.0,1.0,329.0,45.0,0.0,0.0030303030303030303
dirichlet_a1.0,no_attack,cosine,B_iid_transfer_frozen,45.0,328.0,2.0,0.0,1.0,0.9939393939393939
dirichlet_a1.0,no_attack,norm,A_condition_specific_oracle,15.0,115.0,215.0,30.0,0.3333333333333333,0.3484848484848485
dirichlet_a1.0,no_attack,norm,B_iid_transfer_frozen,45.0,330.0,0.0,0.0,1.0,1.0
dirichlet_a1.0,no_attack,sign_consensus,A_condition_specific_oracle,0.0,0.0,330.0,45.0,0.0,0.0
dirichlet_a1.0,no_attack,sign_consensus,B_iid_transfer_frozen,0.0,1.0,329.0,45.0,0.0,0.0030303030303030303
dirichlet_a1.0,sparse_coordinate_attack,cosine,A_condition_specific_oracle,0.0,0.0,180.0,45.0,0.0,0.0
dirichlet_a1.0,sparse_coordinate_attack,cosine,B_iid_transfer_frozen,45.0,180.0,0.0,0.0,1.0,1.0
dirichlet_a1.0,sparse_coordinate_attack,norm,A_condition_specific_oracle,45.0,45.0,135.0,0.0,1.0,0.25
dirichlet_a1.0,sparse_coordinate_attack,norm,B_iid_transfer_frozen,45.0,180.0,0.0,0.0,1.0,1.0
dirichlet_a1.0,sparse_coordinate_attack,sign_consensus,A_condition_specific_oracle,45.0,0.0,180.0,0.0,1.0,0.0
dirichlet_a1.0,sparse_coordinate_attack,sign_consensus,B_iid_transfer_frozen,45.0,0.0,180.0,0.0,1.0,0.0
iid,directional_poisoning,cosine,A_condition_specific_oracle,45.0,0.0,180.0,0.0,1.0,0.0
iid,directional_poisoning,norm,A_condition_specific_oracle,32.0,130.0,50.0,13.0,0.7111111111111111,0.7222222222222222
iid,directional_poisoning,sign_consensus,A_condition_specific_oracle,45.0,0.0,180.0,0.0,1.0,0.0
iid,full_sign_flip,cosine,A_condition_specific_oracle,45.0,0.0,180.0,0.0,1.0,0.0
iid,full_sign_flip,norm,A_condition_specific_oracle,32.0,130.0,50.0,13.0,0.7111111111111111,0.7222222222222222
iid,full_sign_flip,sign_consensus,A_condition_specific_oracle,45.0,0.0,180.0,0.0,1.0,0.0
iid,large_norm,cosine,A_condition_specific_oracle,45.0,0.0,180.0,0.0,1.0,0.0
iid,large_norm,norm,A_condition_specific_oracle,45.0,148.0,32.0,0.0,1.0,0.8222222222222222
iid,large_norm,sign_consensus,A_condition_specific_oracle,0.0,0.0,180.0,45.0,0.0,0.0
iid,low_norm,cosine,A_condition_specific_oracle,0.0,0.0,180.0,45.0,0.0,0.0
iid,low_norm,norm,A_condition_specific_oracle,0.0,141.0,39.0,45.0,0.0,0.7833333333333333
iid,low_norm,sign_consensus,A_condition_specific_oracle,0.0,0.0,180.0,45.0,0.0,0.0
iid,no_attack,cosine,A_condition_specific_oracle,0.0,0.0,330.0,45.0,0.0,0.0
iid,no_attack,norm,A_condition_specific_oracle,36.0,209.0,121.0,9.0,0.8,0.6333333333333333
iid,no_attack,sign_consensus,A_condition_specific_oracle,0.0,0.0,330.0,45.0,0.0,0.0
iid,sparse_coordinate_attack,cosine,A_condition_specific_oracle,45.0,1.0,179.0,0.0,1.0,0.005555555555555556
iid,sparse_coordinate_attack,norm,A_condition_specific_oracle,45.0,148.0,32.0,0.0,1.0,0.8222222222222222
iid,sparse_coordinate_attack,sign_consensus,A_condition_specific_oracle,45.0,0.0,180.0,0.0,1.0,0.0
