partition,attack,defense,calibration_regime,diverged_fraction_of_seeds,n_diverged_seeds,n_seeds
dirichlet_a0.1,directional_poisoning,cosine,A_condition_specific_oracle,0.0,0,3
dirichlet_a0.1,directional_poisoning,cosine,B_iid_transfer_frozen,0.0,0,3
dirichlet_a0.1,directional_poisoning,fedavg,not_applicable,0.0,0,3
dirichlet_a0.1,directional_poisoning,median,not_applicable,0.0,0,3
dirichlet_a0.1,directional_poisoning,multi_krum,not_applicable,0.0,0,3
dirichlet_a0.1,directional_poisoning,norm,A_condition_specific_oracle,0.0,0,3
dirichlet_a0.1,directional_poisoning,norm,B_iid_transfer_frozen,0.0,0,3
dirichlet_a0.1,directional_poisoning,sign_consensus,A_condition_specific_oracle,0.0,0,3
dirichlet_a0.1,directional_poisoning,sign_consensus,B_iid_transfer_frozen,0.3333333333333333,1,3
dirichlet_a0.1,full_sign_flip,cosine,A_condition_specific_oracle,0.0,0,3
dirichlet_a0.1,full_sign_flip,cosine,B_iid_transfer_frozen,0.0,0,3
dirichlet_a0.1,full_sign_flip,fedavg,not_applicable,0.0,0,3
dirichlet_a0.1,full_sign_flip,median,not_applicable,0.0,0,3
dirichlet_a0.1,full_sign_flip,multi_krum,not_applicable,0.0,0,3
dirichlet_a0.1,full_sign_flip,norm,A_condition_specific_oracle,0.0,0,3
dirichlet_a0.1,full_sign_flip,norm,B_iid_transfer_frozen,0.0,0,3
dirichlet_a0.1,full_sign_flip,sign_consensus,A_condition_specific_oracle,0.0,0,3
dirichlet_a0.1,full_sign_flip,sign_consensus,B_iid_transfer_frozen,0.3333333333333333,1,3
dirichlet_a0.1,large_norm,cosine,A_condition_specific_oracle,1.0,3,3
dirichlet_a0.1,large_norm,cosine,B_iid_transfer_frozen,0.0,0,3
dirichlet_a0.1,large_norm,fedavg,not_applicable,1.0,3,3
dirichlet_a0.1,large_norm,median,not_applicable,0.0,0,3
dirichlet_a0.1,large_norm,multi_krum,not_applicable,0.0,0,3
dirichlet_a0.1,large_norm,norm,A_condition_specific_oracle,0.0,0,3
dirichlet_a0.1,large_norm,norm,B_iid_transfer_frozen,0.0,0,3
dirichlet_a0.1,large_norm,sign_consensus,A_condition_specific_oracle,1.0,3,3
dirichlet_a0.1,large_norm,sign_consensus,B_iid_transfer_frozen,1.0,3,3
dirichlet_a0.1,low_norm,cosine,A_condition_specific_oracle,0.0,0,3
dirichlet_a0.1,low_norm,cosine,B_iid_transfer_frozen,0.0,0,3
dirichlet_a0.1,low_norm,fedavg,not_applicable,0.0,0,3
dirichlet_a0.1,low_norm,median,not_applicable,0.0,0,3
dirichlet_a0.1,low_norm,multi_krum,not_applicable,0.0,0,3
dirichlet_a0.1,low_norm,norm,A_condition_specific_oracle,0.0,0,3
dirichlet_a0.1,low_norm,norm,B_iid_transfer_frozen,0.0,0,3
dirichlet_a0.1,low_norm,sign_consensus,A_condition_specific_oracle,0.0,0,3
dirichlet_a0.1,low_norm,sign_consensus,B_iid_transfer_frozen,0.0,0,3
dirichlet_a0.1,no_attack,cosine,A_condition_specific_oracle,0.0,0,3
dirichlet_a0.1,no_attack,cosine,B_iid_transfer_frozen,0.0,0,3
dirichlet_a0.1,no_attack,fedavg,not_applicable,0.0,0,3
dirichlet_a0.1,no_attack,median,not_applicable,0.0,0,3
dirichlet_a0.1,no_attack,multi_krum,not_applicable,0.0,0,3
dirichlet_a0.1,no_attack,norm,A_condition_specific_oracle,0.0,0,3
dirichlet_a0.1,no_attack,norm,B_iid_transfer_frozen,0.0,0,3
dirichlet_a0.1,no_attack,sign_consensus,A_condition_specific_oracle,0.0,0,3
dirichlet_a0.1,no_attack,sign_consensus,B_iid_transfer_frozen,0.0,0,3
dirichlet_a0.1,sparse_coordinate_attack,cosine,A_condition_specific_oracle,0.3333333333333333,1,3
dirichlet_a0.1,sparse_coordinate_attack,cosine,B_iid_transfer_frozen,0.0,0,3
dirichlet_a0.1,sparse_coordinate_attack,fedavg,not_applicable,0.0,0,3
dirichlet_a0.1,sparse_coordinate_attack,median,not_applicable,0.0,0,3
dirichlet_a0.1,sparse_coordinate_attack,multi_krum,not_applicable,0.0,0,3
dirichlet_a0.1,sparse_coordinate_attack,norm,A_condition_specific_oracle,0.0,0,3
dirichlet_a0.1,sparse_coordinate_attack,norm,B_iid_transfer_frozen,0.0,0,3
dirichlet_a0.1,sparse_coordinate_attack,sign_consensus,A_condition_specific_oracle,0.0,0,3
dirichlet_a0.1,sparse_coordinate_attack,sign_consensus,B_iid_transfer_frozen,0.0,0,3
dirichlet_a0.5,directional_poisoning,cosine,A_condition_specific_oracle,0.0,0,3
dirichlet_a0.5,directional_poisoning,cosine,B_iid_transfer_frozen,0.0,0,3
dirichlet_a0.5,directional_poisoning,fedavg,not_applicable,0.0,0,3
dirichlet_a0.5,directional_poisoning,median,not_applicable,0.0,0,3
dirichlet_a0.5,directional_poisoning,multi_krum,not_applicable,0.0,0,3
dirichlet_a0.5,directional_poisoning,norm,A_condition_specific_oracle,0.0,0,3
dirichlet_a0.5,directional_poisoning,norm,B_iid_transfer_frozen,0.0,0,3
dirichlet_a0.5,directional_poisoning,sign_consensus,A_condition_specific_oracle,0.0,0,3
dirichlet_a0.5,directional_poisoning,sign_consensus,B_iid_transfer_frozen,0.0,0,3
dirichlet_a0.5,full_sign_flip,cosine,A_condition_specific_oracle,0.0,0,3
dirichlet_a0.5,full_sign_flip,cosine,B_iid_transfer_frozen,0.0,0,3
dirichlet_a0.5,full_sign_flip,fedavg,not_applicable,0.0,0,3
dirichlet_a0.5,full_sign_flip,median,not_applicable,0.0,0,3
dirichlet_a0.5,full_sign_flip,multi_krum,not_applicable,0.0,0,3
dirichlet_a0.5,full_sign_flip,norm,A_condition_specific_oracle,0.0,0,3
dirichlet_a0.5,full_sign_flip,norm,B_iid_transfer_frozen,0.0,0,3
dirichlet_a0.5,full_sign_flip,sign_consensus,A_condition_specific_oracle,0.0,0,3
dirichlet_a0.5,full_sign_flip,sign_consensus,B_iid_transfer_frozen,0.0,0,3
dirichlet_a0.5,large_norm,cosine,A_condition_specific_oracle,1.0,3,3
dirichlet_a0.5,large_norm,cosine,B_iid_transfer_frozen,0.0,0,3
dirichlet_a0.5,large_norm,fedavg,not_applicable,1.0,3,3
dirichlet_a0.5,large_norm,median,not_applicable,0.0,0,3
dirichlet_a0.5,large_norm,multi_krum,not_applicable,0.0,0,3
dirichlet_a0.5,large_norm,norm,A_condition_specific_oracle,0.0,0,3
dirichlet_a0.5,large_norm,norm,B_iid_transfer_frozen,0.0,0,3
dirichlet_a0.5,large_norm,sign_consensus,A_condition_specific_oracle,1.0,3,3
dirichlet_a0.5,large_norm,sign_consensus,B_iid_transfer_frozen,1.0,3,3
dirichlet_a0.5,low_norm,cosine,A_condition_specific_oracle,0.0,0,3
dirichlet_a0.5,low_norm,cosine,B_iid_transfer_frozen,0.0,0,3
dirichlet_a0.5,low_norm,fedavg,not_applicable,0.0,0,3
dirichlet_a0.5,low_norm,median,not_applicable,0.0,0,3
dirichlet_a0.5,low_norm,multi_krum,not_applicable,0.0,0,3
dirichlet_a0.5,low_norm,norm,A_condition_specific_oracle,0.0,0,3
dirichlet_a0.5,low_norm,norm,B_iid_transfer_frozen,0.0,0,3
dirichlet_a0.5,low_norm,sign_consensus,A_condition_specific_oracle,0.0,0,3
dirichlet_a0.5,low_norm,sign_consensus,B_iid_transfer_frozen,0.0,0,3
dirichlet_a0.5,no_attack,cosine,A_condition_specific_oracle,0.0,0,3
dirichlet_a0.5,no_attack,cosine,B_iid_transfer_frozen,0.0,0,3
dirichlet_a0.5,no_attack,fedavg,not_applicable,0.0,0,3
dirichlet_a0.5,no_attack,median,not_applicable,0.0,0,3
dirichlet_a0.5,no_attack,multi_krum,not_applicable,0.0,0,3
dirichlet_a0.5,no_attack,norm,A_condition_specific_oracle,0.0,0,3
dirichlet_a0.5,no_attack,norm,B_iid_transfer_frozen,0.0,0,3
dirichlet_a0.5,no_attack,sign_consensus,A_condition_specific_oracle,0.0,0,3
dirichlet_a0.5,no_attack,sign_consensus,B_iid_transfer_frozen,0.0,0,3
dirichlet_a0.5,sparse_coordinate_attack,cosine,A_condition_specific_oracle,0.3333333333333333,1,3
dirichlet_a0.5,sparse_coordinate_attack,cosine,B_iid_transfer_frozen,0.0,0,3
dirichlet_a0.5,sparse_coordinate_attack,fedavg,not_applicable,0.0,0,3
dirichlet_a0.5,sparse_coordinate_attack,median,not_applicable,0.0,0,3
dirichlet_a0.5,sparse_coordinate_attack,multi_krum,not_applicable,0.0,0,3
dirichlet_a0.5,sparse_coordinate_attack,norm,A_condition_specific_oracle,0.0,0,3
dirichlet_a0.5,sparse_coordinate_attack,norm,B_iid_transfer_frozen,0.0,0,3
dirichlet_a0.5,sparse_coordinate_attack,sign_consensus,A_condition_specific_oracle,0.0,0,3
dirichlet_a0.5,sparse_coordinate_attack,sign_consensus,B_iid_transfer_frozen,0.0,0,3
dirichlet_a1.0,directional_poisoning,cosine,A_condition_specific_oracle,0.0,0,3
dirichlet_a1.0,directional_poisoning,cosine,B_iid_transfer_frozen,0.0,0,3
dirichlet_a1.0,directional_poisoning,fedavg,not_applicable,0.0,0,3
dirichlet_a1.0,directional_poisoning,median,not_applicable,0.0,0,3
dirichlet_a1.0,directional_poisoning,multi_krum,not_applicable,0.0,0,3
dirichlet_a1.0,directional_poisoning,norm,A_condition_specific_oracle,0.0,0,3
dirichlet_a1.0,directional_poisoning,norm,B_iid_transfer_frozen,0.0,0,3
dirichlet_a1.0,directional_poisoning,sign_consensus,A_condition_specific_oracle,0.0,0,3
dirichlet_a1.0,directional_poisoning,sign_consensus,B_iid_transfer_frozen,0.0,0,3
dirichlet_a1.0,full_sign_flip,cosine,A_condition_specific_oracle,0.0,0,3
dirichlet_a1.0,full_sign_flip,cosine,B_iid_transfer_frozen,0.0,0,3
dirichlet_a1.0,full_sign_flip,fedavg,not_applicable,0.0,0,3
dirichlet_a1.0,full_sign_flip,median,not_applicable,0.0,0,3
dirichlet_a1.0,full_sign_flip,multi_krum,not_applicable,0.0,0,3
dirichlet_a1.0,full_sign_flip,norm,A_condition_specific_oracle,0.0,0,3
dirichlet_a1.0,full_sign_flip,norm,B_iid_transfer_frozen,0.0,0,3
dirichlet_a1.0,full_sign_flip,sign_consensus,A_condition_specific_oracle,0.0,0,3
dirichlet_a1.0,full_sign_flip,sign_consensus,B_iid_transfer_frozen,0.0,0,3
dirichlet_a1.0,large_norm,cosine,A_condition_specific_oracle,1.0,3,3
dirichlet_a1.0,large_norm,cosine,B_iid_transfer_frozen,0.0,0,3
dirichlet_a1.0,large_norm,fedavg,not_applicable,1.0,3,3
dirichlet_a1.0,large_norm,median,not_applicable,0.0,0,3
dirichlet_a1.0,large_norm,multi_krum,not_applicable,0.0,0,3
dirichlet_a1.0,large_norm,norm,A_condition_specific_oracle,0.0,0,3
dirichlet_a1.0,large_norm,norm,B_iid_transfer_frozen,0.0,0,3
dirichlet_a1.0,large_norm,sign_consensus,A_condition_specific_oracle,1.0,3,3
dirichlet_a1.0,large_norm,sign_consensus,B_iid_transfer_frozen,1.0,3,3
dirichlet_a1.0,low_norm,cosine,A_condition_specific_oracle,0.0,0,3
dirichlet_a1.0,low_norm,cosine,B_iid_transfer_frozen,0.0,0,3
dirichlet_a1.0,low_norm,fedavg,not_applicable,0.0,0,3
dirichlet_a1.0,low_norm,median,not_applicable,0.0,0,3
dirichlet_a1.0,low_norm,multi_krum,not_applicable,0.0,0,3
dirichlet_a1.0,low_norm,norm,A_condition_specific_oracle,0.0,0,3
dirichlet_a1.0,low_norm,norm,B_iid_transfer_frozen,0.0,0,3
dirichlet_a1.0,low_norm,sign_consensus,A_condition_specific_oracle,0.0,0,3
dirichlet_a1.0,low_norm,sign_consensus,B_iid_transfer_frozen,0.0,0,3
dirichlet_a1.0,no_attack,cosine,A_condition_specific_oracle,0.0,0,3
dirichlet_a1.0,no_attack,cosine,B_iid_transfer_frozen,0.0,0,3
dirichlet_a1.0,no_attack,fedavg,not_applicable,0.0,0,3
dirichlet_a1.0,no_attack,median,not_applicable,0.0,0,3
dirichlet_a1.0,no_attack,multi_krum,not_applicable,0.0,0,3
dirichlet_a1.0,no_attack,norm,A_condition_specific_oracle,0.0,0,3
dirichlet_a1.0,no_attack,norm,B_iid_transfer_frozen,0.0,0,3
dirichlet_a1.0,no_attack,sign_consensus,A_condition_specific_oracle,0.0,0,3
dirichlet_a1.0,no_attack,sign_consensus,B_iid_transfer_frozen,0.0,0,3
dirichlet_a1.0,sparse_coordinate_attack,cosine,A_condition_specific_oracle,0.0,0,3
dirichlet_a1.0,sparse_coordinate_attack,cosine,B_iid_transfer_frozen,0.0,0,3
dirichlet_a1.0,sparse_coordinate_attack,fedavg,not_applicable,0.0,0,3
dirichlet_a1.0,sparse_coordinate_attack,median,not_applicable,0.0,0,3
dirichlet_a1.0,sparse_coordinate_attack,multi_krum,not_applicable,0.0,0,3
dirichlet_a1.0,sparse_coordinate_attack,norm,A_condition_specific_oracle,0.0,0,3
dirichlet_a1.0,sparse_coordinate_attack,norm,B_iid_transfer_frozen,0.0,0,3
dirichlet_a1.0,sparse_coordinate_attack,sign_consensus,A_condition_specific_oracle,0.0,0,3
dirichlet_a1.0,sparse_coordinate_attack,sign_consensus,B_iid_transfer_frozen,0.0,0,3
iid,directional_poisoning,cosine,A_condition_specific_oracle,0.0,0,3
iid,directional_poisoning,fedavg,not_applicable,0.0,0,3
iid,directional_poisoning,median,not_applicable,0.0,0,3
iid,directional_poisoning,multi_krum,not_applicable,0.0,0,3
iid,directional_poisoning,norm,A_condition_specific_oracle,0.0,0,3
iid,directional_poisoning,sign_consensus,A_condition_specific_oracle,0.0,0,3
iid,full_sign_flip,cosine,A_condition_specific_oracle,0.0,0,3
iid,full_sign_flip,fedavg,not_applicable,0.0,0,3
iid,full_sign_flip,median,not_applicable,0.0,0,3
iid,full_sign_flip,multi_krum,not_applicable,0.0,0,3
iid,full_sign_flip,norm,A_condition_specific_oracle,0.0,0,3
iid,full_sign_flip,sign_consensus,A_condition_specific_oracle,0.0,0,3
iid,large_norm,cosine,A_condition_specific_oracle,0.0,0,3
iid,large_norm,fedavg,not_applicable,1.0,3,3
iid,large_norm,median,not_applicable,0.0,0,3
iid,large_norm,multi_krum,not_applicable,0.0,0,3
iid,large_norm,norm,A_condition_specific_oracle,0.0,0,3
iid,large_norm,sign_consensus,A_condition_specific_oracle,1.0,3,3
iid,low_norm,cosine,A_condition_specific_oracle,0.0,0,3
iid,low_norm,fedavg,not_applicable,0.0,0,3
iid,low_norm,median,not_applicable,0.0,0,3
iid,low_norm,multi_krum,not_applicable,0.0,0,3
iid,low_norm,norm,A_condition_specific_oracle,0.0,0,3
iid,low_norm,sign_consensus,A_condition_specific_oracle,0.0,0,3
iid,no_attack,cosine,A_condition_specific_oracle,0.0,0,3
iid,no_attack,fedavg,not_applicable,0.0,0,3
iid,no_attack,median,not_applicable,0.0,0,3
iid,no_attack,multi_krum,not_applicable,0.0,0,3
iid,no_attack,norm,A_condition_specific_oracle,0.0,0,3
iid,no_attack,sign_consensus,A_condition_specific_oracle,0.0,0,3
iid,sparse_coordinate_attack,cosine,A_condition_specific_oracle,0.0,0,3
iid,sparse_coordinate_attack,fedavg,not_applicable,0.0,0,3
iid,sparse_coordinate_attack,median,not_applicable,0.0,0,3
iid,sparse_coordinate_attack,multi_krum,not_applicable,0.0,0,3
iid,sparse_coordinate_attack,norm,A_condition_specific_oracle,0.0,0,3
iid,sparse_coordinate_attack,sign_consensus,A_condition_specific_oracle,0.0,0,3
