partition,attack,defense,calibration_regime,final_acc_mean,final_acc_std,n_seeds,diverged_fraction_of_seeds,no_attack_acc_mean,accuracy_drop
dirichlet_a0.1,directional_poisoning,cosine,A_condition_specific_oracle,0.2898792972167333,0.06054914789342642,3,0.0,0.2045032555858294,-0.08537604163090387
dirichlet_a0.1,directional_poisoning,cosine,B_iid_transfer_frozen,0.07418755938609438,0.01347764261263107,3,0.0,0.07418755938609438,0.0
dirichlet_a0.1,directional_poisoning,fedavg,not_applicable,0.1111884887019793,0.05696724674475746,3,0.0,0.1957753052314122,0.08458681652943291
dirichlet_a0.1,directional_poisoning,median,not_applicable,0.10199629018704093,0.04277043657068914,3,0.0,0.20659239093462622,0.1045961007475853
dirichlet_a0.1,directional_poisoning,multi_krum,not_applicable,0.3116527547438939,0.05525165446236848,3,0.0,0.1942897016803423,-0.11736305306355163
dirichlet_a0.1,directional_poisoning,norm,A_condition_specific_oracle,0.27994430065155024,0.06753238814152263,3,0.0,0.193175492187341,-0.08676880846420923
dirichlet_a0.1,directional_poisoning,norm,B_iid_transfer_frozen,0.07418755938609438,0.01347764261263107,3,0.0,0.07418755938609438,0.0
dirichlet_a0.1,directional_poisoning,sign_consensus,A_condition_specific_oracle,0.1111884887019793,0.05696724674475746,3,0.0,0.19596100846926368,0.08477251976728438
dirichlet_a0.1,directional_poisoning,sign_consensus,B_iid_transfer_frozen,0.1589136521021525,0.09452547037081034,3,0.3333333333333333,0.22488393386205033,0.06597028175989783
dirichlet_a0.1,full_sign_flip,cosine,A_condition_specific_oracle,0.30459610621134436,0.07250277219055809,3,0.0,0.2045032555858294,-0.10009285062551496
dirichlet_a0.1,full_sign_flip,cosine,B_iid_transfer_frozen,0.07418755938609438,0.01347764261263107,3,0.0,0.07418755938609438,0.0
dirichlet_a0.1,full_sign_flip,fedavg,not_applicable,0.1112349157532056,0.05704126176807946,3,0.0,0.1957753052314122,0.0845403894782066
dirichlet_a0.1,full_sign_flip,median,not_applicable,0.0964252576231956,0.034898328744515546,3,0.0,0.20659239093462622,0.11016713331143062
dirichlet_a0.1,full_sign_flip,multi_krum,not_applicable,0.26146704455216724,0.05773923182460084,3,0.0,0.1942897016803423,-0.06717734287182495
dirichlet_a0.1,full_sign_flip,norm,A_condition_specific_oracle,0.24661096185445777,0.1177467131854711,3,0.0,0.193175492187341,-0.053435469667116764
dirichlet_a0.1,full_sign_flip,norm,B_iid_transfer_frozen,0.07418755938609438,0.01347764261263107,3,0.0,0.07418755938609438,0.0
dirichlet_a0.1,full_sign_flip,sign_consensus,A_condition_specific_oracle,0.1111884887019793,0.05696724674475746,3,0.0,0.19596100846926368,0.08477251976728438
dirichlet_a0.1,full_sign_flip,sign_consensus,B_iid_transfer_frozen,0.16977716485659278,0.09882928419549306,3,0.3333333333333333,0.22488393386205033,0.05510676900545755
dirichlet_a0.1,large_norm,cosine,A_condition_specific_oracle,0.09410399446884787,0.008758143925032436,3,1.0,0.2045032555858294,0.11039926111698153
dirichlet_a0.1,large_norm,cosine,B_iid_transfer_frozen,0.07418755938609438,0.01347764261263107,3,0.0,0.07418755938609438,0.0
dirichlet_a0.1,large_norm,fedavg,not_applicable,0.08068709820508953,0.03280360757285837,3,1.0,0.1957753052314122,0.11508820702632268
dirichlet_a0.1,large_norm,median,not_applicable,0.1204735388358434,0.057284172308988746,3,0.0,0.20659239093462622,0.08611885209878282
dirichlet_a0.1,large_norm,multi_krum,not_applicable,0.29893222451210016,0.028505746640722668,3,0.0,0.1942897016803423,-0.10464252283175787
dirichlet_a0.1,large_norm,norm,A_condition_specific_oracle,0.28751161694526667,0.04558603203844853,3,0.0,0.193175492187341,-0.09433612475792566
dirichlet_a0.1,large_norm,norm,B_iid_transfer_frozen,0.07418755938609438,0.01347764261263107,3,0.0,0.07418755938609438,0.0
dirichlet_a0.1,large_norm,sign_consensus,A_condition_specific_oracle,0.08064067115386324,0.032836903524437064,3,1.0,0.19596100846926368,0.11532033731540044
dirichlet_a0.1,large_norm,sign_consensus,B_iid_transfer_frozen,0.08040854334831234,0.032891595662816624,3,1.0,0.22488393386205033,0.14447539051373798
dirichlet_a0.1,low_norm,cosine,A_condition_specific_oracle,0.24614670375982917,0.06242822430098123,3,0.0,0.2045032555858294,-0.04164344817399976
dirichlet_a0.1,low_norm,cosine,B_iid_transfer_frozen,0.07418755938609438,0.01347764261263107,3,0.0,0.07418755938609438,0.0
dirichlet_a0.1,low_norm,fedavg,not_applicable,0.24303621550401053,0.02319390668685046,3,0.0,0.1957753052314122,-0.04726091027259832
dirichlet_a0.1,low_norm,median,not_applicable,0.1042711238066355,0.05961984058994732,3,0.0,0.20659239093462622,0.10232126712799072
dirichlet_a0.1,low_norm,multi_krum,not_applicable,0.25134633978207904,0.05051244774190815,3,0.0,0.1942897016803423,-0.05705663810173675
dirichlet_a0.1,low_norm,norm,A_condition_specific_oracle,0.24772517383098594,0.03897341398783903,3,0.0,0.193175492187341,-0.05454968164364493
dirichlet_a0.1,low_norm,norm,B_iid_transfer_frozen,0.10218198721607523,0.06374819625709545,3,0.0,0.07418755938609438,-0.02799442782998085
dirichlet_a0.1,low_norm,sign_consensus,A_condition_specific_oracle,0.26578459143638605,0.04972463982553088,3,0.0,0.19596100846926368,-0.06982358296712238
dirichlet_a0.1,low_norm,sign_consensus,B_iid_transfer_frozen,0.2809192289908727,0.044835769426021896,3,0.0,0.22488393386205033,-0.056035295128822354
dirichlet_a0.1,no_attack,cosine,A_condition_specific_oracle,0.2045032555858294,0.0822699418021972,3,0.0,0.2045032555858294,0.0
dirichlet_a0.1,no_attack,cosine,B_iid_transfer_frozen,0.07418755938609438,0.01347764261263107,3,0.0,0.07418755938609438,0.0
dirichlet_a0.1,no_attack,fedavg,not_applicable,0.1957753052314122,0.07948124582923263,3,0.0,0.1957753052314122,0.0
dirichlet_a0.1,no_attack,median,not_applicable,0.20659239093462622,0.03447753488886454,3,0.0,0.20659239093462622,0.0
dirichlet_a0.1,no_attack,multi_krum,not_applicable,0.1942897016803423,0.07662180370486833,3,0.0,0.1942897016803423,0.0
dirichlet_a0.1,no_attack,norm,A_condition_specific_oracle,0.193175492187341,0.07706658147502561,3,0.0,0.193175492187341,0.0
dirichlet_a0.1,no_attack,norm,B_iid_transfer_frozen,0.07418755938609438,0.01347764261263107,3,0.0,0.07418755938609438,0.0
dirichlet_a0.1,no_attack,sign_consensus,A_condition_specific_oracle,0.19596100846926368,0.0796462604756385,3,0.0,0.19596100846926368,0.0
dirichlet_a0.1,no_attack,sign_consensus,B_iid_transfer_frozen,0.22488393386205033,0.03848003771009641,3,0.0,0.22488393386205033,0.0
dirichlet_a0.1,sparse_coordinate_attack,cosine,A_condition_specific_oracle,0.1251160676280657,0.08509810226097422,3,0.3333333333333333,0.2045032555858294,0.0793871879577637
dirichlet_a0.1,sparse_coordinate_attack,cosine,B_iid_transfer_frozen,0.07418755938609438,0.01347764261263107,3,0.0,0.07418755938609438,0.0
dirichlet_a0.1,sparse_coordinate_attack,fedavg,not_applicable,0.15422470370928443,0.021804700919446456,3,0.0,0.1957753052314122,0.04155060152212778
dirichlet_a0.1,sparse_coordinate_attack,median,not_applicable,0.1042711238066355,0.05961984058994732,3,0.0,0.20659239093462622,0.10232126712799072
dirichlet_a0.1,sparse_coordinate_attack,multi_krum,not_applicable,0.28231198589007056,0.029912854481089594,3,0.0,0.1942897016803423,-0.08802228420972827
dirichlet_a0.1,sparse_coordinate_attack,norm,A_condition_specific_oracle,0.27530176937580103,0.0397398404705452,3,0.0,0.193175492187341,-0.08212627718846002
dirichlet_a0.1,sparse_coordinate_attack,norm,B_iid_transfer_frozen,0.07418755938609438,0.01347764261263107,3,0.0,0.07418755938609438,0.0
dirichlet_a0.1,sparse_coordinate_attack,sign_consensus,A_condition_specific_oracle,0.2759981503089269,0.0432957972057017,3,0.0,0.19596100846926368,-0.0800371418396632
dirichlet_a0.1,sparse_coordinate_attack,sign_consensus,B_iid_transfer_frozen,0.2866759598255157,0.05881368523969875,3,0.0,0.22488393386205033,-0.061792025963465363
dirichlet_a0.5,directional_poisoning,cosine,A_condition_specific_oracle,0.3777158856391907,0.06311313197991368,3,0.0,0.38226555784543353,0.004549672206242861
dirichlet_a0.5,directional_poisoning,cosine,B_iid_transfer_frozen,0.06276694685220714,0.01797808600995928,3,0.0,0.06276694685220714,0.0
dirichlet_a0.5,directional_poisoning,fedavg,not_applicable,0.2761838485797246,0.09481918802062461,3,0.0,0.4085422456264496,0.13235839704672497
dirichlet_a0.5,directional_poisoning,median,not_applicable,0.2980501403411229,0.10975593419181208,3,0.0,0.294336125254631,-0.0037140150864919397
dirichlet_a0.5,directional_poisoning,multi_krum,not_applicable,0.3740947147210439,0.05432612525179481,3,0.0,0.37841226657231647,0.004317551851272583
dirichlet_a0.5,directional_poisoning,norm,A_condition_specific_oracle,0.3009285082419713,0.14083874391235426,3,0.0,0.3516713082790375,0.05074280003706616
dirichlet_a0.5,directional_poisoning,norm,B_iid_transfer_frozen,0.07418755938609438,0.01347764261263107,3,0.0,0.07418755938609438,0.0
dirichlet_a0.5,directional_poisoning,sign_consensus,A_condition_specific_oracle,0.27446612219015754,0.09268867148601696,3,0.0,0.4045032560825348,0.13003713389237725
dirichlet_a0.5,directional_poisoning,sign_consensus,B_iid_transfer_frozen,0.30951718986034393,0.1334876250903929,3,0.0,0.4062209924062093,0.09670380254586536
dirichlet_a0.5,full_sign_flip,cosine,A_condition_specific_oracle,0.3745125432809193,0.06545383868144232,3,0.0,0.38226555784543353,0.007753014564514216
dirichlet_a0.5,full_sign_flip,cosine,B_iid_transfer_frozen,0.06276694685220714,0.01797808600995928,3,0.0,0.06276694685220714,0.0
dirichlet_a0.5,full_sign_flip,fedavg,not_applicable,0.2754874676465988,0.0941396067053257,3,0.0,0.4085422456264496,0.13305477797985077
dirichlet_a0.5,full_sign_flip,median,not_applicable,0.298978641629219,0.11058007623336323,3,0.0,0.294336125254631,-0.004642516374588013
dirichlet_a0.5,full_sign_flip,multi_krum,not_applicable,0.37246983249982196,0.05652302953729507,3,0.0,0.37841226657231647,0.005942434072494507
dirichlet_a0.5,full_sign_flip,norm,A_condition_specific_oracle,0.30139276882012683,0.14065357334427883,3,0.0,0.3516713082790375,0.05027853945891064
dirichlet_a0.5,full_sign_flip,norm,B_iid_transfer_frozen,0.07418755938609438,0.01347764261263107,3,0.0,0.07418755938609438,0.0
dirichlet_a0.5,full_sign_flip,sign_consensus,A_condition_specific_oracle,0.27488394081592554,0.09329286934054593,3,0.0,0.4045032560825348,0.12961931526660925
dirichlet_a0.5,full_sign_flip,sign_consensus,B_iid_transfer_frozen,0.3094243307908376,0.13342926565998217,3,0.0,0.4062209924062093,0.0967966616153717
dirichlet_a0.5,large_norm,cosine,A_condition_specific_oracle,0.09637883305549615,0.023399988505048114,3,1.0,0.38226555784543353,0.2858867247899374
dirichlet_a0.5,large_norm,cosine,B_iid_transfer_frozen,0.06276694685220714,0.01797808600995928,3,0.0,0.06276694685220714,0.0
dirichlet_a0.5,large_norm,fedavg,not_applicable,0.06555246313412981,0.0317623086154794,3,1.0,0.4085422456264496,0.34298978249231976
dirichlet_a0.5,large_norm,median,not_applicable,0.31216342250506085,0.04625136976965545,3,0.0,0.294336125254631,-0.017827297250429863
dirichlet_a0.5,large_norm,multi_krum,not_applicable,0.39275766412417096,0.05459379164790224,3,0.0,0.37841226657231647,-0.014345397551854489
dirichlet_a0.5,large_norm,norm,A_condition_specific_oracle,0.3910399377346039,0.04954624489875512,3,0.0,0.3516713082790375,-0.039368629455566406
dirichlet_a0.5,large_norm,norm,B_iid_transfer_frozen,0.07418755938609438,0.01347764261263107,3,0.0,0.07418755938609438,0.0
dirichlet_a0.5,large_norm,sign_consensus,A_condition_specific_oracle,0.06555246313412981,0.0317623086154794,3,1.0,0.4045032560825348,0.33895079294840497
dirichlet_a0.5,large_norm,sign_consensus,B_iid_transfer_frozen,0.06564531226952867,0.03192312803542907,3,1.0,0.4062209924062093,0.3405756801366806
dirichlet_a0.5,low_norm,cosine,A_condition_specific_oracle,0.37455897529919935,0.04819270360535727,3,0.0,0.38226555784543353,0.007706582546234186
dirichlet_a0.5,low_norm,cosine,B_iid_transfer_frozen,0.06276694685220714,0.01797808600995928,3,0.0,0.06276694685220714,0.0
dirichlet_a0.5,low_norm,fedavg,not_applicable,0.36439183354377747,0.05288251090572978,3,0.0,0.4085422456264496,0.04415041208267212
dirichlet_a0.5,low_norm,median,not_applicable,0.2642061362663905,0.09039770474535781,3,0.0,0.294336125254631,0.030129988988240486
dirichlet_a0.5,low_norm,multi_krum,not_applicable,0.3854224781195323,0.07248047487238432,3,0.0,0.37841226657231647,-0.007010211547215817
dirichlet_a0.5,low_norm,norm,A_condition_specific_oracle,0.32646240293979645,0.09852252630793633,3,0.0,0.3516713082790375,0.025208905339241028
dirichlet_a0.5,low_norm,norm,B_iid_transfer_frozen,0.10000000149011608,0.06449039430880434,3,0.0,0.07418755938609438,-0.0258124421040217
dirichlet_a0.5,low_norm,sign_consensus,A_condition_specific_oracle,0.36448468764623004,0.052688971871708484,3,0.0,0.4045032560825348,0.04001856843630475
dirichlet_a0.5,low_norm,sign_consensus,B_iid_transfer_frozen,0.37465182940165204,0.053203891239936525,3,0.0,0.4062209924062093,0.031569163004557255
dirichlet_a0.5,no_attack,cosine,A_condition_specific_oracle,0.38226555784543353,0.11434551462860384,3,0.0,0.38226555784543353,0.0
dirichlet_a0.5,no_attack,cosine,B_iid_transfer_frozen,0.06276694685220714,0.01797808600995928,3,0.0,0.06276694685220714,0.0
dirichlet_a0.5,no_attack,fedavg,not_applicable,0.4085422456264496,0.08906751532158329,3,0.0,0.4085422456264496,0.0
dirichlet_a0.5,no_attack,median,not_applicable,0.294336125254631,0.08117644166140396,3,0.0,0.294336125254631,0.0
dirichlet_a0.5,no_attack,multi_krum,not_applicable,0.37841226657231647,0.06429760838065993,3,0.0,0.37841226657231647,0.0
dirichlet_a0.5,no_attack,norm,A_condition_specific_oracle,0.3516713082790375,0.18047193315759882,3,0.0,0.3516713082790375,0.0
dirichlet_a0.5,no_attack,norm,B_iid_transfer_frozen,0.07418755938609438,0.01347764261263107,3,0.0,0.07418755938609438,0.0
dirichlet_a0.5,no_attack,sign_consensus,A_condition_specific_oracle,0.4045032560825348,0.09505715120378996,3,0.0,0.4045032560825348,0.0
dirichlet_a0.5,no_attack,sign_consensus,B_iid_transfer_frozen,0.4062209924062093,0.09479598811734931,3,0.0,0.4062209924062093,0.0
dirichlet_a0.5,sparse_coordinate_attack,cosine,A_condition_specific_oracle,0.2249767879645029,0.09501897682978827,3,0.3333333333333333,0.38226555784543353,0.15728876988093063
dirichlet_a0.5,sparse_coordinate_attack,cosine,B_iid_transfer_frozen,0.06276694685220714,0.01797808600995928,3,0.0,0.06276694685220714,0.0
dirichlet_a0.5,sparse_coordinate_attack,fedavg,not_applicable,0.25687094529469806,0.05907285664096863,3,0.0,0.4085422456264496,0.15167130033175152
dirichlet_a0.5,sparse_coordinate_attack,median,not_applicable,0.28834725916385645,0.10114205215757989,3,0.0,0.294336125254631,0.005988866090774536
dirichlet_a0.5,sparse_coordinate_attack,multi_krum,not_applicable,0.4022284249464671,0.05196089075235219,3,0.0,0.37841226657231647,-0.02381615837415063
dirichlet_a0.5,sparse_coordinate_attack,norm,A_condition_specific_oracle,0.394939661026001,0.05553268587919678,3,0.0,0.3516713082790375,-0.0432683527469635
dirichlet_a0.5,sparse_coordinate_attack,norm,B_iid_transfer_frozen,0.07418755938609438,0.01347764261263107,3,0.0,0.07418755938609438,0.0
dirichlet_a0.5,sparse_coordinate_attack,sign_consensus,A_condition_specific_oracle,0.3825441102186839,0.05958291744794067,3,0.0,0.4045032560825348,0.021959145863850893
dirichlet_a0.5,sparse_coordinate_attack,sign_consensus,B_iid_transfer_frozen,0.38389045000076294,0.06179488399647587,3,0.0,0.4062209924062093,0.022330542405446352
dirichlet_a1.0,directional_poisoning,cosine,A_condition_specific_oracle,0.44456825653711957,0.014872540008914446,3,0.0,0.4493036270141601,0.004735370477040535
dirichlet_a1.0,directional_poisoning,cosine,B_iid_transfer_frozen,0.0665738185246785,0.013750262580648764,3,0.0,0.0665738185246785,0.0
dirichlet_a1.0,directional_poisoning,fedavg,not_applicable,0.31434541443983716,0.12054645516999103,3,0.0,0.44990716377894086,0.1355617493391037
dirichlet_a1.0,directional_poisoning,median,not_applicable,0.3146703938643138,0.0899318538809203,3,0.0,0.40891366203625995,0.09424326817194617
dirichlet_a1.0,directional_poisoning,multi_krum,not_applicable,0.43783658742904663,0.02434672287240819,3,0.0,0.43686166405677795,-0.0009749233722686768
dirichlet_a1.0,directional_poisoning,norm,A_condition_specific_oracle,0.3720984260241191,0.05918962769904551,3,0.0,0.4419684410095215,0.0698700149854024
dirichlet_a1.0,directional_poisoning,norm,B_iid_transfer_frozen,0.07418755938609438,0.01347764261263107,3,0.0,0.07418755938609438,0.0
dirichlet_a1.0,directional_poisoning,sign_consensus,A_condition_specific_oracle,0.32590530316034955,0.07267113132488118,3,0.0,0.45394615332285565,0.1280408501625061
dirichlet_a1.0,directional_poisoning,sign_consensus,B_iid_transfer_frozen,0.4266481101512909,0.02231905931857791,3,0.0,0.4525534113248189,0.025905301173528017
dirichlet_a1.0,full_sign_flip,cosine,A_condition_specific_oracle,0.44456825653711957,0.014198603856766589,3,0.0,0.4493036270141601,0.004735370477040535
dirichlet_a1.0,full_sign_flip,cosine,B_iid_transfer_frozen,0.0665738185246785,0.013750262580648764,3,0.0,0.0665738185246785,0.0
dirichlet_a1.0,full_sign_flip,fedavg,not_applicable,0.3132776270310084,0.1219232901117087,3,0.0,0.44990716377894086,0.13662953674793243
dirichlet_a1.0,full_sign_flip,median,not_applicable,0.3197307387987772,0.09082043062265177,3,0.0,0.40891366203625995,0.08918292323748273
dirichlet_a1.0,full_sign_flip,multi_krum,not_applicable,0.4378365973631541,0.02469595814250492,3,0.0,0.43686166405677795,-0.0009749333063761578
dirichlet_a1.0,full_sign_flip,norm,A_condition_specific_oracle,0.3722377121448517,0.056395568972949346,3,0.0,0.4419684410095215,0.0697307288646698
dirichlet_a1.0,full_sign_flip,norm,B_iid_transfer_frozen,0.07418755938609438,0.01347764261263107,3,0.0,0.07418755938609438,0.0
dirichlet_a1.0,full_sign_flip,sign_consensus,A_condition_specific_oracle,0.3256731728712718,0.07077818264776192,3,0.0,0.45394615332285565,0.12827298045158386
dirichlet_a1.0,full_sign_flip,sign_consensus,B_iid_transfer_frozen,0.42544105648994446,0.021073639796952613,3,0.0,0.4525534113248189,0.027112354834874453
dirichlet_a1.0,large_norm,cosine,A_condition_specific_oracle,0.14015784859657285,0.006790798247101904,3,1.0,0.4493036270141601,0.3091457784175873
dirichlet_a1.0,large_norm,cosine,B_iid_transfer_frozen,0.0665738185246785,0.013750262580648764,3,0.0,0.0665738185246785,0.0
dirichlet_a1.0,large_norm,fedavg,not_applicable,0.07701950023571644,0.014898600525221796,3,1.0,0.44990716377894086,0.37288766354322445
dirichlet_a1.0,large_norm,median,not_applicable,0.408078004916509,0.05894788093197626,3,0.0,0.40891366203625995,0.0008356571197509766
dirichlet_a1.0,large_norm,multi_krum,not_applicable,0.42154133319854736,0.03600334958836782,3,0.0,0.43686166405677795,0.01532033085823059
dirichlet_a1.0,large_norm,norm,A_condition_specific_oracle,0.4278087417284648,0.03836696211680435,3,0.0,0.4419684410095215,0.014159699281056704
dirichlet_a1.0,large_norm,norm,B_iid_transfer_frozen,0.07418755938609438,0.01347764261263107,3,0.0,0.07418755938609438,0.0
dirichlet_a1.0,large_norm,sign_consensus,A_condition_specific_oracle,0.07701950023571644,0.014898600525221796,3,1.0,0.45394615332285565,0.37692665308713924
dirichlet_a1.0,large_norm,sign_consensus,B_iid_transfer_frozen,0.07715877518057816,0.014662372008851947,3,1.0,0.4525534113248189,0.37539463614424073
dirichlet_a1.0,low_norm,cosine,A_condition_specific_oracle,0.44336120287577313,0.008358088880988726,3,0.0,0.4493036270141601,0.00594242413838697
dirichlet_a1.0,low_norm,cosine,B_iid_transfer_frozen,0.0665738185246785,0.013750262580648764,3,0.0,0.0665738185246785,0.0
dirichlet_a1.0,low_norm,fedavg,not_applicable,0.41281338532765705,0.023816153407098445,3,0.0,0.44990716377894086,0.03709377845128381
dirichlet_a1.0,low_norm,median,not_applicable,0.27126277983188624,0.10850917686035422,3,0.0,0.40891366203625995,0.13765088220437371
dirichlet_a1.0,low_norm,multi_krum,not_applicable,0.39549675583839417,0.02215944543083597,3,0.0,0.43686166405677795,0.04136490821838379
dirichlet_a1.0,low_norm,norm,A_condition_specific_oracle,0.35877438882986695,0.12322317454331759,3,0.0,0.4419684410095215,0.08319405217965453
dirichlet_a1.0,low_norm,norm,B_iid_transfer_frozen,0.07646239797274267,0.01571349122332335,3,0.0,0.07418755938609438,-0.0022748385866482868
dirichlet_a1.0,low_norm,sign_consensus,A_condition_specific_oracle,0.4126741091410319,0.024884414326219555,3,0.0,0.45394615332285565,0.04127204418182373
dirichlet_a1.0,low_norm,sign_consensus,B_iid_transfer_frozen,0.4139275948206584,0.02444954689828385,3,0.0,0.4525534113248189,0.038625816504160526
dirichlet_a1.0,no_attack,cosine,A_condition_specific_oracle,0.4493036270141601,0.03654442828379969,3,0.0,0.4493036270141601,0.0
dirichlet_a1.0,no_attack,cosine,B_iid_transfer_frozen,0.0665738185246785,0.013750262580648764,3,0.0,0.0665738185246785,0.0
dirichlet_a1.0,no_attack,fedavg,not_applicable,0.44990716377894086,0.02750699182275428,3,0.0,0.44990716377894086,0.0
dirichlet_a1.0,no_attack,median,not_applicable,0.40891366203625995,0.052370830506170675,3,0.0,0.40891366203625995,0.0
dirichlet_a1.0,no_attack,multi_krum,not_applicable,0.43686166405677795,0.013579453192566947,3,0.0,0.43686166405677795,0.0
dirichlet_a1.0,no_attack,norm,A_condition_specific_oracle,0.4419684410095215,0.037296366970243085,3,0.0,0.4419684410095215,0.0
dirichlet_a1.0,no_attack,norm,B_iid_transfer_frozen,0.07418755938609438,0.01347764261263107,3,0.0,0.07418755938609438,0.0
dirichlet_a1.0,no_attack,sign_consensus,A_condition_specific_oracle,0.45394615332285565,0.02225116215839755,3,0.0,0.45394615332285565,0.0
dirichlet_a1.0,no_attack,sign_consensus,B_iid_transfer_frozen,0.4525534113248189,0.022329920318585446,3,0.0,0.4525534113248189,0.0
dirichlet_a1.0,sparse_coordinate_attack,cosine,A_condition_specific_oracle,0.2979108740886052,0.11169735239911915,3,0.0,0.4493036270141601,0.15139275292555487
dirichlet_a1.0,sparse_coordinate_attack,cosine,B_iid_transfer_frozen,0.1042711238066355,0.05961984058994732,3,0.0,0.0665738185246785,-0.037697305281957
dirichlet_a1.0,sparse_coordinate_attack,fedavg,not_applicable,0.3761838475863138,0.0904240930117134,3,0.0,0.44990716377894086,0.07372331619262706
dirichlet_a1.0,sparse_coordinate_attack,median,not_applicable,0.3443361272414525,0.1533438454549754,3,0.0,0.40891366203625995,0.06457753479480743
dirichlet_a1.0,sparse_coordinate_attack,multi_krum,not_applicable,0.45663881301879883,0.04423497939639245,3,0.0,0.43686166405677795,-0.019777148962020874
dirichlet_a1.0,sparse_coordinate_attack,norm,A_condition_specific_oracle,0.4343082706133525,0.04970688749572869,3,0.0,0.4419684410095215,0.007660170396169008
dirichlet_a1.0,sparse_coordinate_attack,norm,B_iid_transfer_frozen,0.07418755938609438,0.01347764261263107,3,0.0,0.07418755938609438,0.0
dirichlet_a1.0,sparse_coordinate_attack,sign_consensus,A_condition_specific_oracle,0.4576137562592824,0.04021148004175413,3,0.0,0.45394615332285565,-0.0036676029364267615
dirichlet_a1.0,sparse_coordinate_attack,sign_consensus,B_iid_transfer_frozen,0.4572887718677521,0.039385838071743416,3,0.0,0.4525534113248189,-0.004735360542933165
iid,directional_poisoning,cosine,A_condition_specific_oracle,0.4098421633243561,0.016266878525238893,3,0.0,0.4190807938575744,0.009238630533218328
iid,directional_poisoning,fedavg,not_applicable,0.3908078173796336,0.036194558192012394,3,0.0,0.4419220189253488,0.05111420154571522
iid,directional_poisoning,median,not_applicable,0.4363045593102773,0.023386858593091954,3,0.0,0.44377902150154114,0.007474462191263853
iid,directional_poisoning,multi_krum,not_applicable,0.43686166405677795,0.021459470070326985,3,0.0,0.44684308767318726,0.009981423616409302
iid,directional_poisoning,norm,A_condition_specific_oracle,0.2590993518630663,0.15387907187820024,3,0.0,0.2562209938963254,-0.0028783579667409076
iid,directional_poisoning,sign_consensus,A_condition_specific_oracle,0.4374651809533437,0.02133557393322537,3,0.0,0.4416898787021637,0.0042246977488200055
iid,full_sign_flip,cosine,A_condition_specific_oracle,0.40998143951098126,0.01618737363260774,3,0.0,0.4190807938575744,0.009099354346593147
iid,full_sign_flip,fedavg,not_applicable,0.3908078173796336,0.036194558192012394,3,0.0,0.4419220189253488,0.05111420154571522
iid,full_sign_flip,median,not_applicable,0.4368616541226705,0.023864706011439696,3,0.0,0.44377902150154114,0.006917367378870665
iid,full_sign_flip,multi_krum,not_applicable,0.4368152419726054,0.02164352974062586,3,0.0,0.44684308767318726,0.01002784570058185
iid,full_sign_flip,norm,A_condition_specific_oracle,0.25914578388134635,0.15391745744415067,3,0.0,0.2562209938963254,-0.002924789985020937
iid,full_sign_flip,sign_consensus,A_condition_specific_oracle,0.43741875886917114,0.021350720416448546,3,0.0,0.4416898787021637,0.004271119832992554
iid,large_norm,cosine,A_condition_specific_oracle,0.4549675186475118,0.020205235366340873,3,0.0,0.4190807938575744,-0.035886724789937374
iid,large_norm,fedavg,not_applicable,0.12140204757452007,0.06399677557537883,3,1.0,0.4419220189253488,0.32051997135082877
iid,large_norm,median,not_applicable,0.449675033489863,0.010667410329419348,3,0.0,0.44377902150154114,-0.005896011988321848
iid,large_norm,multi_krum,not_applicable,0.44693594177563983,0.011808906118154766,3,0.0,0.44684308767318726,-9.285410245257752e-05
iid,large_norm,norm,A_condition_specific_oracle,0.26244197040796274,0.15672387995676904,3,0.0,0.2562209938963254,-0.006220976511637333
iid,large_norm,sign_consensus,A_condition_specific_oracle,0.12140204757452007,0.06399677557537883,3,1.0,0.4416898787021637,0.32028783112764364
iid,low_norm,cosine,A_condition_specific_oracle,0.41829155882199603,0.012191482322759238,3,0.0,0.4190807938575744,0.0007892350355783728
iid,low_norm,fedavg,not_applicable,0.4292479157447815,0.019497130537922253,3,0.0,0.4419220189253488,0.012674103180567331
iid,low_norm,median,not_applicable,0.4392293492952983,0.024638163240404583,3,0.0,0.44377902150154114,0.004549672206242861
iid,low_norm,multi_krum,not_applicable,0.4370473623275757,0.02143082491535023,3,0.0,0.44684308767318726,0.009795725345611572
iid,low_norm,norm,A_condition_specific_oracle,0.2623491212725639,0.15568304680355063,3,0.0,0.2562209938963254,-0.006128127376238468
iid,low_norm,sign_consensus,A_condition_specific_oracle,0.42906221747398376,0.01951964988684164,3,0.0,0.4416898787021637,0.012627661228179932
iid,no_attack,cosine,A_condition_specific_oracle,0.4190807938575744,0.0175061423723419,3,0.0,0.4190807938575744,0.0
iid,no_attack,fedavg,not_applicable,0.4419220189253488,0.0078031611526523815,3,0.0,0.4419220189253488,0.0
iid,no_attack,median,not_applicable,0.44377902150154114,0.016185572272802422,3,0.0,0.44377902150154114,0.0
iid,no_attack,multi_krum,not_applicable,0.44684308767318726,0.024427046531092726,3,0.0,0.44684308767318726,0.0
iid,no_attack,norm,A_condition_specific_oracle,0.2562209938963254,0.15156387006385647,3,0.0,0.2562209938963254,0.0
iid,no_attack,sign_consensus,A_condition_specific_oracle,0.4416898787021637,0.008289346295756153,3,0.0,0.4416898787021637,0.0
iid,sparse_coordinate_attack,cosine,A_condition_specific_oracle,0.459749311208725,0.018996712391257282,3,0.0,0.4190807938575744,-0.04066851735115057
iid,sparse_coordinate_attack,fedavg,not_applicable,0.30640669167041773,0.10690021176273465,3,0.0,0.4419220189253488,0.1355153272549311
iid,sparse_coordinate_attack,median,not_applicable,0.4590529402097066,0.010212812708998022,3,0.0,0.44377902150154114,-0.015273918708165468
iid,sparse_coordinate_attack,multi_krum,not_applicable,0.46044570207595825,0.013723435983840754,3,0.0,0.44684308767318726,-0.013602614402770996
iid,sparse_coordinate_attack,norm,A_condition_specific_oracle,0.26132777084906894,0.1557574792003192,3,0.0,0.2562209938963254,-0.00510677695274353
iid,sparse_coordinate_attack,sign_consensus,A_condition_specific_oracle,0.4602599839369456,0.01323511196955801,3,0.0,0.4416898787021637,-0.01857010523478192
