run_id,seed,partition,attack,candidate,n_rounds,diverged,runtime_s,final_accuracy,final_loss,honest_fpr,n_honest,malicious_tpr,n_malicious_active
c3_static__iid__no_attack__seed42,42,iid,no_attack,c3_static,25,False,55.182434440999714,0.315738171339035,2.1127004623413086,0.272,125,,0
c4_static__iid__no_attack__seed42,42,iid,no_attack,c4_static,25,False,54.71669175699935,0.3158774375915527,2.1126747131347656,0.272,125,,0
c4_drift_aware__iid__no_attack__seed42,42,iid,no_attack,c4_drift_aware,25,False,54.30422827000075,0.4605849683284759,1.807459712028504,0.048,125,,0
c3_static__iid__large_norm__seed42,42,iid,large_norm,c3_static,25,False,52.598373146000085,0.3541782796382904,2.1059556007385254,0.24545454545454545,110,1.0,15
c4_static__iid__large_norm__seed42,42,iid,large_norm,c4_static,25,False,52.1564411190011,0.3541782796382904,2.105918884277344,0.24545454545454545,110,1.0,15
c4_drift_aware__iid__large_norm__seed42,42,iid,large_norm,c4_drift_aware,25,False,52.59654561299976,0.4601671397686004,1.7909154891967771,0.00909090909090909,110,1.0,15
c3_static__iid__directional_poisoning__seed42,42,iid,directional_poisoning,c3_static,25,False,52.43208682099976,0.3508356511592865,2.1200053691864014,0.2545454545454545,110,1.0,15
c4_static__iid__directional_poisoning__seed42,42,iid,directional_poisoning,c4_static,25,False,51.94783356799962,0.3506963849067688,2.120013475418091,0.2545454545454545,110,1.0,15
c4_drift_aware__iid__directional_poisoning__seed42,42,iid,directional_poisoning,c4_drift_aware,25,False,52.70287643899974,0.4601671397686004,1.7938889265060425,0.045454545454545456,110,1.0,15
c3_static__iid__sparse_coordinate_attack__seed42,42,iid,sparse_coordinate_attack,c3_static,25,False,52.61130536100063,0.3605849742889404,2.118992567062378,0.2545454545454545,110,1.0,15
c4_static__iid__sparse_coordinate_attack__seed42,42,iid,sparse_coordinate_attack,c4_static,25,False,52.28163465000034,0.3604456782341003,2.119020462036133,0.2545454545454545,110,1.0,15
c4_drift_aware__iid__sparse_coordinate_attack__seed42,42,iid,sparse_coordinate_attack,c4_drift_aware,25,False,52.817013706999205,0.4577994644641876,1.7898516654968262,0.02727272727272727,110,1.0,15
c3_static__dirichlet_a0.1__no_attack__seed42,42,dirichlet_a0.1,no_attack,c3_static,25,False,52.55768345400065,0.2348189502954483,3.0259039402008057,0.44,125,,0
c4_static__dirichlet_a0.1__no_attack__seed42,42,dirichlet_a0.1,no_attack,c4_static,25,False,52.675087679999706,0.1717270165681839,2.234449863433838,0.992,125,,0
c4_drift_aware__dirichlet_a0.1__no_attack__seed42,42,dirichlet_a0.1,no_attack,c4_drift_aware,25,False,52.522506305000206,0.2338440120220184,1.9275977611541748,0.032,125,,0
c3_static__dirichlet_a0.1__large_norm__seed42,42,dirichlet_a0.1,large_norm,c3_static,25,False,51.73866663700028,0.2654596269130707,2.937609910964966,0.5,110,1.0,15
c4_static__dirichlet_a0.1__large_norm__seed42,42,dirichlet_a0.1,large_norm,c4_static,25,False,51.94382161999965,0.1717270165681839,2.234448194503784,0.990909090909091,110,1.0,15
c4_drift_aware__dirichlet_a0.1__large_norm__seed42,42,dirichlet_a0.1,large_norm,c4_drift_aware,25,False,52.14401206899856,0.3270195126533508,1.9340627193450928,0.08181818181818182,110,1.0,15
c3_static__dirichlet_a0.1__directional_poisoning__seed42,42,dirichlet_a0.1,directional_poisoning,c3_static,25,False,52.47839248500168,0.2639275789260864,3.024876832962036,0.5,110,0.5333333333333333,15
c4_static__dirichlet_a0.1__directional_poisoning__seed42,42,dirichlet_a0.1,directional_poisoning,c4_static,25,False,52.44651612999951,0.1717270165681839,2.234449863433838,0.990909090909091,110,1.0,15
c4_drift_aware__dirichlet_a0.1__directional_poisoning__seed42,42,dirichlet_a0.1,directional_poisoning,c4_drift_aware,25,False,52.3970550590002,0.1033426225185394,2.406044244766236,0.00909090909090909,110,0.9333333333333333,15
c3_static__dirichlet_a0.1__sparse_coordinate_attack__seed42,42,dirichlet_a0.1,sparse_coordinate_attack,c3_static,25,False,52.95739582399983,0.2653203308582306,2.86743426322937,0.5,110,1.0,15
c4_static__dirichlet_a0.1__sparse_coordinate_attack__seed42,42,dirichlet_a0.1,sparse_coordinate_attack,c4_static,25,False,52.302146643000015,0.1717270165681839,2.234448432922364,0.990909090909091,110,1.0,15
c4_drift_aware__dirichlet_a0.1__sparse_coordinate_attack__seed42,42,dirichlet_a0.1,sparse_coordinate_attack,c4_drift_aware,25,False,52.44739793100052,0.3200557231903076,1.988635420799256,0.00909090909090909,110,1.0,15
c3_static__iid__no_attack__seed43,43,iid,no_attack,c3_static,25,False,53.86139938999986,0.3660167157649994,2.138049840927124,0.664,125,,0
c4_static__iid__no_attack__seed43,43,iid,no_attack,c4_static,25,False,51.50948372899984,0.3661560118198395,2.138046741485596,0.664,125,,0
c4_drift_aware__iid__no_attack__seed43,43,iid,no_attack,c4_drift_aware,25,False,52.50550973399913,0.4292479157447815,1.553233981132507,0.016,125,,0
c3_static__iid__large_norm__seed43,43,iid,large_norm,c3_static,25,False,52.289146865001385,0.365738183259964,2.138047218322754,0.6181818181818182,110,1.0,15
c4_static__iid__large_norm__seed43,43,iid,large_norm,c4_static,25,False,52.621083822999935,0.3658774495124817,2.138054847717285,0.6181818181818182,110,1.0,15
c4_drift_aware__iid__large_norm__seed43,43,iid,large_norm,c4_drift_aware,25,False,51.848350668999046,0.4383008480072021,1.5496060848236084,0.00909090909090909,110,1.0,15
c3_static__iid__directional_poisoning__seed43,43,iid,directional_poisoning,c3_static,25,False,52.48718228800135,0.365738183259964,2.13803768157959,0.6181818181818182,110,1.0,15
c4_static__iid__directional_poisoning__seed43,43,iid,directional_poisoning,c4_static,25,False,51.57380184900103,0.3660167157649994,2.1380503177642822,0.6181818181818182,110,1.0,15
c4_drift_aware__iid__directional_poisoning__seed43,43,iid,directional_poisoning,c4_drift_aware,25,False,51.65408868200029,0.4313370585441589,1.552255392074585,0.01818181818181818,110,1.0,15
c3_static__iid__sparse_coordinate_attack__seed43,43,iid,sparse_coordinate_attack,c3_static,25,False,52.40591388899884,0.3658774495124817,2.1380441188812256,0.6181818181818182,110,1.0,15
c4_static__iid__sparse_coordinate_attack__seed43,43,iid,sparse_coordinate_attack,c4_static,25,False,52.41603739499988,0.3658774495124817,2.1380558013916016,0.6181818181818182,110,1.0,15
c4_drift_aware__iid__sparse_coordinate_attack__seed43,43,iid,sparse_coordinate_attack,c4_drift_aware,25,False,51.91756432699913,0.4284122586250305,1.5460845232009888,0.00909090909090909,110,1.0,15
c3_static__iid__no_attack__seed44,44,iid,no_attack,c3_static,25,False,51.94788955799959,0.0814763233065605,2.1977293491363525,1.0,125,,0
c4_static__iid__no_attack__seed44,44,iid,no_attack,c4_static,25,False,51.67586077099986,0.0814763233065605,2.1977293491363525,1.0,125,,0
c4_drift_aware__iid__no_attack__seed44,44,iid,no_attack,c4_drift_aware,25,False,52.92379470800006,0.4688022434711456,1.599471926689148,0.048,125,,0
c3_static__iid__large_norm__seed44,44,iid,large_norm,c3_static,25,False,51.8159239380002,0.0814763233065605,2.1977293491363525,1.0,110,1.0,15
c4_static__iid__large_norm__seed44,44,iid,large_norm,c4_static,25,False,52.185497653999846,0.0814763233065605,2.1977293491363525,1.0,110,1.0,15
c4_drift_aware__iid__large_norm__seed44,44,iid,large_norm,c4_drift_aware,25,False,52.13204538199898,0.4770195186138153,1.5578584671020508,0.03636363636363636,110,1.0,15
c3_static__iid__directional_poisoning__seed44,44,iid,directional_poisoning,c3_static,25,False,51.614099974000055,0.0814763233065605,2.1977293491363525,1.0,110,1.0,15
c4_static__iid__directional_poisoning__seed44,44,iid,directional_poisoning,c4_static,25,False,51.91627772300126,0.0814763233065605,2.1977293491363525,1.0,110,1.0,15
c4_drift_aware__iid__directional_poisoning__seed44,44,iid,directional_poisoning,c4_drift_aware,25,False,51.94418250799936,0.440668523311615,1.6135021448135376,0.045454545454545456,110,1.0,15
c3_static__iid__sparse_coordinate_attack__seed44,44,iid,sparse_coordinate_attack,c3_static,25,False,51.64313369800038,0.0814763233065605,2.1977293491363525,1.0,110,1.0,15
c4_static__iid__sparse_coordinate_attack__seed44,44,iid,sparse_coordinate_attack,c4_static,25,False,52.07766147000075,0.0814763233065605,2.1977293491363525,1.0,110,1.0,15
c4_drift_aware__iid__sparse_coordinate_attack__seed44,44,iid,sparse_coordinate_attack,c4_drift_aware,25,False,52.58445864599889,0.4701949954032898,1.61079740524292,0.02727272727272727,110,1.0,15
c3_static__dirichlet_a1.0__no_attack__seed42,42,dirichlet_a1.0,no_attack,c3_static,25,False,52.25544018000073,0.4559888839721679,1.6668086051940918,0.184,125,,0
c4_static__dirichlet_a1.0__no_attack__seed42,42,dirichlet_a1.0,no_attack,c4_static,25,False,51.91100491200086,0.3994429111480713,1.6803302764892578,0.6,125,,0
c4_drift_aware__dirichlet_a1.0__no_attack__seed42,42,dirichlet_a1.0,no_attack,c4_drift_aware,25,False,52.25333514600061,0.4772980511188507,1.665980577468872,0.0,125,,0
c3_static__dirichlet_a1.0__large_norm__seed42,42,dirichlet_a1.0,large_norm,c3_static,25,False,52.42274018700118,0.5030640959739685,1.8449679613113403,0.20909090909090908,110,1.0,15
c4_static__dirichlet_a1.0__large_norm__seed42,42,dirichlet_a1.0,large_norm,c4_static,25,False,52.54313872999956,0.4512535035610199,1.7002192735671997,0.35454545454545455,110,1.0,15
c4_drift_aware__dirichlet_a1.0__large_norm__seed42,42,dirichlet_a1.0,large_norm,c4_drift_aware,25,False,52.72625170399988,0.4949860870838165,1.820637583732605,0.02727272727272727,110,1.0,15
c3_static__dirichlet_a1.0__directional_poisoning__seed42,42,dirichlet_a1.0,directional_poisoning,c3_static,25,False,51.09851214599985,0.2923398315906524,2.0968048572540283,0.20909090909090908,110,0.26666666666666666,15
c4_static__dirichlet_a1.0__directional_poisoning__seed42,42,dirichlet_a1.0,directional_poisoning,c4_static,25,False,51.63607299199976,0.4157381653785705,1.6728005409240725,0.5454545454545454,110,1.0,15
c4_drift_aware__dirichlet_a1.0__directional_poisoning__seed42,42,dirichlet_a1.0,directional_poisoning,c4_drift_aware,25,False,51.43352785400021,0.4292479157447815,1.7578520774841309,0.0,110,0.9333333333333333,15
c3_static__dirichlet_a1.0__sparse_coordinate_attack__seed42,42,dirichlet_a1.0,sparse_coordinate_attack,c3_static,25,False,52.46213563700076,0.410584956407547,1.8640897274017332,0.20909090909090908,110,1.0,15
c4_static__dirichlet_a1.0__sparse_coordinate_attack__seed42,42,dirichlet_a1.0,sparse_coordinate_attack,c4_static,25,False,51.55024650599989,0.3798050284385681,1.8482054471969604,0.5454545454545454,110,1.0,15
c4_drift_aware__dirichlet_a1.0__sparse_coordinate_attack__seed42,42,dirichlet_a1.0,sparse_coordinate_attack,c4_drift_aware,25,False,52.17314871500093,0.4305014014244079,1.882118582725525,0.0,110,1.0,15
c3_static__dirichlet_a1.0__no_attack__seed43,43,dirichlet_a1.0,no_attack,c3_static,25,False,51.79898341099943,0.4934540390968323,1.5186532735824585,0.064,125,,0
c4_static__dirichlet_a1.0__no_attack__seed43,43,dirichlet_a1.0,no_attack,c4_static,25,False,52.33508530099971,0.4919220209121704,1.5188541412353516,0.064,125,,0
c4_drift_aware__dirichlet_a1.0__no_attack__seed43,43,dirichlet_a1.0,no_attack,c4_drift_aware,25,False,52.31266176900135,0.4917827546596527,1.517082452774048,0.04,125,,0
c3_static__dirichlet_a1.0__large_norm__seed43,43,dirichlet_a1.0,large_norm,c3_static,25,False,51.64698435399987,0.4328690767288208,1.5283693075180054,0.07272727272727272,110,1.0,15
c4_static__dirichlet_a1.0__large_norm__seed43,43,dirichlet_a1.0,large_norm,c4_static,25,False,51.91379217899885,0.4342618584632873,1.5274592638015747,0.07272727272727272,110,1.0,15
c4_drift_aware__dirichlet_a1.0__large_norm__seed43,43,dirichlet_a1.0,large_norm,c4_drift_aware,25,False,52.22408670799996,0.4409470856189728,1.5350617170333862,0.02727272727272727,110,1.0,15
c3_static__dirichlet_a1.0__directional_poisoning__seed43,43,dirichlet_a1.0,directional_poisoning,c3_static,25,False,51.98683612400055,0.3511142134666443,1.6103637218475342,0.07272727272727272,110,0.5333333333333333,15
c4_static__dirichlet_a1.0__directional_poisoning__seed43,43,dirichlet_a1.0,directional_poisoning,c4_static,25,False,51.68523222300064,0.4500000178813934,1.534343719482422,0.07272727272727272,110,0.9333333333333333,15
c4_drift_aware__dirichlet_a1.0__directional_poisoning__seed43,43,dirichlet_a1.0,directional_poisoning,c4_drift_aware,25,False,51.976714679,0.4455431997776031,1.5324724912643433,0.01818181818181818,110,0.9333333333333333,15
c3_static__dirichlet_a1.0__sparse_coordinate_attack__seed43,43,dirichlet_a1.0,sparse_coordinate_attack,c3_static,25,False,51.62389478299883,0.4140668511390686,1.555185317993164,0.07272727272727272,110,1.0,15
c4_static__dirichlet_a1.0__sparse_coordinate_attack__seed43,43,dirichlet_a1.0,sparse_coordinate_attack,c4_static,25,False,52.67407721100062,0.4101671278476715,1.5613055229187012,0.07272727272727272,110,1.0,15
c4_drift_aware__dirichlet_a1.0__sparse_coordinate_attack__seed43,43,dirichlet_a1.0,sparse_coordinate_attack,c4_drift_aware,25,False,51.539399577999575,0.4121170043945312,1.5613335371017456,0.02727272727272727,110,1.0,15
c3_static__dirichlet_a1.0__no_attack__seed44,44,dirichlet_a1.0,no_attack,c3_static,25,False,52.030315177000375,0.423398345708847,1.7709139585494995,0.8,125,,0
c4_static__dirichlet_a1.0__no_attack__seed44,44,dirichlet_a1.0,no_attack,c4_static,25,False,52.55339762099902,0.0586351007223129,2.273067712783813,0.992,125,,0
c4_drift_aware__dirichlet_a1.0__no_attack__seed44,44,dirichlet_a1.0,no_attack,c4_drift_aware,25,False,52.08610353299992,0.4337047338485718,1.5774409770965576,0.008,125,,0
c3_static__dirichlet_a1.0__large_norm__seed44,44,dirichlet_a1.0,large_norm,c3_static,25,False,51.99700728500102,0.3845404088497162,1.900456786155701,0.7727272727272727,110,1.0,15
c4_static__dirichlet_a1.0__large_norm__seed44,44,dirichlet_a1.0,large_norm,c4_static,25,False,51.71631540699855,0.0586351007223129,2.273037433624268,0.990909090909091,110,1.0,15
c4_drift_aware__dirichlet_a1.0__large_norm__seed44,44,dirichlet_a1.0,large_norm,c4_drift_aware,25,False,52.04315469300127,0.3894150555133819,1.611339807510376,0.01818181818181818,110,1.0,15
c3_static__dirichlet_a1.0__directional_poisoning__seed44,44,dirichlet_a1.0,directional_poisoning,c3_static,25,False,52.307740233,0.4228412508964538,1.770068883895874,0.7727272727272727,110,1.0,15
c4_static__dirichlet_a1.0__directional_poisoning__seed44,44,dirichlet_a1.0,directional_poisoning,c4_static,25,False,51.9637501039997,0.0586351007223129,2.273067712783813,0.990909090909091,110,1.0,15
c4_drift_aware__dirichlet_a1.0__directional_poisoning__seed44,44,dirichlet_a1.0,directional_poisoning,c4_drift_aware,25,False,51.8771488780003,0.4391365051269531,1.5479217767715454,0.0,110,0.8666666666666667,15
c3_static__dirichlet_a1.0__sparse_coordinate_attack__seed44,44,dirichlet_a1.0,sparse_coordinate_attack,c3_static,25,False,52.20036509999954,0.3696379065513611,1.8823304176330569,0.7727272727272727,110,1.0,15
c4_static__dirichlet_a1.0__sparse_coordinate_attack__seed44,44,dirichlet_a1.0,sparse_coordinate_attack,c4_static,25,False,53.102435759999935,0.0586351007223129,2.2730679512023926,0.990909090909091,110,1.0,15
c4_drift_aware__dirichlet_a1.0__sparse_coordinate_attack__seed44,44,dirichlet_a1.0,sparse_coordinate_attack,c4_drift_aware,25,False,52.22655180500078,0.4211699366569519,1.5536314249038696,0.0,110,1.0,15
c3_static__dirichlet_a0.5__no_attack__seed42,42,dirichlet_a0.5,no_attack,c3_static,25,False,51.916915230000086,0.2110027968883514,2.344456434249878,0.8,125,,0
c4_static__dirichlet_a0.5__no_attack__seed42,42,dirichlet_a0.5,no_attack,c4_static,25,False,52.09777155200027,0.2139275819063186,2.339311361312866,0.8,125,,0
c4_drift_aware__dirichlet_a0.5__no_attack__seed42,42,dirichlet_a0.5,no_attack,c4_drift_aware,25,False,52.682518652,0.2701950073242187,1.7492538690567017,0.0,125,,0
c3_static__dirichlet_a0.5__large_norm__seed42,42,dirichlet_a0.5,large_norm,c3_static,25,False,52.114190071999474,0.3924791216850281,2.1639912128448486,0.7727272727272727,110,1.0,15
c4_static__dirichlet_a0.5__large_norm__seed42,42,dirichlet_a0.5,large_norm,c4_static,25,False,51.72621453700049,0.3934540450572967,2.163524389266968,0.7727272727272727,110,1.0,15
c4_drift_aware__dirichlet_a0.5__large_norm__seed42,42,dirichlet_a0.5,large_norm,c4_drift_aware,25,False,52.00156581699957,0.3488858044147491,1.7524250745773315,0.05454545454545454,110,1.0,15
c3_static__dirichlet_a0.5__directional_poisoning__seed42,42,dirichlet_a0.5,directional_poisoning,c3_static,25,False,51.53949938900041,0.2110027968883514,2.345444679260254,0.7727272727272727,110,1.0,15
c4_static__dirichlet_a0.5__directional_poisoning__seed42,42,dirichlet_a0.5,directional_poisoning,c4_static,25,False,51.17916519699975,0.2126740962266922,2.3421630859375,0.7727272727272727,110,1.0,15
c4_drift_aware__dirichlet_a0.5__directional_poisoning__seed42,42,dirichlet_a0.5,directional_poisoning,c4_drift_aware,25,False,51.89619993799897,0.3476323187351227,1.8411576747894287,0.0,110,0.9333333333333333,15
c3_static__dirichlet_a0.5__sparse_coordinate_attack__seed42,42,dirichlet_a0.5,sparse_coordinate_attack,c3_static,25,False,51.99152321399925,0.3097493052482605,2.20479154586792,0.7727272727272727,110,1.0,15
c4_static__dirichlet_a0.5__sparse_coordinate_attack__seed42,42,dirichlet_a0.5,sparse_coordinate_attack,c4_static,25,False,52.29351430899988,0.3097493052482605,2.2041146755218506,0.7727272727272727,110,1.0,15
c4_drift_aware__dirichlet_a0.5__sparse_coordinate_attack__seed42,42,dirichlet_a0.5,sparse_coordinate_attack,c4_drift_aware,25,False,52.56603592400097,0.3605849742889404,1.7434757947921753,0.0,110,1.0,15
c3_static__dirichlet_a0.5__no_attack__seed43,43,dirichlet_a0.5,no_attack,c3_static,25,False,51.93241058499916,0.3727019727230072,1.628819465637207,0.056,125,,0
c4_static__dirichlet_a0.5__no_attack__seed43,43,dirichlet_a0.5,no_attack,c4_static,25,False,52.044666900001175,0.3732590675354004,1.625888466835022,0.064,125,,0
c4_drift_aware__dirichlet_a0.5__no_attack__seed43,43,dirichlet_a0.5,no_attack,c4_drift_aware,25,False,52.33488467300049,0.3619777262210846,1.640388011932373,0.032,125,,0
c3_static__dirichlet_a0.5__large_norm__seed43,43,dirichlet_a0.5,large_norm,c3_static,25,False,51.63039034500071,0.3835654556751251,1.7327275276184082,0.06363636363636363,110,1.0,15
c4_static__dirichlet_a0.5__large_norm__seed43,43,dirichlet_a0.5,large_norm,c4_static,25,False,52.37501745700138,0.3857938945293426,1.733303785324097,0.08181818181818182,110,1.0,15
c4_drift_aware__dirichlet_a0.5__large_norm__seed43,43,dirichlet_a0.5,large_norm,c4_drift_aware,25,False,52.532506010998986,0.3426184058189392,1.7502681016921997,0.06363636363636363,110,1.0,15
c3_static__dirichlet_a0.5__directional_poisoning__seed43,43,dirichlet_a0.5,directional_poisoning,c3_static,25,False,52.499430553998536,0.2940111458301544,1.8593283891677856,0.06363636363636363,110,0.4666666666666667,15
c4_static__dirichlet_a0.5__directional_poisoning__seed43,43,dirichlet_a0.5,directional_poisoning,c4_static,25,False,51.83523735699964,0.3415041863918304,1.7543909549713137,0.07272727272727272,110,0.8666666666666667,15
c4_drift_aware__dirichlet_a0.5__directional_poisoning__seed43,43,dirichlet_a0.5,directional_poisoning,c4_drift_aware,25,False,52.26231353900039,0.309331476688385,1.8139781951904297,0.05454545454545454,110,0.8666666666666667,15
c3_static__dirichlet_a0.5__sparse_coordinate_attack__seed43,43,dirichlet_a0.5,sparse_coordinate_attack,c3_static,25,False,51.71409349200076,0.3625348210334778,1.800195336341858,0.06363636363636363,110,1.0,15
c4_static__dirichlet_a0.5__sparse_coordinate_attack__seed43,43,dirichlet_a0.5,sparse_coordinate_attack,c4_static,25,False,52.05054803100029,0.3651810586452484,1.7980504035949707,0.07272727272727272,110,1.0,15
c4_drift_aware__dirichlet_a0.5__sparse_coordinate_attack__seed43,43,dirichlet_a0.5,sparse_coordinate_attack,c4_drift_aware,25,False,52.96285715900012,0.3238161504268646,1.8004014492034912,0.045454545454545456,110,1.0,15
c3_static__dirichlet_a0.5__no_attack__seed44,44,dirichlet_a0.5,no_attack,c3_static,25,False,52.575430085000335,0.4724234044551849,1.5839630365371704,0.704,125,,0
c4_static__dirichlet_a0.5__no_attack__seed44,44,dirichlet_a0.5,no_attack,c4_static,25,False,52.381013338999765,0.3011142015457153,1.7373895645141602,0.784,125,,0
c4_drift_aware__dirichlet_a0.5__no_attack__seed44,44,dirichlet_a0.5,no_attack,c4_drift_aware,25,False,52.17842618599934,0.488997220993042,1.5535880327224731,0.032,125,,0
c3_static__dirichlet_a0.5__large_norm__seed44,44,dirichlet_a0.5,large_norm,c3_static,25,False,52.12818330399932,0.4961002767086029,1.5873068571090698,0.6909090909090909,110,1.0,15
c4_static__dirichlet_a0.5__large_norm__seed44,44,dirichlet_a0.5,large_norm,c4_static,25,False,51.95233764299883,0.3696379065513611,1.6898363828659058,0.7636363636363637,110,1.0,15
c4_drift_aware__dirichlet_a0.5__large_norm__seed44,44,dirichlet_a0.5,large_norm,c4_drift_aware,25,False,51.67875423699843,0.4045961201190948,1.6282169818878174,0.13636363636363635,110,1.0,15
c3_static__dirichlet_a0.5__directional_poisoning__seed44,44,dirichlet_a0.5,directional_poisoning,c3_static,25,False,51.94048352199934,0.3841225802898407,1.6666492223739624,0.7090909090909091,110,0.9333333333333333,15
c4_static__dirichlet_a0.5__directional_poisoning__seed44,44,dirichlet_a0.5,directional_poisoning,c4_static,25,False,52.32029766300002,0.3749303817749023,1.6867889165878296,0.7636363636363637,110,1.0,15
c4_drift_aware__dirichlet_a0.5__directional_poisoning__seed44,44,dirichlet_a0.5,directional_poisoning,c4_drift_aware,25,False,52.65875705699909,0.398746520280838,1.639041304588318,0.02727272727272727,110,0.9333333333333333,15
c3_static__dirichlet_a0.5__sparse_coordinate_attack__seed44,44,dirichlet_a0.5,sparse_coordinate_attack,c3_static,25,False,52.24690196800111,0.393314778804779,1.6841195821762085,0.7181818181818181,110,1.0,15
c4_static__dirichlet_a0.5__sparse_coordinate_attack__seed44,44,dirichlet_a0.5,sparse_coordinate_attack,c4_static,25,False,51.80088993799836,0.3590529263019562,1.7554978132247925,0.7636363636363637,110,1.0,15
c4_drift_aware__dirichlet_a0.5__sparse_coordinate_attack__seed44,44,dirichlet_a0.5,sparse_coordinate_attack,c4_drift_aware,25,False,52.04956216799837,0.4084958434104919,1.6298893690109253,0.01818181818181818,110,1.0,15
c3_static__dirichlet_a0.1__no_attack__seed43,43,dirichlet_a0.1,no_attack,c3_static,25,False,52.37676206200194,0.2434540390968322,1.8356810808181765,0.072,125,,0
c4_static__dirichlet_a0.1__no_attack__seed43,43,dirichlet_a0.1,no_attack,c4_static,25,False,51.87998834600148,0.2448468059301376,1.825157880783081,0.088,125,,0
c4_drift_aware__dirichlet_a0.1__no_attack__seed43,43,dirichlet_a0.1,no_attack,c4_drift_aware,25,False,52.08613499300191,0.2540389895439148,1.809267282485962,0.032,125,,0
c3_static__dirichlet_a0.1__large_norm__seed43,43,dirichlet_a0.1,large_norm,c3_static,25,False,52.17893192000338,0.2481894195079803,2.239917278289795,0.08181818181818182,110,1.0,15
c4_static__dirichlet_a0.1__large_norm__seed43,43,dirichlet_a0.1,large_norm,c4_static,25,False,51.60011411999949,0.2420612871646881,2.3630049228668213,0.2909090909090909,110,1.0,15
c4_drift_aware__dirichlet_a0.1__large_norm__seed43,43,dirichlet_a0.1,large_norm,c4_drift_aware,25,False,52.48738323799989,0.2644846737384796,2.238940477371216,0.11818181818181818,110,1.0,15
c3_static__dirichlet_a0.1__directional_poisoning__seed43,43,dirichlet_a0.1,directional_poisoning,c3_static,25,False,51.997177098000975,0.238161563873291,2.5452423095703125,0.08181818181818182,110,0.4666666666666667,15
c4_static__dirichlet_a0.1__directional_poisoning__seed43,43,dirichlet_a0.1,directional_poisoning,c4_static,25,False,52.3000218590023,0.1899721473455429,2.429776668548584,0.1,110,0.9333333333333333,15
c4_drift_aware__dirichlet_a0.1__directional_poisoning__seed43,43,dirichlet_a0.1,directional_poisoning,c4_drift_aware,25,False,51.8501529799978,0.2518105804920196,2.2917964458465576,0.03636363636363636,110,0.9333333333333333,15
c3_static__dirichlet_a0.1__sparse_coordinate_attack__seed43,43,dirichlet_a0.1,sparse_coordinate_attack,c3_static,25,False,52.12962578400038,0.2211699187755584,2.4197311401367188,0.08181818181818182,110,1.0,15
c4_static__dirichlet_a0.1__sparse_coordinate_attack__seed43,43,dirichlet_a0.1,sparse_coordinate_attack,c4_static,25,False,52.8380277819997,0.2211699187755584,2.4009716510772705,0.1,110,1.0,15
c4_drift_aware__dirichlet_a0.1__sparse_coordinate_attack__seed43,43,dirichlet_a0.1,sparse_coordinate_attack,c4_drift_aware,25,False,52.68586329499885,0.2416434586048126,2.387228012084961,0.03636363636363636,110,1.0,15
c3_static__dirichlet_a0.1__no_attack__seed44,44,dirichlet_a0.1,no_attack,c3_static,25,False,52.75350328900095,0.1862117052078247,1.9286932945251465,0.176,125,,0
c4_static__dirichlet_a0.1__no_attack__seed44,44,dirichlet_a0.1,no_attack,c4_static,25,False,52.354383344998496,0.1841225624084472,1.934823036193848,0.176,125,,0
c4_drift_aware__dirichlet_a0.1__no_attack__seed44,44,dirichlet_a0.1,no_attack,c4_drift_aware,25,False,52.686380043996905,0.1566852480173111,2.3149526119232178,0.208,125,,0
c3_static__dirichlet_a0.1__large_norm__seed44,44,dirichlet_a0.1,large_norm,c3_static,25,False,52.09557349500028,0.3601671457290649,1.8148143291473389,0.2,110,1.0,15
c4_static__dirichlet_a0.1__large_norm__seed44,44,dirichlet_a0.1,large_norm,c4_static,25,False,51.7181317680006,0.2761838436126709,2.369051456451416,0.42727272727272725,110,1.0,15
c4_drift_aware__dirichlet_a0.1__large_norm__seed44,44,dirichlet_a0.1,large_norm,c4_drift_aware,25,False,52.215231569000025,0.3661560118198395,1.7691357135772705,0.2727272727272727,110,1.0,15
c3_static__dirichlet_a0.1__directional_poisoning__seed44,44,dirichlet_a0.1,directional_poisoning,c3_static,25,False,52.02134447199933,0.3488858044147491,2.179056167602539,0.2,110,0.3333333333333333,15
c4_static__dirichlet_a0.1__directional_poisoning__seed44,44,dirichlet_a0.1,directional_poisoning,c4_static,25,False,51.839792776998365,0.353064090013504,1.9807533025741575,0.2,110,0.4666666666666667,15
c4_drift_aware__dirichlet_a0.1__directional_poisoning__seed44,44,dirichlet_a0.1,directional_poisoning,c4_drift_aware,25,False,51.54419814899666,0.3431755006313324,2.213042974472046,0.15454545454545454,110,0.4666666666666667,15
c3_static__dirichlet_a0.1__sparse_coordinate_attack__seed44,44,dirichlet_a0.1,sparse_coordinate_attack,c3_static,25,False,53.11041877000025,0.3597493171691894,1.823646903038025,0.2,110,1.0,15
c4_static__dirichlet_a0.1__sparse_coordinate_attack__seed44,44,dirichlet_a0.1,sparse_coordinate_attack,c4_static,25,False,52.78257290600232,0.3598885834217071,1.8252886533737185,0.2,110,1.0,15
c4_drift_aware__dirichlet_a0.1__sparse_coordinate_attack__seed44,44,dirichlet_a0.1,sparse_coordinate_attack,c4_drift_aware,25,False,51.920815530000255,0.335654616355896,1.9093668460845947,0.11818181818181818,110,1.0,15
