candidate,partition,n_runs,n_diverged,final_accuracy_mean,final_accuracy_std,final_loss_mean,runtime_s_mean,divergence_rate
c3_static,dirichlet_a0.1,12,0,0.2696262833972772,0.05666678822934546,2.3868839542071023,52.366289607500825,0.0
c3_static,dirichlet_a0.5,12,0,0.3569173713525136,0.08831659635382456,1.8834827740987141,52.019120979999876,0.0
c3_static,dirichlet_a1.0,12,0,0.41282498836517334,0.0588663689358991,1.7507510681947072,51.98591288475018,0.0
c3_static,iid,12,0,0.2642177417874336,0.13565490649583647,2.1500625212987265,52.57407411408349,0.0
c4_drift_aware,dirichlet_a0.1,12,0,0.2664925791323185,0.07854508169154238,2.0991725424925485,52.24892759683265,0.0
c4_drift_aware,dirichlet_a0.5,12,0,0.36382313072681427,0.056271424931879234,1.7118403216203053,52.31703178008289,0.0
c4_drift_aware,dirichlet_a1.0,12,0,0.4421541442473729,0.03163583135978762,1.6302394171555836,52.07267375516707,0.0
c4_drift_aware,iid,12,0,0.45189183950424194,0.01731267046259911,1.6470771431922913,52.49422155708286,0.0
c4_static,dirichlet_a0.1,12,0,0.2298514420787493,0.06867730882415815,2.17221866051356,52.22338374800014,0.0
c4_static,dirichlet_a0.5,12,0,0.3333565543095271,0.06264053758069948,1.9025216499964397,52.004722826916655,0.0
c4_static,dirichlet_a1.0,12,0,0.30559425304333365,0.18455851523075117,1.844646583000819,52.13204574549976,0.0
c4_static,iid,12,0,0.26425255835056305,0.13568061358351607,2.1500627199808755,52.25652545900024,0.0
