candidate,attack,n_runs,n_diverged,final_accuracy_mean,final_accuracy_std,final_loss_mean,runtime_s_mean,divergence_rate
c3_static,directional_poisoning,12,0,0.30037141032516956,0.09291542522097643,2.1294672886530557,52.03356542550015,0.0
c3_static,large_norm,12,0,0.35565228449801606,0.11495766850035057,2.0159911115964255,52.05467596233393,0.0
c3_static,no_attack,12,0,0.3213904456545909,0.1304473872866757,1.9793643951416016,52.599097238500235,0.0
c3_static,sparse_coordinate_attack,12,0,0.3261722444246213,0.09597963711113128,2.0463575224081674,52.25805896000005,0.0
c4_drift_aware,directional_poisoning,12,0,0.36667828013499576,0.105120158079415,1.8335794707139332,52.01643464683275,0.0
c4_drift_aware,large_norm,12,0,0.39621635526418686,0.06903274538936997,1.7448723514874775,52.2191573091662,0.0
c4_drift_aware,no_attack,12,0,0.37726323927442235,0.1179064761393088,1.7263097663720448,52.573040334416724,0.0
c4_drift_aware,sparse_coordinate_attack,12,0,0.38420381893714267,0.06785303364087804,1.783567835887273,52.324222398749804,0.0
c4_static,directional_poisoning,12,0,0.28053621885677177,0.13164209827230708,2.0303606589635215,51.88699995350013,0.0
c4_static,large_norm,12,0,0.29871170905729133,0.13331113293418673,2.0412990152835846,52.03765883808319,0.0
c4_static,no_attack,12,0,0.2668755867828925,0.13138927716568574,1.9681435922781627,52.34453627108329,0.0
c4_static,sparse_coordinate_attack,12,0,0.2869312930852175,0.12230547655171459,2.0296463469664254,52.347482716750164,0.0
