candidate,seed,n_runs,n_diverged,final_accuracy_mean,final_accuracy_std,final_loss_mean,runtime_s_mean,divergence_rate
c3_static,42,16,0,0.32481720950454473,0.08558531531761215,2.302802123129368,52.39733088900027,0.0
c3_static,43,16,0,0.3449164405465126,0.07655021484836122,1.9266495630145073,52.15994768400037,0.0
c3_static,44,16,0,0.307956138625741,0.15029045209314967,1.8989335522055626,52.15176961675013,0.0
c4_drift_aware,42,16,0,0.3738945089280605,0.1068392022528073,1.8532098233699799,52.479013696437505,0.0
c4_drift_aware,43,16,0,0.36671309918165207,0.08333632295733893,1.7549623847007751,52.19877950212481,0.0
c4_drift_aware,44,16,0,0.40266366209834814,0.0800389898318033,1.7080748602747917,52.17184781831179,0.0
c4_static,42,16,0,0.30275940522551537,0.10049837445807451,2.084130808711052,52.212956368874984,0.0
c4_static,43,16,0,0.3508791886270046,0.08520965231340541,1.9140446931123734,52.10326347262537,0.0
c4_static,44,16,0,0.19615251198410985,0.13804331563032135,2.0539117082953453,52.14628849306223,0.0
