seed,round,accuracy,loss,runtime_s
42,0,0.27462365591397847,1.922646005281838,38.79088922899973
42,1,0.35698924731182796,1.8403412439489877,37.75059967499692
42,2,0.4032258064516129,1.7855133975449429,38.19245750299888
42,3,0.42408602150537633,1.741015421549479,38.20302064200223
42,4,0.4376344086021505,1.7035032867103495,38.43716568099626
42,5,0.4531182795698925,1.667091555031397,38.47518166000373
42,6,0.4556989247311828,1.6529561836488784,38.33849858799658
42,7,0.4612903225806452,1.6265696002591041,38.36360178299947
42,8,0.469247311827957,1.5984336656139744,38.19118236200302
42,9,0.4724731182795699,1.5721712042695732,38.33934423699975
42,10,0.4754838709677419,1.5441090458695605,38.01691355300136
42,11,0.47720430107526884,1.527477748419649,38.001794267998775
42,12,0.47634408602150535,1.5166705223821824,37.37115192800411
42,13,0.478494623655914,1.503863527031355,37.40318829199532
42,14,0.4804301075268817,1.5021034060242355,38.455881490997854
43,0,0.3010752688172043,1.9732544618011802,38.24814453399449
43,1,0.3825806451612903,1.894823723249538,38.422504650006886
43,2,0.4150537634408602,1.8281126370993994,38.15486341700307
43,3,0.43569892473118277,1.7724529668336273,38.38539950900304
43,4,0.4470967741935484,1.720610835577852,38.403230904994416
43,5,0.45483870967741935,1.6789698988391506,38.38881390400638
43,6,0.45806451612903226,1.6557218006093015,38.2246769189951
43,7,0.4664516129032258,1.625612054640247,38.53104019598686
43,8,0.4673118279569892,1.6170875516501806,38.348026970998035
43,9,0.4668817204301075,1.6046167271111602,38.44393268600106
43,10,0.469247311827957,1.5880094696373068,38.334595035004895
43,11,0.4718279569892473,1.5696446712042695,38.26724503899459
43,12,0.47376344086021505,1.557300766155284,38.099783187004505
43,13,0.47483870967741937,1.5446083454419208,38.32479357799457
43,14,0.4746236559139785,1.537388180968582,38.4767764069984
44,0,0.29397849462365594,1.9854726959556661,38.3908164309978
44,1,0.3716129032258065,1.9102820365659652,38.45051619199512
44,2,0.3967741935483871,1.8439771328177503,38.3690684089961
44,3,0.42129032258064514,1.787157233453566,38.483239131994196
44,4,0.430752688172043,1.7484789202290196,38.605629119003424
44,5,0.4378494623655914,1.7235589238648774,38.404666368005564
44,6,0.44451612903225807,1.7000298760526924,38.62750485599099
44,7,0.4505376344086022,1.673914803125525,38.45215697999811
44,8,0.4572043010752688,1.6370208559754074,38.41013336800097
44,9,0.46301075268817204,1.6084087823026925,38.49610364800901
44,10,0.4681720430107527,1.5899729689731392,38.22169179900084
44,11,0.47139784946236557,1.5720671951129872,38.505687768003554
44,12,0.47139784946236557,1.5580836724722258,38.39755849400535
44,13,0.4718279569892473,1.5562014647453062,38.58250248100376
44,14,0.4718279569892473,1.55250731929656,38.36006508799619
