partition,attack,defense,calibration_regime,acc_mean,acc_std,n_seeds,loss_mean,loss_std,diverged_fraction,no_attack_acc_mean,accuracy_degradation,tpr_mean,tpr_std,fpr_mean,fpr_std,accepted_malicious_total,rejected_malicious_total,rejected_honest_total,accepted_honest_total,mean_round_runtime_s,std_round_runtime_s,mean_total_runtime_s
iid,no_attack,norm,A_condition_specific_oracle,0.2562209938963254,0.15156387006385647,3,2.146554390589396,0.04633162105624589,0.0,0.2562209938963254,0.0,0.7999999999999999,0.3464101615137755,0.6333333333333333,0.3728750630870565,9.0,36.0,209.0,121.0,1.8118449653203912,0.03975304912981522,45.296124133009776
iid,no_attack,cosine,A_condition_specific_oracle,0.4190807938575744,0.0175061423723419,3,1.6539195378621419,0.10485065384937838,0.0,0.4190807938575744,0.0,0.0,0.0,0.0,0.0,45.0,0.0,0.0,330.0,2.1535068536549806,0.06368876388112639,53.83767134137452
iid,no_attack,sign_consensus,A_condition_specific_oracle,0.4416898787021637,0.008289346295756153,3,1.6383693218231201,0.14313482728898433,0.0,0.4416898787021637,0.0,0.0,0.0,0.0,0.0,45.0,0.0,0.0,330.0,1.7842639878485353,0.01338869058753346,44.60659969621338
iid,large_norm,norm,A_condition_specific_oracle,0.26244197040796274,0.15672387995676904,3,2.149770498275757,0.04243184440729433,0.0,0.2562209938963254,-0.006220976511637333,1.0,0.0,0.8222222222222223,0.30792014356780034,0.0,45.0,148.0,32.0,1.765310452080642,0.03489779498854838,44.13276130201606
iid,large_norm,cosine,A_condition_specific_oracle,0.4549675186475118,0.020205235366340873,3,1.6274641752243042,0.12398072679843197,0.0,0.4190807938575744,-0.035886724789937374,1.0,0.0,0.0,0.0,0.0,45.0,0.0,180.0,2.155464059129978,0.09233914904052126,53.88660147824945
iid,large_norm,sign_consensus,A_condition_specific_oracle,0.12140204757452007,0.06399677557537883,3,118789292.0,56023210.48487114,1.0,0.4416898787021637,0.32028783112764364,0.0,0.0,0.0,0.0,45.0,0.0,0.0,180.0,1.8097000317260001,0.07710592643548572,19.906700348986003
iid,low_norm,norm,A_condition_specific_oracle,0.2623491212725639,0.15568304680355063,3,2.1476708253224692,0.04174271783956197,0.0,0.2562209938963254,-0.006128127376238468,0.0,0.0,0.7833333333333333,0.3752776749732567,45.0,0.0,141.0,39.0,1.8093156603630633,0.036763125277038684,45.23289150907658
iid,low_norm,cosine,A_condition_specific_oracle,0.41829155882199603,0.012191482322759238,3,1.7437314987182617,0.19779450268195634,0.0,0.4190807938575744,0.0007892350355783728,0.0,0.0,0.0,0.0,45.0,0.0,0.0,180.0,2.1236826143801832,0.018199909821996464,53.09206535950458
iid,low_norm,sign_consensus,A_condition_specific_oracle,0.42906221747398376,0.01951964988684164,3,1.733591636021932,0.2172070775135315,0.0,0.4416898787021637,0.012627661228179932,0.0,0.0,0.0,0.0,45.0,0.0,0.0,180.0,1.7376252123496183,0.05363095641593194,43.44063030874046
iid,full_sign_flip,norm,A_condition_specific_oracle,0.25914578388134635,0.15391745744415067,3,2.1505463123321533,0.041548559851782504,0.0,0.2562209938963254,-0.002924789985020937,0.7111111111111111,0.5003702332976756,0.7222222222222223,0.4811252243246881,13.0,32.0,130.0,50.0,1.756866378217625,0.004992171301674948,43.921659455440626
iid,full_sign_flip,cosine,A_condition_specific_oracle,0.40998143951098126,0.01618737363260774,3,1.6538498799006145,0.09383532171374047,0.0,0.4190807938575744,0.009099354346593147,1.0,0.0,0.0,0.0,0.0,45.0,0.0,180.0,2.105306677996802,0.02452905437888198,52.63266694992004
iid,full_sign_flip,sign_consensus,A_condition_specific_oracle,0.43741875886917114,0.021350720416448546,3,1.6410037676493328,0.13157449680765984,0.0,0.4416898787021637,0.004271119832992554,1.0,0.0,0.0,0.0,0.0,45.0,0.0,180.0,1.768187566033254,0.02640386139563876,44.20468915083135
iid,directional_poisoning,norm,A_condition_specific_oracle,0.2590993518630663,0.15387907187820024,3,2.1505393187204995,0.041553178870735306,0.0,0.2562209938963254,-0.0028783579667409076,0.7111111111111111,0.5003702332976756,0.7222222222222223,0.4811252243246881,13.0,32.0,130.0,50.0,1.7527991025599963,0.004229815146979946,43.819977563999906
iid,directional_poisoning,cosine,A_condition_specific_oracle,0.4098421633243561,0.016266878525238893,3,1.6539766788482666,0.0937803216161948,0.0,0.4190807938575744,0.009238630533218328,1.0,0.0,0.0,0.0,0.0,45.0,0.0,180.0,2.1308327361010018,0.041508957334267696,53.27081840252504
iid,directional_poisoning,sign_consensus,A_condition_specific_oracle,0.4374651809533437,0.02133557393322537,3,1.6408392190933228,0.1315945363342682,0.0,0.4416898787021637,0.0042246977488200055,1.0,0.0,0.0,0.0,0.0,45.0,0.0,180.0,1.7674583576355751,0.01795650026269798,44.18645894088937
iid,sparse_coordinate_attack,norm,A_condition_specific_oracle,0.26132777084906894,0.1557574792003192,3,2.150421937306722,0.04168604079229591,0.0,0.2562209938963254,-0.00510677695274353,1.0,0.0,0.8222222222222223,0.30792014356780034,0.0,45.0,148.0,32.0,1.7484158910547072,0.01904944897089303,43.71039727636768
iid,sparse_coordinate_attack,cosine,A_condition_specific_oracle,0.459749311208725,0.018996712391257282,3,1.6355318228403728,0.1328596009753946,0.0,0.4190807938575744,-0.04066851735115057,1.0,0.0,0.005555555555555556,0.009622504486493762,0.0,45.0,1.0,179.0,2.1525314430054276,0.06905814528134456,53.81328607513569
iid,sparse_coordinate_attack,sign_consensus,A_condition_specific_oracle,0.4602599839369456,0.01323511196955801,3,1.6301349798838298,0.13140450854118374,0.0,0.4416898787021637,-0.01857010523478192,1.0,0.0,0.0,0.0,0.0,45.0,0.0,180.0,1.787556775053963,0.014340507175498217,44.68891937634908
iid,no_attack,fedavg,not_applicable,0.4419220189253488,0.0078031611526523815,3,1.6383384466171265,0.14307448877721565,0.0,0.4419220189253488,0.0,,,,,,,,,1.786484475672866,0.027454928528522392,44.662111891821645
iid,no_attack,median,not_applicable,0.44377902150154114,0.016185572272802422,3,1.6432764530181885,0.14303129117412192,0.0,0.44377902150154114,0.0,,,,,,,,,1.7575543915294112,0.03889969340665084,43.93885978823528
iid,no_attack,multi_krum,not_applicable,0.44684308767318726,0.024427046531092726,3,1.6502848466237385,0.1390549728422349,0.0,0.44684308767318726,0.0,,,,,,,,,1.779781829897935,0.038867387857283615,44.49454574744838
iid,large_norm,fedavg,not_applicable,0.12140204757452007,0.06399677557537883,3,118789213.33333333,56023099.6839864,1.0,0.4419220189253488,0.32051997135082877,,,,,,,,,1.7689296634564402,0.02656420226753727,19.458226298020843
iid,large_norm,median,not_applicable,0.449675033489863,0.010667410329419348,3,1.635886589686076,0.14086944774020485,0.0,0.44377902150154114,-0.005896011988321848,,,,,,,,,1.7982558659867693,0.0259750542536427,44.95639664966924
iid,large_norm,multi_krum,not_applicable,0.44693594177563983,0.011808906118154766,3,1.6396303176879883,0.13463914945411634,0.0,0.44684308767318726,-9.285410245257752e-05,,,,,,,,,1.7894408734856793,0.02421788578040307,44.73602183714198
iid,low_norm,fedavg,not_applicable,0.4292479157447815,0.019497130537922253,3,1.7334624528884888,0.21726445276766138,0.0,0.4419220189253488,0.012674103180567331,,,,,,,,,1.8213986410107463,0.11457401451301909,45.53496602526866
iid,low_norm,median,not_applicable,0.4392293492952983,0.024638163240404583,3,1.661546031634013,0.1546974029495311,0.0,0.44377902150154114,0.004549672206242861,,,,,,,,,1.780475434740074,0.009167140614221579,44.51188586850185
iid,low_norm,multi_krum,not_applicable,0.4370473623275757,0.02143082491535023,3,1.6414568026860554,0.13163179074308995,0.0,0.44684308767318726,0.009795725345611572,,,,,,,,,1.7907130926692236,0.031267511478214056,44.767827316730596
iid,full_sign_flip,fedavg,not_applicable,0.3908078173796336,0.036194558192012394,3,1.8200201988220215,0.2344996638888719,0.0,0.4419220189253488,0.05111420154571522,,,,,,,,,1.7562299698606754,0.008615665694003943,43.90574924651688
iid,full_sign_flip,median,not_applicable,0.4368616541226705,0.023864706011439696,3,1.66423503557841,0.15191851479112384,0.0,0.44377902150154114,0.006917367378870665,,,,,,,,,1.7571582510167112,0.0437597207467399,43.92895627541778
iid,full_sign_flip,multi_krum,not_applicable,0.4368152419726054,0.02164352974062586,3,1.641524036725362,0.13151011137654392,0.0,0.44684308767318726,0.01002784570058185,,,,,,,,,1.7508212852912646,0.01697445571629727,43.77053213228161
iid,directional_poisoning,fedavg,not_applicable,0.3908078173796336,0.036194558192012394,3,1.820019523302714,0.23447331213292383,0.0,0.4419220189253488,0.05111420154571522,,,,,,,,,1.7487832590440908,0.01276401258490747,43.71958147610227
iid,directional_poisoning,median,not_applicable,0.4363045593102773,0.023386858593091954,3,1.6641443570454915,0.15224851257582647,0.0,0.44377902150154114,0.007474462191263853,,,,,,,,,1.7664811043534427,0.012028078751797764,44.16202760883607
iid,directional_poisoning,multi_krum,not_applicable,0.43686166405677795,0.021459470070326985,3,1.6411455869674683,0.13196143562197607,0.0,0.44684308767318726,0.009981423616409302,,,,,,,,,1.7755612199753523,0.014294452716735063,44.38903049938381
iid,sparse_coordinate_attack,fedavg,not_applicable,0.30640669167041773,0.10690021176273465,3,1.8170868555704753,0.11464160116249869,0.0,0.4419220189253488,0.1355153272549311,,,,,,,,,1.763760239877738,0.011616807690482277,44.09400599694345
iid,sparse_coordinate_attack,median,not_applicable,0.4590529402097066,0.010212812708998022,3,1.6408966779708862,0.14263346550655856,0.0,0.44377902150154114,-0.015273918708165468,,,,,,,,,1.7512177684934187,0.02411451924350553,43.780444212335475
iid,sparse_coordinate_attack,multi_krum,not_applicable,0.46044570207595825,0.013723435983840754,3,1.630245327949524,0.1316365261713332,0.0,0.44684308767318726,-0.013602614402770996,,,,,,,,,1.7953990259223307,0.033807879307383146,44.884975648058266
dirichlet_a1.0,no_attack,norm,A_condition_specific_oracle,0.4419684410095215,0.037296366970243085,3,1.67050834496816,0.15302606483544143,0.0,0.4419684410095215,0.0,0.3333333333333333,0.5773502691896258,0.34848484848484845,0.3728750630870564,30.0,15.0,115.0,215.0,1.7513726202926287,0.007105592140860362,43.78431550731572
dirichlet_a1.0,no_attack,cosine,A_condition_specific_oracle,0.4493036270141601,0.03654442828379969,3,1.597603480021159,0.09166897235479932,0.0,0.4493036270141601,0.0,0.0,0.0,0.0030303030303030303,0.00524863881081478,45.0,0.0,1.0,329.0,2.1352294927556064,0.007759715039467325,53.38073731889017
dirichlet_a1.0,no_attack,sign_consensus,A_condition_specific_oracle,0.45394615332285565,0.02225116215839755,3,1.6215094327926636,0.10472565154976743,0.0,0.45394615332285565,0.0,0.0,0.0,0.0,0.0,45.0,0.0,0.0,330.0,1.696231568469666,0.12880249849395187,42.40578921174165
dirichlet_a1.0,large_norm,norm,A_condition_specific_oracle,0.4278087417284648,0.03836696211680435,3,1.7328987916310628,0.18671294943140784,0.0,0.4419684410095215,0.014159699281056704,1.0,0.0,0.25,0.4330127018922193,0.0,45.0,45.0,135.0,1.7513472019927576,0.003744728820337467,43.78368004981894
dirichlet_a1.0,large_norm,cosine,A_condition_specific_oracle,0.14015784859657285,0.006790798247101904,3,73977512.0,23704919.137855925,1.0,0.4493036270141601,0.3091457784175873,0.0,0.0,0.0,0.0,45.0,0.0,0.0,180.0,2.151401190669276,0.006902098876197287,23.665413097362034
dirichlet_a1.0,large_norm,sign_consensus,A_condition_specific_oracle,0.07701950023571644,0.014898600525221796,3,846590581.3333334,1249667835.4765577,1.0,0.45394615332285565,0.37692665308713924,0.0,0.0,0.16666666666666666,0.2886751345948129,45.0,0.0,30.0,150.0,1.783364621005162,0.01627636616508794,19.617010831056785
dirichlet_a1.0,low_norm,norm,A_condition_specific_oracle,0.35877438882986695,0.12322317454331759,3,1.8620749711990356,0.2905840803811062,0.0,0.4419684410095215,0.08319405217965453,0.0,0.0,0.25,0.4330127018922193,45.0,0.0,45.0,135.0,1.760037977586811,0.024197103719918338,44.00094943967027
dirichlet_a1.0,low_norm,cosine,A_condition_specific_oracle,0.44336120287577313,0.008358088880988726,3,1.6806925535202026,0.18598453966069184,0.0,0.4493036270141601,0.00594242413838697,0.0,0.0,0.0,0.0,45.0,0.0,0.0,180.0,2.1210020238424963,0.018940708163613724,53.02505059606241
dirichlet_a1.0,low_norm,sign_consensus,A_condition_specific_oracle,0.4126741091410319,0.024884414326219555,3,1.7149163087209065,0.21574308792503527,0.0,0.45394615332285565,0.04127204418182373,0.0,0.0,0.0,0.0,45.0,0.0,0.0,180.0,1.7298928149277344,0.08807075456059188,43.24732037319336
dirichlet_a1.0,full_sign_flip,norm,A_condition_specific_oracle,0.3722377121448517,0.056395568972949346,3,1.852092981338501,0.17400329147825958,0.0,0.4419684410095215,0.0697307288646698,0.48888888888888893,0.4438885412319595,0.25,0.4330127018922193,23.0,22.0,45.0,135.0,1.7619379733564953,0.015369642883711537,44.04844933391238
dirichlet_a1.0,full_sign_flip,cosine,A_condition_specific_oracle,0.44456825653711957,0.014198603856766589,3,1.6137924194335938,0.12356145924690634,0.0,0.4493036270141601,0.004735370477040535,0.888888888888889,0.0769800358919501,0.0,0.0,5.0,40.0,0.0,180.0,2.1254348533026253,0.014087979852159345,53.135871332565635
dirichlet_a1.0,full_sign_flip,sign_consensus,A_condition_specific_oracle,0.3256731728712718,0.07077818264776192,3,1.7804555892944336,0.2875741899035972,0.0,0.45394615332285565,0.12827298045158386,0.4444444444444444,0.20367003088692617,0.0,0.0,25.0,20.0,0.0,180.0,1.7544484540680425,0.018335808215809605,43.86121135170106
dirichlet_a1.0,directional_poisoning,norm,A_condition_specific_oracle,0.3720984260241191,0.05918962769904551,3,1.8509819110234578,0.17427738117474265,0.0,0.4419684410095215,0.0698700149854024,0.48888888888888893,0.4438885412319595,0.25,0.4330127018922193,23.0,22.0,45.0,135.0,1.7578162536785626,0.023230077173795598,43.945406341964066
dirichlet_a1.0,directional_poisoning,cosine,A_condition_specific_oracle,0.44456825653711957,0.014872540008914446,3,1.6134796142578125,0.12358730038382683,0.0,0.4493036270141601,0.004735370477040535,0.888888888888889,0.0769800358919501,0.0,0.0,5.0,40.0,0.0,180.0,2.1080239641759544,0.022945021710147732,52.70059910439886
dirichlet_a1.0,directional_poisoning,sign_consensus,A_condition_specific_oracle,0.32590530316034955,0.07267113132488118,3,1.7906322876612346,0.2799130537470937,0.0,0.45394615332285565,0.1280408501625061,0.39999999999999997,0.17638342073763935,0.0,0.0,27.0,18.0,0.0,180.0,1.767134312169316,0.012488544887253759,44.178357804232895
dirichlet_a1.0,sparse_coordinate_attack,norm,A_condition_specific_oracle,0.4343082706133525,0.04970688749572869,3,1.7014403740564983,0.15700792020186516,0.0,0.4419684410095215,0.007660170396169008,1.0,0.0,0.25,0.4330127018922193,0.0,45.0,45.0,135.0,1.7689781940542162,0.002147800445427891,44.224454851355404
dirichlet_a1.0,sparse_coordinate_attack,cosine,A_condition_specific_oracle,0.2979108740886052,0.11169735239911915,3,2.057546099026998,0.6799209236049301,0.0,0.4493036270141601,0.15139275292555487,0.0,0.0,0.0,0.0,45.0,0.0,0.0,180.0,2.1323164562508463,0.021164049524171002,53.30791140627116
dirichlet_a1.0,sparse_coordinate_attack,sign_consensus,A_condition_specific_oracle,0.4576137562592824,0.04021148004175413,3,1.6432405312856038,0.14659185664685498,0.0,0.45394615332285565,-0.0036676029364267615,1.0,0.0,0.0,0.0,0.0,45.0,0.0,180.0,1.7179436009020232,0.0843350346592478,42.94859002255058
dirichlet_a1.0,no_attack,norm,B_iid_transfer_frozen,0.07418755938609438,0.01347764261263107,3,2.1950647036234536,0.006456001945416351,0.0,0.07418755938609438,0.0,1.0,0.0,1.0,0.0,0.0,45.0,330.0,0.0,1.7709996477902556,0.02135989080407222,44.27499119475639
dirichlet_a1.0,no_attack,cosine,B_iid_transfer_frozen,0.0665738185246785,0.013750262580648764,3,2.225867827733358,0.0559858512951068,0.0,0.0665738185246785,0.0,1.0,0.0,0.993939393939394,0.010497277621629546,0.0,45.0,328.0,2.0,2.1232435754686594,0.01969313430113473,53.081089386716485
dirichlet_a1.0,no_attack,sign_consensus,B_iid_transfer_frozen,0.4525534113248189,0.022329920318585446,3,1.6226661205291748,0.1025815337039611,0.0,0.4525534113248189,0.0,0.0,0.0,0.0030303030303030303,0.005248638810814779,45.0,0.0,1.0,329.0,1.7534088112134487,0.00559329046208501,43.835220280336216
dirichlet_a1.0,large_norm,norm,B_iid_transfer_frozen,0.07418755938609438,0.01347764261263107,3,2.1950647036234536,0.006456001945416351,0.0,0.07418755938609438,0.0,1.0,0.0,1.0,0.0,0.0,45.0,180.0,0.0,1.7552050589723514,0.011637907893500913,43.88012647430878
dirichlet_a1.0,large_norm,cosine,B_iid_transfer_frozen,0.0665738185246785,0.013750262580648764,3,2.227206230163574,0.05829108396252008,0.0,0.0665738185246785,0.0,1.0,0.0,0.9944444444444445,0.00962250448649381,0.0,45.0,179.0,1.0,2.1253121711531033,0.015350312702306515,53.132804278827585
dirichlet_a1.0,large_norm,sign_consensus,B_iid_transfer_frozen,0.07715877518057816,0.014662372008851947,3,113720317269.33333,67969852502.52692,1.0,0.4525534113248189,0.37539463614424073,0.0,0.0,1.0,0.0,45.0,0.0,180.0,0.0,1.7843663889145704,0.00331710981483992,19.628030278060276
dirichlet_a1.0,low_norm,norm,B_iid_transfer_frozen,0.07646239797274267,0.01571349122332335,3,2.195936838785807,0.006873426352013554,0.0,0.07418755938609438,-0.0022748385866482868,0.0,0.0,1.0,0.0,45.0,0.0,180.0,0.0,1.7464150549316158,0.009338990704904264,43.6603763732904
dirichlet_a1.0,low_norm,cosine,B_iid_transfer_frozen,0.0665738185246785,0.013750262580648764,3,2.2258710861206055,0.055991462165858215,0.0,0.0665738185246785,0.0,1.0,0.0,0.9944444444444445,0.00962250448649381,0.0,45.0,179.0,1.0,2.1130581390609344,0.012844212417824796,52.82645347652336
dirichlet_a1.0,low_norm,sign_consensus,B_iid_transfer_frozen,0.4139275948206584,0.02444954689828385,3,1.7126212517420452,0.21544291989452236,0.0,0.4525534113248189,0.038625816504160526,0.0,0.0,0.0,0.0,45.0,0.0,0.0,180.0,1.755172346898665,0.03632720716913256,43.87930867246663
dirichlet_a1.0,full_sign_flip,norm,B_iid_transfer_frozen,0.07418755938609438,0.01347764261263107,3,2.1950647036234536,0.006456001945416351,0.0,0.07418755938609438,0.0,1.0,0.0,1.0,0.0,0.0,45.0,180.0,0.0,1.7518364732060583,0.013511399239637581,43.795911830151454
dirichlet_a1.0,full_sign_flip,cosine,B_iid_transfer_frozen,0.0665738185246785,0.013750262580648764,3,2.2258682250976562,0.055986535547284236,0.0,0.0665738185246785,0.0,1.0,0.0,0.9944444444444445,0.00962250448649381,0.0,45.0,179.0,1.0,2.122303095893003,0.010970879777073029,53.057577397325076
dirichlet_a1.0,full_sign_flip,sign_consensus,B_iid_transfer_frozen,0.42544105648994446,0.021073639796952613,3,1.693624456723531,0.19103086455834045,0.0,0.4525534113248189,0.027112354834874453,0.8888888888888888,0.19245008972987532,0.0,0.0,5.0,40.0,0.0,180.0,1.7500976435591777,0.011572914822567679,43.752441088979445
dirichlet_a1.0,directional_poisoning,norm,B_iid_transfer_frozen,0.07418755938609438,0.01347764261263107,3,2.1950647036234536,0.006456001945416351,0.0,0.07418755938609438,0.0,1.0,0.0,1.0,0.0,0.0,45.0,180.0,0.0,1.7502822454134002,0.008944808387348692,43.757056135335006
dirichlet_a1.0,directional_poisoning,cosine,B_iid_transfer_frozen,0.0665738185246785,0.013750262580648764,3,2.2258392175038657,0.05593658539645967,0.0,0.0665738185246785,0.0,1.0,0.0,0.9944444444444445,0.00962250448649381,0.0,45.0,179.0,1.0,2.11975421146024,0.009160362426522186,52.993855286506005
dirichlet_a1.0,directional_poisoning,sign_consensus,B_iid_transfer_frozen,0.4266481101512909,0.02231905931857791,3,1.6889424721399944,0.1902372012495824,0.0,0.4525534113248189,0.025905301173528017,0.8888888888888888,0.19245008972987532,0.0,0.0,5.0,40.0,0.0,180.0,1.7694300405029209,0.01636818821341407,44.23575101257302
dirichlet_a1.0,sparse_coordinate_attack,norm,B_iid_transfer_frozen,0.07418755938609438,0.01347764261263107,3,2.1950647036234536,0.006456001945416351,0.0,0.07418755938609438,0.0,1.0,0.0,1.0,0.0,0.0,45.0,180.0,0.0,1.7618759904801846,0.025435238969495226,44.046899762004614
dirichlet_a1.0,sparse_coordinate_attack,cosine,B_iid_transfer_frozen,0.1042711238066355,0.05961984058994732,3,2.296271483103434,0.17770525364123657,0.0,0.0665738185246785,-0.037697305281957,1.0,0.0,1.0,0.0,0.0,45.0,180.0,0.0,2.118095542290248,0.007973688051820622,52.9523885572562
dirichlet_a1.0,sparse_coordinate_attack,sign_consensus,B_iid_transfer_frozen,0.4572887718677521,0.039385838071743416,3,1.6419663429260254,0.15153873700674894,0.0,0.4525534113248189,-0.004735360542933165,1.0,0.0,0.0,0.0,0.0,45.0,0.0,180.0,1.7744673097770043,0.004486717934668681,44.3616827444251
dirichlet_a1.0,no_attack,fedavg,not_applicable,0.44990716377894086,0.02750699182275428,3,1.602964719136556,0.07679791298160552,0.0,0.44990716377894086,0.0,,,,,,,,,1.7705184789327904,0.014119553993762156,44.26296197331976
dirichlet_a1.0,no_attack,median,not_applicable,0.40891366203625995,0.052370830506170675,3,1.7035760482152302,0.05746310162430058,0.0,0.40891366203625995,0.0,,,,,,,,,1.7633412837376818,0.010381940026734144,44.083532093442045
dirichlet_a1.0,no_attack,multi_krum,not_applicable,0.43686166405677795,0.013579453192566947,3,1.6656028429667156,0.08825702549544182,0.0,0.43686166405677795,0.0,,,,,,,,,1.765799784900931,0.016473209121987693,44.14499462252328
dirichlet_a1.0,large_norm,fedavg,not_applicable,0.07701950023571644,0.014898600525221796,3,182851994.66666666,109528564.13914795,1.0,0.44990716377894086,0.37288766354322445,,,,,,,,,1.7487629930114823,0.010065667963171614,19.236392923126306
dirichlet_a1.0,large_norm,median,not_applicable,0.408078004916509,0.05894788093197626,3,1.7138487100601196,0.20913071621498117,0.0,0.40891366203625995,0.0008356571197509766,,,,,,,,,1.785265095317736,0.003966604230247769,44.63162738294341
dirichlet_a1.0,large_norm,multi_krum,not_applicable,0.42154133319854736,0.03600334958836782,3,1.6600815455118816,0.22800639366062012,0.0,0.43686166405677795,0.01532033085823059,,,,,,,,,1.786343434974551,0.01670741279565987,44.65858587436378
dirichlet_a1.0,low_norm,fedavg,not_applicable,0.41281338532765705,0.023816153407098445,3,1.7139021158218384,0.2147950796538213,0.0,0.44990716377894086,0.03709377845128381,,,,,,,,,1.7495243110104155,0.010227490228727423,43.73810777526038
dirichlet_a1.0,low_norm,median,not_applicable,0.27126277983188624,0.10850917686035422,3,2.0014038483301797,0.275777919884926,0.0,0.40891366203625995,0.13765088220437371,,,,,,,,,1.7406425800764314,0.07706076636505602,43.51606450191078
dirichlet_a1.0,low_norm,multi_krum,not_applicable,0.39549675583839417,0.02215944543083597,3,1.72775932153066,0.11634050494255864,0.0,0.43686166405677795,0.04136490821838379,,,,,,,,,1.7838655556909118,0.017154679682524366,44.5966388922728
dirichlet_a1.0,full_sign_flip,fedavg,not_applicable,0.3132776270310084,0.1219232901117087,3,1.964490294456482,0.4649076342097694,0.0,0.44990716377894086,0.13662953674793243,,,,,,,,,1.7524116496198499,0.02159579384762566,43.81029124049625
dirichlet_a1.0,full_sign_flip,median,not_applicable,0.3197307387987772,0.09082043062265177,3,2.0671629110972085,0.3478878399748708,0.0,0.40891366203625995,0.08918292323748273,,,,,,,,,1.7645336752322816,0.01411151869751865,44.113341880807035
dirichlet_a1.0,full_sign_flip,multi_krum,not_applicable,0.4378365973631541,0.02469595814250492,3,1.63804026444753,0.12890081302436715,0.0,0.43686166405677795,-0.0009749333063761578,,,,,,,,,1.7728306748190275,0.021309045172048572,44.32076687047569
dirichlet_a1.0,directional_poisoning,fedavg,not_applicable,0.31434541443983716,0.12054645516999103,3,1.9649442434310913,0.46529996166387466,0.0,0.44990716377894086,0.1355617493391037,,,,,,,,,1.7495829013564315,0.01143084835716699,43.73957253391078
dirichlet_a1.0,directional_poisoning,median,not_applicable,0.3146703938643138,0.0899318538809203,3,2.078314503033956,0.3479867193874927,0.0,0.40891366203625995,0.09424326817194617,,,,,,,,,1.7845485904533416,0.010433999027889884,44.61371476133354
dirichlet_a1.0,directional_poisoning,multi_krum,not_applicable,0.43783658742904663,0.02434672287240819,3,1.6384354829788208,0.12928241260190948,0.0,0.43686166405677795,-0.0009749233722686768,,,,,,,,,1.7808624440400551,0.016507136709554806,44.521561101001375
dirichlet_a1.0,sparse_coordinate_attack,fedavg,not_applicable,0.3761838475863138,0.0904240930117134,3,1.7815180619557698,0.4093757735378495,0.0,0.44990716377894086,0.07372331619262706,,,,,,,,,1.761719697586571,0.011080520427910991,44.04299243966428
dirichlet_a1.0,sparse_coordinate_attack,median,not_applicable,0.3443361272414525,0.1533438454549754,3,1.7875967423121135,0.29214751641902875,0.0,0.40891366203625995,0.06457753479480743,,,,,,,,,1.7621413785296802,0.04440642009044858,44.05353446324201
dirichlet_a1.0,sparse_coordinate_attack,multi_krum,not_applicable,0.45663881301879883,0.04423497939639245,3,1.6285382111867268,0.15872458066471554,0.0,0.43686166405677795,-0.019777148962020874,,,,,,,,,1.7839459296284865,0.007890508484568647,44.59864824071216
dirichlet_a0.5,no_attack,norm,A_condition_specific_oracle,0.3516713082790375,0.18047193315759882,3,1.844584862391154,0.463711216288603,0.0,0.3516713082790375,0.0,0.3333333333333333,0.5773502691896258,0.3242424242424242,0.3900978191940387,30.0,15.0,107.0,223.0,1.768343855855055,0.014358818317163322,44.20859639637638
dirichlet_a0.5,no_attack,cosine,A_condition_specific_oracle,0.38226555784543353,0.11434551462860384,3,1.636393149693807,0.08358537004516531,0.0,0.38226555784543353,0.0,0.0,0.0,0.0,0.0,45.0,0.0,0.0,330.0,2.1190876968732724,0.006744220750915543,52.97719242183181
dirichlet_a0.5,no_attack,sign_consensus,A_condition_specific_oracle,0.4045032560825348,0.09505715120378996,3,1.632935603459676,0.07923437569437418,0.0,0.4045032560825348,0.0,0.0,0.0,0.0,0.0,45.0,0.0,0.0,330.0,1.777694981695774,0.009523666658345201,44.44237454239434
dirichlet_a0.5,large_norm,norm,A_condition_specific_oracle,0.3910399377346039,0.04954624489875512,3,1.8299083709716797,0.26495255372680954,0.0,0.3516713082790375,-0.039368629455566406,1.0,0.0,0.25,0.4330127018922193,0.0,45.0,45.0,135.0,1.7655136968707665,0.009938289619235941,44.137842421769165
dirichlet_a0.5,large_norm,cosine,A_condition_specific_oracle,0.09637883305549615,0.023399988505048114,3,126614256.0,50262135.83467157,1.0,0.38226555784543353,0.2858867247899374,0.0,0.0,0.0,0.0,45.0,0.0,0.0,180.0,2.1130216924586533,0.015947314713182836,23.243238617045183
dirichlet_a0.5,large_norm,sign_consensus,A_condition_specific_oracle,0.06555246313412981,0.0317623086154794,3,415029056.0,577912758.0681175,1.0,0.4045032560825348,0.33895079294840497,0.0,0.0,0.16666666666666666,0.2886751345948129,45.0,0.0,30.0,150.0,1.765551641082504,0.005613135478348243,19.421068051907543
dirichlet_a0.5,low_norm,norm,A_condition_specific_oracle,0.32646240293979645,0.09852252630793633,3,1.995070179303487,0.4948070940834631,0.0,0.3516713082790375,0.025208905339241028,0.0,0.0,0.25,0.4330127018922193,45.0,0.0,45.0,135.0,1.7992239494621753,0.041718910770431696,44.980598736554384
dirichlet_a0.5,low_norm,cosine,A_condition_specific_oracle,0.37455897529919935,0.04819270360535727,3,1.7857742706934612,0.12081437824975921,0.0,0.38226555784543353,0.007706582546234186,0.0,0.0,0.0,0.0,45.0,0.0,0.0,180.0,2.133678891042558,0.0128677273039871,53.34197227606395
dirichlet_a0.5,low_norm,sign_consensus,A_condition_specific_oracle,0.36448468764623004,0.052688971871708484,3,1.780007282892863,0.11273976724007176,0.0,0.4045032560825348,0.04001856843630475,0.0,0.0,0.0,0.0,45.0,0.0,0.0,180.0,1.7654867643754308,0.013271432570183348,44.13716910938577
dirichlet_a0.5,full_sign_flip,norm,A_condition_specific_oracle,0.30139276882012683,0.14065357334427883,3,1.9360351959864301,0.38778299215946127,0.0,0.3516713082790375,0.05027853945891064,0.6222222222222222,0.32885885748774984,0.25,0.4330127018922193,17.0,28.0,45.0,135.0,1.7724453061881167,0.015986398569067577,44.31113265470291
dirichlet_a0.5,full_sign_flip,cosine,A_condition_specific_oracle,0.3745125432809193,0.06545383868144232,3,1.751656095186869,0.12904426864367152,0.0,0.38226555784543353,0.007753014564514216,0.9111111111111111,0.03849001794597505,0.0,0.0,4.0,41.0,0.0,180.0,2.1188814709102735,0.015703324092621793,52.97203677275684
dirichlet_a0.5,full_sign_flip,sign_consensus,A_condition_specific_oracle,0.27488394081592554,0.09329286934054593,3,2.2325215339660645,0.27159963673048504,0.0,0.4045032560825348,0.12961931526660925,0.022222222222222223,0.03849001794597505,0.0,0.0,44.0,1.0,0.0,180.0,1.774742031286781,0.006433194594234544,44.36855078216953
dirichlet_a0.5,directional_poisoning,norm,A_condition_specific_oracle,0.3009285082419713,0.14083874391235426,3,1.9365955193837483,0.38824001139684555,0.0,0.3516713082790375,0.05074280003706616,0.6222222222222222,0.32885885748774984,0.25,0.4330127018922193,17.0,28.0,45.0,135.0,1.761217133194829,0.008690488582074513,44.03042832987072
dirichlet_a0.5,directional_poisoning,cosine,A_condition_specific_oracle,0.3777158856391907,0.06311313197991368,3,1.7459300756454468,0.11928312662796146,0.0,0.38226555784543353,0.004549672206242861,0.9111111111111111,0.03849001794597505,0.0,0.0,4.0,41.0,0.0,180.0,2.135635009900046,0.017918131499486237,53.39087524750115
dirichlet_a0.5,directional_poisoning,sign_consensus,A_condition_specific_oracle,0.27446612219015754,0.09268867148601696,3,2.231978178024292,0.26944877792933064,0.0,0.4045032560825348,0.13003713389237725,0.044444444444444446,0.0769800358919501,0.0,0.0,43.0,2.0,0.0,180.0,1.7610657611085723,0.005454731810800469,44.026644027714305
dirichlet_a0.5,sparse_coordinate_attack,norm,A_condition_specific_oracle,0.394939661026001,0.05553268587919678,3,1.8522873322168987,0.2877082534272656,0.0,0.3516713082790375,-0.0432683527469635,1.0,0.0,0.25,0.4330127018922193,0.0,45.0,45.0,135.0,1.7561839700598891,0.02037224726663185,43.904599251497224
dirichlet_a0.5,sparse_coordinate_attack,cosine,A_condition_specific_oracle,0.2249767879645029,0.09501897682978827,3,27.552663882573444,42.24651102747272,0.3333333333333333,0.38226555784543353,0.15728876988093063,0.0,0.0,0.0,0.0,45.0,0.0,0.0,180.0,2.123340314171528,0.01004467402648624,50.23710376699455
dirichlet_a0.5,sparse_coordinate_attack,sign_consensus,A_condition_specific_oracle,0.3825441102186839,0.05958291744794067,3,1.7044343153635662,0.08478700674279611,0.0,0.4045032560825348,0.021959145863850893,1.0,0.0,0.0,0.0,0.0,45.0,0.0,180.0,1.788004859102269,0.012920707964322672,44.70012147755673
dirichlet_a0.5,no_attack,norm,B_iid_transfer_frozen,0.07418755938609438,0.01347764261263107,3,2.1950647036234536,0.006456001945416351,0.0,0.07418755938609438,0.0,1.0,0.0,1.0,0.0,0.0,45.0,330.0,0.0,1.7525437477836385,0.011584803228198388,43.81359369459096
dirichlet_a0.5,no_attack,cosine,B_iid_transfer_frozen,0.06276694685220714,0.01797808600995928,3,2.2182020346323648,0.04280942157431039,0.0,0.06276694685220714,0.0,1.0,0.0,0.9969696969696971,0.005248638810814733,0.0,45.0,329.0,1.0,2.1197893858483683,0.023589683913510035,52.9947346462092
dirichlet_a0.5,no_attack,sign_consensus,B_iid_transfer_frozen,0.4062209924062093,0.09479598811734931,3,1.623107671737671,0.0874073780760871,0.0,0.4062209924062093,0.0,0.044444444444444446,0.0769800358919501,0.04242424242424242,0.05844636824844215,43.0,2.0,14.0,316.0,1.7410744125504667,0.055921493169606803,43.52686031376167
dirichlet_a0.5,large_norm,norm,B_iid_transfer_frozen,0.07418755938609438,0.01347764261263107,3,2.1950647036234536,0.006456001945416351,0.0,0.07418755938609438,0.0,1.0,0.0,1.0,0.0,0.0,45.0,180.0,0.0,1.7538428171879301,0.028129188412054074,43.84607042969825
dirichlet_a0.5,large_norm,cosine,B_iid_transfer_frozen,0.06276694685220714,0.01797808600995928,3,2.2182017962137857,0.04280901273770596,0.0,0.06276694685220714,0.0,1.0,0.0,1.0,0.0,0.0,45.0,180.0,0.0,2.1222398787985246,0.017645056806478192,53.05599696996311
dirichlet_a0.5,large_norm,sign_consensus,B_iid_transfer_frozen,0.06564531226952867,0.03192312803542907,3,62878546602.666664,22917986428.18137,1.0,0.4062209924062093,0.3405756801366806,0.0,0.0,1.0,0.0,45.0,0.0,180.0,0.0,1.7609342264441885,0.015729815141641283,19.370276490886074
dirichlet_a0.5,low_norm,norm,B_iid_transfer_frozen,0.10000000149011608,0.06449039430880434,3,2.200429677963257,0.008622755002535913,0.0,0.07418755938609438,-0.0258124421040217,0.0,0.0,1.0,0.0,45.0,0.0,180.0,0.0,1.7713526598348592,0.04781118505044042,44.283816495871484
dirichlet_a0.5,low_norm,cosine,B_iid_transfer_frozen,0.06276694685220714,0.01797808600995928,3,2.2182017962137857,0.04280901273770596,0.0,0.06276694685220714,0.0,1.0,0.0,1.0,0.0,0.0,45.0,180.0,0.0,2.112447815396202,0.018080081724323765,52.811195384905055
dirichlet_a0.5,low_norm,sign_consensus,B_iid_transfer_frozen,0.37465182940165204,0.053203891239936525,3,1.7643283208211262,0.11366008195489476,0.0,0.4062209924062093,0.031569163004557255,0.022222222222222223,0.03849001794597505,0.044444444444444446,0.041943524640393054,44.0,1.0,8.0,172.0,1.761409819048519,0.015967204144117824,44.03524547621297
dirichlet_a0.5,full_sign_flip,norm,B_iid_transfer_frozen,0.07418755938609438,0.01347764261263107,3,2.1950647036234536,0.006456001945416351,0.0,0.07418755938609438,0.0,1.0,0.0,1.0,0.0,0.0,45.0,180.0,0.0,1.7589548471166443,0.013694495343679643,43.9738711779161
dirichlet_a0.5,full_sign_flip,cosine,B_iid_transfer_frozen,0.06276694685220714,0.01797808600995928,3,2.2182018756866455,0.04280914901656558,0.0,0.06276694685220714,0.0,1.0,0.0,1.0,0.0,0.0,45.0,180.0,0.0,2.120838900365246,0.012277669911375579,53.02097250913115
dirichlet_a0.5,full_sign_flip,sign_consensus,B_iid_transfer_frozen,0.3094243307908376,0.13342926565998217,3,1.8351719379425049,0.21839114004707186,0.0,0.4062209924062093,0.0967966616153717,0.5111111111111111,0.13877773329774218,0.03888888888888889,0.041943524640393054,22.0,23.0,7.0,173.0,1.7756450953210392,0.022475714145802957,44.39112738302598
dirichlet_a0.5,directional_poisoning,norm,B_iid_transfer_frozen,0.07418755938609438,0.01347764261263107,3,2.1950647036234536,0.006456001945416351,0.0,0.07418755938609438,0.0,1.0,0.0,1.0,0.0,0.0,45.0,180.0,0.0,1.7575066837187237,0.009058654413564494,43.93766709296809
dirichlet_a0.5,directional_poisoning,cosine,B_iid_transfer_frozen,0.06276694685220714,0.01797808600995928,3,2.2182018756866455,0.04280914901656558,0.0,0.06276694685220714,0.0,1.0,0.0,1.0,0.0,0.0,45.0,180.0,0.0,2.1083402563243485,0.029229159756039035,52.70850640810871
dirichlet_a0.5,directional_poisoning,sign_consensus,B_iid_transfer_frozen,0.30951718986034393,0.1334876250903929,3,1.833673318227132,0.2177593256249895,0.0,0.4062209924062093,0.09670380254586536,0.5111111111111111,0.13877773329774218,0.03333333333333333,0.03333333333333333,22.0,23.0,6.0,174.0,1.7682576819695532,0.0062407220694939685,44.20644204923883
dirichlet_a0.5,sparse_coordinate_attack,norm,B_iid_transfer_frozen,0.07418755938609438,0.01347764261263107,3,2.1950647036234536,0.006456001945416351,0.0,0.07418755938609438,0.0,1.0,0.0,1.0,0.0,0.0,45.0,180.0,0.0,1.7540256115468218,0.02231437161673554,43.85064028867055
dirichlet_a0.5,sparse_coordinate_attack,cosine,B_iid_transfer_frozen,0.06276694685220714,0.01797808600995928,3,2.2182018756866455,0.04280914901656558,0.0,0.06276694685220714,0.0,1.0,0.0,1.0,0.0,0.0,45.0,180.0,0.0,2.108749562559339,0.018390903665791495,52.71873906398347
dirichlet_a0.5,sparse_coordinate_attack,sign_consensus,B_iid_transfer_frozen,0.38389045000076294,0.06179488399647587,3,1.6996632814407349,0.09323921707819074,0.0,0.4062209924062093,0.022330542405446352,1.0,0.0,0.005555555555555556,0.009622504486493762,0.0,45.0,1.0,179.0,1.7878406103048474,0.01005319785756113,44.696015257621184
dirichlet_a0.5,no_attack,fedavg,not_applicable,0.4085422456264496,0.08906751532158329,3,1.6323345104853313,0.07788963452198636,0.0,0.4085422456264496,0.0,,,,,,,,,1.7582488800383482,0.03274640970433263,43.95622200095871
dirichlet_a0.5,no_attack,median,not_applicable,0.294336125254631,0.08117644166140396,3,1.857684810956319,0.212527201117445,0.0,0.294336125254631,0.0,,,,,,,,,1.782238549441099,0.014329472713843527,44.55596373602748
dirichlet_a0.5,no_attack,multi_krum,not_applicable,0.37841226657231647,0.06429760838065993,3,1.7464231650034587,0.1016685684955774,0.0,0.37841226657231647,0.0,,,,,,,,,1.7758980768173933,0.008705494682086007,44.39745192043483
dirichlet_a0.5,large_norm,fedavg,not_applicable,0.06555246313412981,0.0317623086154794,3,101595757.33333333,38602258.49361777,1.0,0.4085422456264496,0.34298978249231976,,,,,,,,,1.7457687799663593,0.024048291107948212,19.203456579629954
dirichlet_a0.5,large_norm,median,not_applicable,0.31216342250506085,0.04625136976965545,3,1.873654882113139,0.14948565195592445,0.0,0.294336125254631,-0.017827297250429863,,,,,,,,,1.778910300300146,0.013059944054948565,44.47275750750365
dirichlet_a0.5,large_norm,multi_krum,not_applicable,0.39275766412417096,0.05459379164790224,3,1.6853208939234416,0.09696751207585483,0.0,0.37841226657231647,-0.014345397551854489,,,,,,,,,1.7816208334934587,0.014981582235526973,44.540520837336466
dirichlet_a0.5,low_norm,fedavg,not_applicable,0.36439183354377747,0.05288251090572978,3,1.779074986775716,0.11187591875621994,0.0,0.4085422456264496,0.04415041208267212,,,,,,,,,1.7546494261346137,0.01982365031119747,43.866235653365344
dirichlet_a0.5,low_norm,median,not_applicable,0.2642061362663905,0.09039770474535781,3,1.9383650223414104,0.29739056491705396,0.0,0.294336125254631,0.030129988988240486,,,,,,,,,1.7715718374059846,0.017539665880384137,44.28929593514962
dirichlet_a0.5,low_norm,multi_krum,not_applicable,0.3854224781195323,0.07248047487238432,3,1.7898030281066895,0.12273824205198049,0.0,0.37841226657231647,-0.007010211547215817,,,,,,,,,1.7818364904557045,0.00475649368107998,44.54591226139261
dirichlet_a0.5,full_sign_flip,fedavg,not_applicable,0.2754874676465988,0.0941396067053257,3,2.2243154048919678,0.27564214151974625,0.0,0.4085422456264496,0.13305477797985077,,,,,,,,,1.762602496300824,0.0047413346286622055,44.0650624075206
dirichlet_a0.5,full_sign_flip,median,not_applicable,0.298978641629219,0.11058007623336323,3,2.2654769023259482,0.3805094507957257,0.0,0.294336125254631,-0.004642516374588013,,,,,,,,,1.7800885598935807,0.024595205769058052,44.50221399733952
dirichlet_a0.5,full_sign_flip,multi_krum,not_applicable,0.37246983249982196,0.05652302953729507,3,1.7408085664113362,0.09903334305387188,0.0,0.37841226657231647,0.005942434072494507,,,,,,,,,1.782131731379777,0.018400935539663432,44.55329328449443
dirichlet_a0.5,directional_poisoning,fedavg,not_applicable,0.2761838485797246,0.09481918802062461,3,2.2250325282414756,0.2792931734447957,0.0,0.4085422456264496,0.13235839704672497,,,,,,,,,1.759541889388735,0.02837752489890652,43.988547234718375
dirichlet_a0.5,directional_poisoning,median,not_applicable,0.2980501403411229,0.10975593419181208,3,2.2582491636276245,0.37454635164481476,0.0,0.294336125254631,-0.0037140150864919397,,,,,,,,,1.7639577601229153,0.0190421237346587,44.09894400307288
dirichlet_a0.5,directional_poisoning,multi_krum,not_applicable,0.3740947147210439,0.05432612525179481,3,1.6952404975891113,0.07027376987857316,0.0,0.37841226657231647,0.004317551851272583,,,,,,,,,1.77478203406247,0.011427331906235143,44.36955085156175
dirichlet_a0.5,sparse_coordinate_attack,fedavg,not_applicable,0.25687094529469806,0.05907285664096863,3,2.184312105178833,0.14272263446936231,0.0,0.4085422456264496,0.15167130033175152,,,,,,,,,1.774295846656896,0.004251148040144323,44.357396166422404
dirichlet_a0.5,sparse_coordinate_attack,median,not_applicable,0.28834725916385645,0.10114205215757989,3,1.9156651099522908,0.2648348076456181,0.0,0.294336125254631,0.005988866090774536,,,,,,,,,1.7941737319932631,0.005587477335226132,44.85434329983158
dirichlet_a0.5,sparse_coordinate_attack,multi_krum,not_applicable,0.4022284249464671,0.05196089075235219,3,1.68457825978597,0.10479432748220899,0.0,0.37841226657231647,-0.02381615837415063,,,,,,,,,1.7772490065575888,0.0075959623214312075,44.43122516393972
dirichlet_a0.1,no_attack,norm,A_condition_specific_oracle,0.193175492187341,0.07706658147502561,3,2.314343214035034,0.6112834066177358,0.0,0.193175492187341,0.0,0.0,0.0,0.2212121212121212,0.24143738529747985,45.0,0.0,73.0,257.0,1.76361335173094,0.01015982297108058,44.09033379327351
dirichlet_a0.1,no_attack,cosine,A_condition_specific_oracle,0.2045032555858294,0.0822699418021972,3,1.902713656425476,0.10181681653381264,0.0,0.2045032555858294,0.0,0.0,0.0,0.024242424242424242,0.02287828616748712,45.0,0.0,8.0,322.0,2.1146691307208187,0.00417713513568934,52.86672826802047
dirichlet_a0.1,no_attack,sign_consensus,A_condition_specific_oracle,0.19596100846926368,0.0796462604756385,3,1.9319632053375244,0.10009816194637484,0.0,0.19596100846926368,0.0,0.0,0.0,0.0,0.0,45.0,0.0,0.0,330.0,1.7789680143011113,0.015661246223147924,44.474200357527785
dirichlet_a0.1,large_norm,norm,A_condition_specific_oracle,0.28751161694526667,0.04558603203844853,3,2.3732521533966064,0.4773102380581339,0.0,0.193175492187341,-0.09433612475792566,1.0,0.0,0.16666666666666666,0.2886751345948129,0.0,45.0,30.0,150.0,1.7677425613626838,0.020117493051353325,44.193564034067094
dirichlet_a0.1,large_norm,cosine,A_condition_specific_oracle,0.09410399446884787,0.008758143925032436,3,171907400.0,106544420.50149217,1.0,0.2045032555858294,0.11039926111698153,0.0,0.0,0.08333333333333333,0.14433756729740646,45.0,0.0,15.0,165.0,2.12132760233274,0.03777608463205328,23.33460362566014
dirichlet_a0.1,large_norm,sign_consensus,A_condition_specific_oracle,0.08064067115386324,0.032836903524437064,3,2280212008.0,3627931548.116202,1.0,0.19596100846926368,0.11532033731540044,0.0,0.0,0.4166666666666667,0.2886751345948129,45.0,0.0,75.0,105.0,1.7856650290919014,0.02294485224422671,19.64231532001092
dirichlet_a0.1,low_norm,norm,A_condition_specific_oracle,0.24772517383098594,0.03897341398783903,3,2.435170809427897,0.41864240410556225,0.0,0.193175492187341,-0.05454968164364493,0.0,0.0,0.16666666666666666,0.2886751345948129,45.0,0.0,30.0,150.0,1.7490421007589125,0.009615858793121221,43.726052518972814
dirichlet_a0.1,low_norm,cosine,A_condition_specific_oracle,0.24614670375982917,0.06242822430098123,3,2.17165199915568,0.23605783460399457,0.0,0.2045032555858294,-0.04164344817399976,0.0,0.0,0.005555555555555556,0.009622504486493762,45.0,0.0,1.0,179.0,2.1114851125562564,0.02084805476331931,52.78712781390641
dirichlet_a0.1,low_norm,sign_consensus,A_condition_specific_oracle,0.26578459143638605,0.04972463982553088,3,2.1233085791269937,0.12139608958111946,0.0,0.19596100846926368,-0.06982358296712238,0.0,0.0,0.0,0.0,45.0,0.0,0.0,180.0,1.7734463327626386,0.002709966795832025,44.336158319065966
dirichlet_a0.1,full_sign_flip,norm,A_condition_specific_oracle,0.24661096185445777,0.1177467131854711,3,2.638315280278524,0.5265563170878846,0.0,0.193175492187341,-0.053435469667116764,0.4666666666666666,0.13333333333333333,0.16666666666666666,0.2886751345948129,24.0,21.0,30.0,150.0,1.7606936215236784,0.008898935232372234,44.01734053809196
dirichlet_a0.1,full_sign_flip,cosine,A_condition_specific_oracle,0.30459610621134436,0.07250277219055809,3,2.1517351468404136,0.25093756335323514,0.0,0.2045032555858294,-0.10009285062551496,0.7555555555555555,0.25239592648001213,0.0,0.0,11.0,34.0,0.0,180.0,2.1230712713037305,0.006069985403314981,53.076781782593265
dirichlet_a0.1,full_sign_flip,sign_consensus,A_condition_specific_oracle,0.1111884887019793,0.05696724674475746,3,5.856662750244141,5.128625846311913,0.0,0.19596100846926368,0.08477251976728438,0.0,0.0,0.011111111111111112,0.019245008972987525,45.0,0.0,2.0,178.0,1.767537144939415,0.004343528749404208,44.18842862348538
dirichlet_a0.1,directional_poisoning,norm,A_condition_specific_oracle,0.27994430065155024,0.06753238814152263,3,2.5614307721455893,0.4394146142563525,0.0,0.193175492187341,-0.08676880846420923,0.4666666666666666,0.13333333333333333,0.16666666666666666,0.2886751345948129,24.0,21.0,30.0,150.0,1.7613844721267622,0.002517890637004811,44.03461180316905
dirichlet_a0.1,directional_poisoning,cosine,A_condition_specific_oracle,0.2898792972167333,0.06054914789342642,3,2.152374505996704,0.22809902844878055,0.0,0.2045032555858294,-0.08537604163090387,0.7555555555555555,0.25239592648001213,0.0,0.0,11.0,34.0,0.0,180.0,2.113375802713757,0.01565847215229419,52.83439506784392
dirichlet_a0.1,directional_poisoning,sign_consensus,A_condition_specific_oracle,0.1111884887019793,0.05696724674475746,3,5.893934965133667,5.17423727169188,0.0,0.19596100846926368,0.08477251976728438,0.0,0.0,0.011111111111111112,0.019245008972987525,45.0,0.0,2.0,178.0,1.7202482845199605,0.043670676817213726,43.006207112999014
dirichlet_a0.1,sparse_coordinate_attack,norm,A_condition_specific_oracle,0.27530176937580103,0.0397398404705452,3,2.4316535790761313,0.5185140036964148,0.0,0.193175492187341,-0.08212627718846002,1.0,0.0,0.16666666666666666,0.2886751345948129,0.0,45.0,30.0,150.0,1.7619824552660186,0.00793342730060941,44.04956138165047
dirichlet_a0.1,sparse_coordinate_attack,cosine,A_condition_specific_oracle,0.1251160676280657,0.08509810226097422,3,161.0172894001007,269.75107468846727,0.3333333333333333,0.2045032555858294,0.0793871879577637,0.0,0.0,0.0,0.0,45.0,0.0,0.0,180.0,2.11132409393865,0.004177537241968647,50.66776074837738
dirichlet_a0.1,sparse_coordinate_attack,sign_consensus,A_condition_specific_oracle,0.2759981503089269,0.0432957972057017,3,2.1342554092407227,0.24058618977180002,0.0,0.19596100846926368,-0.0800371418396632,1.0,0.0,0.0,0.0,0.0,45.0,0.0,180.0,1.6876187061363208,0.13548500067473493,42.19046765340803
dirichlet_a0.1,no_attack,norm,B_iid_transfer_frozen,0.07418755938609438,0.01347764261263107,3,2.1950647036234536,0.006456001945416351,0.0,0.07418755938609438,0.0,1.0,0.0,1.0,0.0,0.0,45.0,330.0,0.0,1.751375793769645,0.016293327060447782,43.78439484424113
dirichlet_a0.1,no_attack,cosine,B_iid_transfer_frozen,0.07418755938609438,0.01347764261263107,3,2.1950647036234536,0.006456001945416351,0.0,0.07418755938609438,0.0,1.0,0.0,1.0,0.0,0.0,45.0,330.0,0.0,2.1171424130645273,0.017460217851894205,52.92856032661317
dirichlet_a0.1,no_attack,sign_consensus,B_iid_transfer_frozen,0.22488393386205033,0.03848003771009641,3,1.8641437292098997,0.017796158556617533,0.0,0.22488393386205033,0.0,0.0,0.0,0.08484848484848484,0.08198635914223444,45.0,0.0,28.0,302.0,1.7635174495276686,0.047671748045425406,44.08793623819171
dirichlet_a0.1,large_norm,norm,B_iid_transfer_frozen,0.07418755938609438,0.01347764261263107,3,2.1950647036234536,0.006456001945416351,0.0,0.07418755938609438,0.0,1.0,0.0,1.0,0.0,0.0,45.0,180.0,0.0,1.7549914548546077,0.018544232588780473,43.87478637136519
dirichlet_a0.1,large_norm,cosine,B_iid_transfer_frozen,0.07418755938609438,0.01347764261263107,3,2.1950647036234536,0.006456001945416351,0.0,0.07418755938609438,0.0,1.0,0.0,1.0,0.0,0.0,45.0,180.0,0.0,2.121265246028391,0.008683860688787957,53.03163115070978
dirichlet_a0.1,large_norm,sign_consensus,B_iid_transfer_frozen,0.08040854334831234,0.032891595662816624,3,65857425408.0,34923411157.619736,1.0,0.22488393386205033,0.14447539051373798,0.0,0.0,1.0,0.0,45.0,0.0,180.0,0.0,1.793897479194019,0.003890664837749275,19.73287227113421
dirichlet_a0.1,low_norm,norm,B_iid_transfer_frozen,0.10218198721607523,0.06374819625709545,3,2.1973984241485596,0.015207265119496495,0.0,0.07418755938609438,-0.02799442782998085,0.0,0.0,1.0,0.0,45.0,0.0,180.0,0.0,1.7568004094110803,0.008520104944417437,43.920010235277005
dirichlet_a0.1,low_norm,cosine,B_iid_transfer_frozen,0.07418755938609438,0.01347764261263107,3,2.1950647036234536,0.006456001945416351,0.0,0.07418755938609438,0.0,1.0,0.0,1.0,0.0,0.0,45.0,180.0,0.0,2.11839154851002,0.010484604974658461,52.9597887127505
dirichlet_a0.1,low_norm,sign_consensus,B_iid_transfer_frozen,0.2809192289908727,0.044835769426021896,3,2.0922661225001016,0.25957938983320894,0.0,0.22488393386205033,-0.056035295128822354,0.0,0.0,0.08888888888888889,0.0787635937708768,45.0,0.0,16.0,164.0,1.7749783103043832,0.006150117989624749,44.37445775760958
dirichlet_a0.1,full_sign_flip,norm,B_iid_transfer_frozen,0.07418755938609438,0.01347764261263107,3,2.1950647036234536,0.006456001945416351,0.0,0.07418755938609438,0.0,1.0,0.0,1.0,0.0,0.0,45.0,180.0,0.0,1.749529863696856,0.01733993447852965,43.7382465924214
dirichlet_a0.1,full_sign_flip,cosine,B_iid_transfer_frozen,0.07418755938609438,0.01347764261263107,3,2.1950647036234536,0.006456001945416351,0.0,0.07418755938609438,0.0,1.0,0.0,1.0,0.0,0.0,45.0,180.0,0.0,2.109231431977823,0.014285334921661575,52.730785799445584
dirichlet_a0.1,full_sign_flip,sign_consensus,B_iid_transfer_frozen,0.16977716485659278,0.09882928419549306,3,22.834023316701252,31.969652836241472,0.3333333333333333,0.22488393386205033,0.05510676900545755,0.3111111111111111,0.3079201435678004,0.3444444444444444,0.13368010461684404,31.0,14.0,62.0,118.0,1.7602852458355482,0.001160920169174109,41.07484317869724
dirichlet_a0.1,directional_poisoning,norm,B_iid_transfer_frozen,0.07418755938609438,0.01347764261263107,3,2.1950647036234536,0.006456001945416351,0.0,0.07418755938609438,0.0,1.0,0.0,1.0,0.0,0.0,45.0,180.0,0.0,1.7539745042007417,0.015047926876346636,43.84936260501854
dirichlet_a0.1,directional_poisoning,cosine,B_iid_transfer_frozen,0.07418755938609438,0.01347764261263107,3,2.1950647036234536,0.006456001945416351,0.0,0.07418755938609438,0.0,1.0,0.0,1.0,0.0,0.0,45.0,180.0,0.0,2.1083983750160162,0.005422775417169788,52.70995937540041
dirichlet_a0.1,directional_poisoning,sign_consensus,B_iid_transfer_frozen,0.1589136521021525,0.09452547037081034,3,169.23522233963013,284.8609359461342,0.3333333333333333,0.22488393386205033,0.06597028175989783,0.3111111111111111,0.3150543750835072,0.3333333333333333,0.0927960727138337,31.0,14.0,60.0,120.0,1.7360495939292013,0.04742364474747884,41.65803789207712
dirichlet_a0.1,sparse_coordinate_attack,norm,B_iid_transfer_frozen,0.07418755938609438,0.01347764261263107,3,2.1950647036234536,0.006456001945416351,0.0,0.07418755938609438,0.0,1.0,0.0,1.0,0.0,0.0,45.0,180.0,0.0,1.765528801982291,0.004661948816294081,44.138220049557276
dirichlet_a0.1,sparse_coordinate_attack,cosine,B_iid_transfer_frozen,0.07418755938609438,0.01347764261263107,3,2.1950647036234536,0.006456001945416351,0.0,0.07418755938609438,0.0,1.0,0.0,1.0,0.0,0.0,45.0,180.0,0.0,2.104988293570156,0.004510802202594538,52.624707339253895
dirichlet_a0.1,sparse_coordinate_attack,sign_consensus,B_iid_transfer_frozen,0.2866759598255157,0.05881368523969875,3,2.0990890661875405,0.27388616566249613,0.0,0.22488393386205033,-0.061792025963465363,1.0,0.0,0.03333333333333333,0.05773502691896258,0.0,45.0,6.0,174.0,1.6899395884775246,0.11435387630055778,42.24848971193811
dirichlet_a0.1,no_attack,fedavg,not_applicable,0.1957753052314122,0.07948124582923263,3,1.9286991357803345,0.10459391282906749,0.0,0.1957753052314122,0.0,,,,,,,,,1.7120407175583143,0.07839348906856855,42.80101793895786
dirichlet_a0.1,no_attack,median,not_applicable,0.20659239093462622,0.03447753488886454,3,2.253077507019043,0.18801957997773353,0.0,0.20659239093462622,0.0,,,,,,,,,1.714342027795501,0.1435963498765535,42.858550694887526
dirichlet_a0.1,no_attack,multi_krum,not_applicable,0.1942897016803423,0.07662180370486833,3,2.304218610127767,0.13407550311074648,0.0,0.1942897016803423,0.0,,,,,,,,,1.771517780413851,0.027585030876306326,44.28794451034628
dirichlet_a0.1,large_norm,fedavg,not_applicable,0.08068709820508953,0.03280360757285837,3,107037293.33333333,57844624.64606195,1.0,0.1957753052314122,0.11508820702632268,,,,,,,,,1.755859274336024,0.01289891815933973,19.314452017696265
dirichlet_a0.1,large_norm,median,not_applicable,0.1204735388358434,0.057284172308988746,3,2.670767148335775,0.22810088153330393,0.0,0.20659239093462622,0.08611885209878282,,,,,,,,,1.789329435255689,0.005278010510331316,44.733235881392226
dirichlet_a0.1,large_norm,multi_krum,not_applicable,0.29893222451210016,0.028505746640722668,3,2.0295770565668745,0.22536197476863587,0.0,0.1942897016803423,-0.10464252283175787,,,,,,,,,1.7749038407113404,0.017809545393988234,44.37259601778351
dirichlet_a0.1,low_norm,fedavg,not_applicable,0.24303621550401053,0.02319390668685046,3,2.1894501050313315,0.21977877304566806,0.0,0.1957753052314122,-0.04726091027259832,,,,,,,,,1.7522726563146958,0.005288198297639237,43.806816407867395
dirichlet_a0.1,low_norm,median,not_applicable,0.1042711238066355,0.05961984058994732,3,2.9449826876322427,0.30814597245993414,0.0,0.20659239093462622,0.10232126712799072,,,,,,,,,1.773326418354797,0.005268037393902509,44.33316045886992
dirichlet_a0.1,low_norm,multi_krum,not_applicable,0.25134633978207904,0.05051244774190815,3,2.6033108234405518,0.5490829829502989,0.0,0.1942897016803423,-0.05705663810173675,,,,,,,,,1.7841841203874598,0.012264287653914756,44.60460300968649
dirichlet_a0.1,full_sign_flip,fedavg,not_applicable,0.1112349157532056,0.05704126176807946,3,5.0873786608378095,3.8164284995247852,0.0,0.1957753052314122,0.0845403894782066,,,,,,,,,1.7555235619066905,0.00939418060118804,43.88808904766726
dirichlet_a0.1,full_sign_flip,median,not_applicable,0.0964252576231956,0.034898328744515546,3,3.9101043542226157,0.40616796795298926,0.0,0.20659239093462622,0.11016713331143062,,,,,,,,,1.7758221284781273,0.009664328421045556,44.39555321195318
dirichlet_a0.1,full_sign_flip,multi_krum,not_applicable,0.26146704455216724,0.05773923182460084,3,2.310142238934835,0.317052260449935,0.0,0.1942897016803423,-0.06717734287182495,,,,,,,,,1.773475595517084,0.01692158610498994,44.3368898879271
dirichlet_a0.1,directional_poisoning,fedavg,not_applicable,0.1111884887019793,0.05696724674475746,3,5.126558303833008,3.8005362604596686,0.0,0.1957753052314122,0.08458681652943291,,,,,,,,,1.7471112371205042,0.010301871552751876,43.6777809280126
dirichlet_a0.1,directional_poisoning,median,not_applicable,0.10199629018704093,0.04277043657068914,3,3.9055026372273765,0.3936424809884355,0.0,0.20659239093462622,0.1045961007475853,,,,,,,,,1.7632155306280282,0.02117653724668107,44.0803882657007
dirichlet_a0.1,directional_poisoning,multi_krum,not_applicable,0.3116527547438939,0.05525165446236848,3,2.0796027183532715,0.2293036187912902,0.0,0.1942897016803423,-0.11736305306355163,,,,,,,,,1.7605900280581166,0.012479831907887713,44.01475070145292
dirichlet_a0.1,sparse_coordinate_attack,fedavg,not_applicable,0.15422470370928443,0.021804700919446456,3,8.043625593185425,6.452245591236148,0.0,0.1957753052314122,0.04155060152212778,,,,,,,,,1.742675523441285,0.031842863281095944,43.56688808603212
dirichlet_a0.1,sparse_coordinate_attack,median,not_applicable,0.1042711238066355,0.05961984058994732,3,2.7579423586527505,0.37462872394185187,0.0,0.20659239093462622,0.10232126712799072,,,,,,,,,1.7013887802402798,0.11637614910846909,42.534719506007
dirichlet_a0.1,sparse_coordinate_attack,multi_krum,not_applicable,0.28231198589007056,0.029912854481089594,3,2.0551491181055703,0.2522830039047294,0.0,0.1942897016803423,-0.08802228420972827,,,,,,,,,1.7706018520488094,0.022581644781152006,44.26504630122023
