group,pattern,count,fraction,n_total
malicious_pooled_seed42,accepted_by_all,66,0.22,300
malicious_pooled_seed42,rejected_by_Norm+Cosine,58,0.19333333333333333,300
malicious_pooled_seed42,rejected_by_Norm,45,0.15,300
malicious_pooled_seed42,rejected_by_Norm+Sign,45,0.15,300
malicious_pooled_seed42,rejected_by_Cosine,37,0.12333333333333334,300
malicious_pooled_seed42,rejected_by_Norm+Cosine+Sign,28,0.09333333333333334,300
malicious_pooled_seed42,rejected_by_Cosine+Sign,21,0.07,300
honest_pooled_seed42,accepted_by_all,2246,0.8507575757575757,2640
honest_pooled_seed42,rejected_by_Norm,315,0.11931818181818182,2640
honest_pooled_seed42,rejected_by_Sign,62,0.023484848484848483,2640
honest_pooled_seed42,rejected_by_Cosine,17,0.006439393939393939,2640
malicious_pooled_seed43,accepted_by_all,66,0.22,300
malicious_pooled_seed43,rejected_by_Norm+Cosine,49,0.16333333333333333,300
malicious_pooled_seed43,rejected_by_Norm+Cosine+Sign,45,0.15,300
malicious_pooled_seed43,rejected_by_Norm,45,0.15,300
malicious_pooled_seed43,rejected_by_Norm+Sign,45,0.15,300
malicious_pooled_seed43,rejected_by_Cosine,30,0.1,300
malicious_pooled_seed43,rejected_by_Cosine+Sign,20,0.06666666666666667,300
honest_pooled_seed43,accepted_by_all,2060,0.7803030303030303,2640
honest_pooled_seed43,rejected_by_Norm,462,0.175,2640
honest_pooled_seed43,rejected_by_Sign,92,0.03484848484848485,2640
honest_pooled_seed43,rejected_by_Cosine,26,0.009848484848484848,2640
malicious_pooled_seed44,rejected_by_Norm+Cosine+Sign,77,0.25666666666666665,300
malicious_pooled_seed44,accepted_by_all,66,0.22,300
malicious_pooled_seed44,rejected_by_Norm,45,0.15,300
malicious_pooled_seed44,rejected_by_Norm+Sign,45,0.15,300
malicious_pooled_seed44,rejected_by_Norm+Cosine,39,0.13,300
malicious_pooled_seed44,rejected_by_Cosine+Sign,18,0.06,300
malicious_pooled_seed44,rejected_by_Cosine,10,0.03333333333333333,300
honest_pooled_seed44,accepted_by_all,1995,0.7556818181818182,2640
honest_pooled_seed44,rejected_by_Norm,500,0.1893939393939394,2640
honest_pooled_seed44,rejected_by_Sign,91,0.03446969696969697,2640
honest_pooled_seed44,rejected_by_Cosine,54,0.020454545454545454,2640
