defense,partition,attack,threshold,honest_score_round0_mean,honest_score_round24_mean,honest_score_drift,fpr_round0,fpr_round24,tpr_round10,tpr_round24
norm,iid,large_norm,0.0653137781181922,0.055346299488273444,0.06967779424697519,0.014331494758701747,0.4666666666666667,1.0,1.0,1.0
norm,dirichlet_a1.0,large_norm,0.3041719383559114,0.22702303223086143,0.18725572034384863,-0.039767311887012796,0.4666666666666667,0.25,1.0,1.0
norm,dirichlet_a0.5,large_norm,0.3897146312623868,0.47257430872533235,0.5071374411732827,0.034563132447950395,0.6,0.25,1.0,1.0
norm,dirichlet_a0.1,large_norm,0.5474922308884818,0.6086678525317504,0.4616804266729152,-0.14698742585883517,0.6666666666666666,0.16666666666666666,1.0,1.0
cosine,iid,large_norm,0.6507831764710116,0.9601636027014171,0.9830368620600697,0.022873259358652587,0.0,0.0,1.0,1.0
cosine,dirichlet_a1.0,large_norm,-0.5141877605594488,0.23459831904209855,0.17673949917840048,-0.05785881986369806,0.0,0.0,0.0,0.0
cosine,dirichlet_a0.5,large_norm,-0.4372772989184658,0.1507211033793258,0.12961475898560726,-0.02110634439371853,0.0,0.0,0.0,0.0
cosine,dirichlet_a0.1,large_norm,-0.5436032809679294,0.07777302206193162,0.1840679501840656,0.10629492812213398,0.0,0.08333333333333333,0.0,0.0
sign_consensus,iid,large_norm,0.5321591773615303,0.8626674416761342,0.6281949217494499,-0.23447251992668428,0.0,0.0,0.0,0.0
sign_consensus,dirichlet_a1.0,large_norm,0.4163040683530785,0.6612029202032922,0.44966626966403656,-0.21153665053925563,0.0,0.16666666666666666,0.0,0.0
sign_consensus,dirichlet_a0.5,large_norm,0.4003191303697424,0.606070878068636,0.45888488017341733,-0.1471859978952187,0.0,0.16666666666666666,0.0,0.0
sign_consensus,dirichlet_a0.1,large_norm,0.3775268187637071,0.5861419982975101,0.4063645001036028,-0.17977749819390731,0.0,0.4166666666666667,0.0,0.0
