round,accuracy,loss,runtime_s,n_accepted,n_rejected,n_malicious_role,n_attack_active,diverged,run_id,seed,attack,defense
0,0.27806451612903227,1.9185989986952916,43.583983876989805,6,0,1,0,False,c4_drift_aware__no_attack__seed42,42,no_attack,c4_drift_aware
1,0.35935483870967744,1.8372457393523185,42.0590916719957,6,0,1,0,False,c4_drift_aware__no_attack__seed42,42,no_attack,c4_drift_aware
2,0.4049462365591398,1.7794379531696278,42.68566432999796,6,0,1,0,False,c4_drift_aware__no_attack__seed42,42,no_attack,c4_drift_aware
3,0.432258064516129,1.722833035376764,42.6492446080083,5,1,1,0,False,c4_drift_aware__no_attack__seed42,42,no_attack,c4_drift_aware
4,0.45548387096774196,1.6681982979723202,42.589844831993105,3,3,1,0,False,c4_drift_aware__no_attack__seed42,42,no_attack,c4_drift_aware
5,0.4673118279569892,1.6169574589883127,43.00792923699191,5,1,1,1,False,c4_drift_aware__no_attack__seed42,42,no_attack,c4_drift_aware
6,0.4718279569892473,1.5839133904569893,42.30594316800125,5,1,1,1,False,c4_drift_aware__no_attack__seed42,42,no_attack,c4_drift_aware
7,0.47677419354838707,1.551148945798156,41.791351793988724,4,2,1,1,False,c4_drift_aware__no_attack__seed42,42,no_attack,c4_drift_aware
8,0.47655913978494624,1.539955790529969,41.97267445099715,3,3,1,1,False,c4_drift_aware__no_attack__seed42,42,no_attack,c4_drift_aware
9,0.4778494623655914,1.5234386370258945,42.06632074699155,4,2,1,1,False,c4_drift_aware__no_attack__seed42,42,no_attack,c4_drift_aware
10,0.4778494623655914,1.5203014742943548,42.38955892800004,4,2,1,1,False,c4_drift_aware__no_attack__seed42,42,no_attack,c4_drift_aware
11,0.4782795698924731,1.5276136894636256,42.83568275399739,4,2,1,1,False,c4_drift_aware__no_attack__seed42,42,no_attack,c4_drift_aware
0,0.2806451612903226,1.917427724202474,38.662773087999085,6,0,1,0,False,fedavg__no_attack__seed42,42,no_attack,fedavg
1,0.36172043010752686,1.8396219692435316,38.59448761999374,6,0,1,0,False,fedavg__no_attack__seed42,42,no_attack,fedavg
2,0.4068817204301075,1.7811349077122185,38.48447110800771,6,0,1,0,False,fedavg__no_attack__seed42,42,no_attack,fedavg
3,0.4236559139784946,1.7424454949491768,38.59154137900623,6,0,1,0,False,fedavg__no_attack__seed42,42,no_attack,fedavg
4,0.43849462365591396,1.7016487859910534,38.49218909899355,6,0,1,0,False,fedavg__no_attack__seed42,42,no_attack,fedavg
5,0.4511827956989247,1.671481657951109,38.55241294899315,6,0,1,1,False,fedavg__no_attack__seed42,42,no_attack,fedavg
6,0.4559139784946237,1.6529216036232568,38.68572409100307,6,0,1,1,False,fedavg__no_attack__seed42,42,no_attack,fedavg
7,0.461505376344086,1.623650598013273,38.42711232899455,6,0,1,1,False,fedavg__no_attack__seed42,42,no_attack,fedavg
8,0.4675268817204301,1.5984375918808804,38.279419742990285,6,0,1,1,False,fedavg__no_attack__seed42,42,no_attack,fedavg
9,0.470752688172043,1.5817618782289566,38.22934075599187,6,0,1,1,False,fedavg__no_attack__seed42,42,no_attack,fedavg
10,0.47397849462365593,1.5577524058024088,38.485097987999325,6,0,1,1,False,fedavg__no_attack__seed42,42,no_attack,fedavg
11,0.4761290322580645,1.5445901735367313,38.529992382987984,6,0,1,1,False,fedavg__no_attack__seed42,42,no_attack,fedavg
0,0.267741935483871,1.9201388484175488,38.70369841699721,4,2,1,0,False,norm__no_attack__seed42,42,no_attack,norm
1,0.36989247311827955,1.8372051460512222,38.53857941601018,5,1,1,0,False,norm__no_attack__seed42,42,no_attack,norm
2,0.4131182795698925,1.7775916675854755,38.35711851599626,6,0,1,0,False,norm__no_attack__seed42,42,no_attack,norm
3,0.4316129032258065,1.7308179350822204,38.60673512799258,6,0,1,0,False,norm__no_attack__seed42,42,no_attack,norm
4,0.44344086021505374,1.6994276559481056,38.47136099101044,6,0,1,0,False,norm__no_attack__seed42,42,no_attack,norm
5,0.4535483870967742,1.6705054908670405,38.50098128999525,6,0,1,1,False,norm__no_attack__seed42,42,no_attack,norm
6,0.46043010752688174,1.6372782389322917,38.684753096007626,6,0,1,1,False,norm__no_attack__seed42,42,no_attack,norm
7,0.46279569892473116,1.6223641623220135,38.61016083799768,6,0,1,1,False,norm__no_attack__seed42,42,no_attack,norm
8,0.47053763440860213,1.5906338418940063,38.75733132001187,6,0,1,1,False,norm__no_attack__seed42,42,no_attack,norm
9,0.47419354838709676,1.5698993658250378,38.69095175599796,6,0,1,1,False,norm__no_attack__seed42,42,no_attack,norm
10,0.47677419354838707,1.5450601901802965,38.5034849789954,6,0,1,1,False,norm__no_attack__seed42,42,no_attack,norm
11,0.478494623655914,1.5271805564306116,38.635160808989895,6,0,1,1,False,norm__no_attack__seed42,42,no_attack,norm
0,0.2703225806451613,1.9201695727276546,38.95081785599177,6,0,1,0,False,multi_krum__no_attack__seed42,42,no_attack,multi_krum
1,0.36451612903225805,1.8361930502614667,38.9002033220022,6,0,1,0,False,multi_krum__no_attack__seed42,42,no_attack,multi_krum
2,0.4129032258064516,1.7742794586509787,38.78729585900146,6,0,1,0,False,multi_krum__no_attack__seed42,42,no_attack,multi_krum
3,0.43311827956989246,1.7272504367623278,37.795390390005196,6,0,1,0,False,multi_krum__no_attack__seed42,42,no_attack,multi_krum
4,0.4483870967741935,1.6902739789409023,38.08275231899461,6,0,1,0,False,multi_krum__no_attack__seed42,42,no_attack,multi_krum
5,0.4556989247311828,1.6622654888194095,38.39572815100837,6,0,1,1,False,multi_krum__no_attack__seed42,42,no_attack,multi_krum
6,0.4670967741935484,1.6175958670339277,38.5764465980028,6,0,1,1,False,multi_krum__no_attack__seed42,42,no_attack,multi_krum
7,0.4698924731182796,1.5990555597120715,38.868274320004275,6,0,1,1,False,multi_krum__no_attack__seed42,42,no_attack,multi_krum
8,0.47096774193548385,1.5806690470377605,38.97320783599571,6,0,1,1,False,multi_krum__no_attack__seed42,42,no_attack,multi_krum
9,0.4731182795698925,1.5673883286342827,38.763371356995776,6,0,1,1,False,multi_krum__no_attack__seed42,42,no_attack,multi_krum
10,0.47333333333333333,1.5650557405205183,38.84398869100551,6,0,1,1,False,multi_krum__no_attack__seed42,42,no_attack,multi_krum
11,0.47591397849462364,1.5396362714870002,38.899480229985784,6,0,1,1,False,multi_krum__no_attack__seed42,42,no_attack,multi_krum
0,0.28021505376344086,1.9164774117418515,43.15054981999856,6,0,1,0,False,c4_drift_aware__large_norm__seed42,42,large_norm,c4_drift_aware
1,0.35978494623655916,1.8384043572538642,42.012705209999694,6,0,1,0,False,c4_drift_aware__large_norm__seed42,42,large_norm,c4_drift_aware
2,0.40344086021505376,1.7837441803306662,41.94661059300415,6,0,1,0,False,c4_drift_aware__large_norm__seed42,42,large_norm,c4_drift_aware
3,0.42946236559139783,1.7388874898931033,42.14144101900456,5,1,1,0,False,c4_drift_aware__large_norm__seed42,42,large_norm,c4_drift_aware
4,0.4455913978494624,1.6949958079348328,42.534198100998765,5,1,1,0,False,c4_drift_aware__large_norm__seed42,42,large_norm,c4_drift_aware
5,0.45698924731182794,1.6545918766144783,42.98439133100328,5,1,1,1,False,c4_drift_aware__large_norm__seed42,42,large_norm,c4_drift_aware
6,0.4625806451612903,1.6271777934412803,41.58332741999766,5,1,1,1,False,c4_drift_aware__large_norm__seed42,42,large_norm,c4_drift_aware
7,0.46860215053763443,1.6063697847756007,41.657731628001784,5,1,1,1,False,c4_drift_aware__large_norm__seed42,42,large_norm,c4_drift_aware
8,0.4724731182795699,1.5890328388829384,42.73601513900212,5,1,1,1,False,c4_drift_aware__large_norm__seed42,42,large_norm,c4_drift_aware
9,0.4746236559139785,1.5622518953713038,42.47793758600892,5,1,1,1,False,c4_drift_aware__large_norm__seed42,42,large_norm,c4_drift_aware
10,0.47720430107526884,1.5481505215552545,41.41683473800367,5,1,1,1,False,c4_drift_aware__large_norm__seed42,42,large_norm,c4_drift_aware
11,0.478494623655914,1.5299226674725932,41.732092598991585,4,2,1,1,False,c4_drift_aware__large_norm__seed42,42,large_norm,c4_drift_aware
0,0.28279569892473116,1.9147290432837702,38.60092169800191,6,0,1,0,False,fedavg__large_norm__seed42,42,large_norm,fedavg
1,0.3574193548387097,1.8389707979591945,38.23886418099573,6,0,1,0,False,fedavg__large_norm__seed42,42,large_norm,fedavg
2,0.40817204301075266,1.777629645562941,38.49795601799269,6,0,1,0,False,fedavg__large_norm__seed42,42,large_norm,fedavg
3,0.4270967741935484,1.7327935528498823,38.2553774130065,6,0,1,0,False,fedavg__large_norm__seed42,42,large_norm,fedavg
4,0.44,1.6967008873724168,38.47717965800257,6,0,1,0,False,fedavg__large_norm__seed42,42,large_norm,fedavg
5,0.18344086021505376,nan,38.35605913300242,6,0,1,1,False,fedavg__large_norm__seed42,42,large_norm,fedavg
6,0.18344086021505376,nan,38.35605913300242,6,0,1,1,True,fedavg__large_norm__seed42,42,large_norm,fedavg
7,0.18344086021505376,nan,38.35605913300242,6,0,1,1,True,fedavg__large_norm__seed42,42,large_norm,fedavg
8,0.18344086021505376,nan,38.35605913300242,6,0,1,1,True,fedavg__large_norm__seed42,42,large_norm,fedavg
9,0.18344086021505376,nan,38.35605913300242,6,0,1,1,True,fedavg__large_norm__seed42,42,large_norm,fedavg
10,0.18344086021505376,nan,38.35605913300242,6,0,1,1,True,fedavg__large_norm__seed42,42,large_norm,fedavg
11,0.18344086021505376,nan,38.35605913300242,6,0,1,1,True,fedavg__large_norm__seed42,42,large_norm,fedavg
0,0.2604301075268817,1.9249099993962113,38.69723772699945,4,2,1,0,False,norm__large_norm__seed42,42,large_norm,norm
1,0.35978494623655916,1.8407495494555401,38.36920288701367,5,1,1,0,False,norm__large_norm__seed42,42,large_norm,norm
2,0.4118279569892473,1.769249751593477,38.34341947399662,6,0,1,0,False,norm__large_norm__seed42,42,large_norm,norm
3,0.43290322580645163,1.716442587247459,38.36125540500507,6,0,1,0,False,norm__large_norm__seed42,42,large_norm,norm
4,0.4460215053763441,1.6794244532431326,38.46278768000775,6,0,1,0,False,norm__large_norm__seed42,42,large_norm,norm
5,0.46043010752688174,1.631910157562584,38.39871376899828,5,1,1,1,False,norm__large_norm__seed42,42,large_norm,norm
6,0.46623655913978496,1.6084090021605133,37.317998849001015,5,1,1,1,False,norm__large_norm__seed42,42,large_norm,norm
7,0.4729032258064516,1.5805785829277448,37.44726913499471,5,1,1,1,False,norm__large_norm__seed42,42,large_norm,norm
8,0.47698924731182796,1.5497238282234438,38.03568499699759,5,1,1,1,False,norm__large_norm__seed42,42,large_norm,norm
9,0.478494623655914,1.528526084653793,37.495561014002305,5,1,1,1,False,norm__large_norm__seed42,42,large_norm,norm
10,0.47913978494623655,1.5091575113932292,38.4957389219926,5,1,1,1,False,norm__large_norm__seed42,42,large_norm,norm
11,0.47978494623655915,1.5038085871870799,38.21567263000179,5,1,1,1,False,norm__large_norm__seed42,42,large_norm,norm
0,0.2703225806451613,1.9198133768061156,38.90777426199929,6,0,1,0,False,multi_krum__large_norm__seed42,42,large_norm,multi_krum
1,0.36731182795698925,1.8348763053647934,38.734021856987965,6,0,1,0,False,multi_krum__large_norm__seed42,42,large_norm,multi_krum
2,0.4126881720430107,1.76852293609291,38.76552633299434,6,0,1,0,False,multi_krum__large_norm__seed42,42,large_norm,multi_krum
3,0.43655913978494626,1.7177877528693086,38.85867240600055,6,0,1,0,False,multi_krum__large_norm__seed42,42,large_norm,multi_krum
4,0.450752688172043,1.6792163775044102,38.6392004530062,6,0,1,0,False,multi_krum__large_norm__seed42,42,large_norm,multi_krum
5,0.46021505376344085,1.6413510640462239,38.68893358700734,6,0,1,1,False,multi_krum__large_norm__seed42,42,large_norm,multi_krum
6,0.46580645161290324,1.609447029688025,38.62994674699439,6,0,1,1,False,multi_krum__large_norm__seed42,42,large_norm,multi_krum
7,0.47118279569892474,1.5873266355453,38.312757457999396,6,0,1,1,False,multi_krum__large_norm__seed42,42,large_norm,multi_krum
8,0.47483870967741937,1.5643073313723328,37.82377191900741,6,0,1,1,False,multi_krum__large_norm__seed42,42,large_norm,multi_krum
9,0.4782795698924731,1.5349181374170446,37.64290052501019,6,0,1,1,False,multi_krum__large_norm__seed42,42,large_norm,multi_krum
10,0.478494623655914,1.5143619578371765,38.541384418000234,6,0,1,1,False,multi_krum__large_norm__seed42,42,large_norm,multi_krum
11,0.4804301075268817,1.50404544297085,38.54264339899237,6,0,1,1,False,multi_krum__large_norm__seed42,42,large_norm,multi_krum
0,0.27376344086021503,1.9201081044186827,43.001104495007894,6,0,1,0,False,c4_drift_aware__directional_poisoning__seed42,42,directional_poisoning,c4_drift_aware
1,0.358494623655914,1.8412911905268188,41.60119368499727,6,0,1,0,False,c4_drift_aware__directional_poisoning__seed42,42,directional_poisoning,c4_drift_aware
2,0.4,1.7862438128071447,42.70429281500401,6,0,1,0,False,c4_drift_aware__directional_poisoning__seed42,42,directional_poisoning,c4_drift_aware
3,0.4296774193548387,1.7384205889958206,42.51735476200702,5,1,1,0,False,c4_drift_aware__directional_poisoning__seed42,42,directional_poisoning,c4_drift_aware
4,0.4425806451612903,1.6978898013535366,42.52253658301197,5,1,1,0,False,c4_drift_aware__directional_poisoning__seed42,42,directional_poisoning,c4_drift_aware
5,0.46064516129032257,1.6561676402758527,42.86353684400092,4,2,1,1,False,c4_drift_aware__directional_poisoning__seed42,42,directional_poisoning,c4_drift_aware
6,0.46838709677419355,1.6306503312305738,42.60148795299756,4,2,1,1,False,c4_drift_aware__directional_poisoning__seed42,42,directional_poisoning,c4_drift_aware
7,0.4731182795698925,1.6000575896232359,42.668176780003705,5,1,1,1,False,c4_drift_aware__directional_poisoning__seed42,42,directional_poisoning,c4_drift_aware
8,0.47634408602150535,1.5699744177377353,42.4006976219971,5,1,1,1,False,c4_drift_aware__directional_poisoning__seed42,42,directional_poisoning,c4_drift_aware
9,0.4780645161290323,1.5574091462166078,41.775865514006,4,2,1,1,False,c4_drift_aware__directional_poisoning__seed42,42,directional_poisoning,c4_drift_aware
10,0.481505376344086,1.5372700648153983,41.597011713995016,4,2,1,1,False,c4_drift_aware__directional_poisoning__seed42,42,directional_poisoning,c4_drift_aware
11,0.48258064516129034,1.5220121199084866,41.44488576099684,4,2,1,1,False,c4_drift_aware__directional_poisoning__seed42,42,directional_poisoning,c4_drift_aware
0,0.2724731182795699,1.922766602218792,38.435936881011,6,0,1,0,False,fedavg__directional_poisoning__seed42,42,directional_poisoning,fedavg
1,0.35333333333333333,1.842770269250357,38.45165909299976,6,0,1,0,False,fedavg__directional_poisoning__seed42,42,directional_poisoning,fedavg
2,0.40021505376344085,1.7845334075599588,38.22636033600429,6,0,1,0,False,fedavg__directional_poisoning__seed42,42,directional_poisoning,fedavg
3,0.42795698924731185,1.7311897540348833,38.35011182099697,6,0,1,0,False,fedavg__directional_poisoning__seed42,42,directional_poisoning,fedavg
4,0.44387096774193546,1.696228962559854,38.61081223200017,6,0,1,0,False,fedavg__directional_poisoning__seed42,42,directional_poisoning,fedavg
5,0.4518279569892473,1.6731121891801075,38.4492933319998,6,0,1,1,False,fedavg__directional_poisoning__seed42,42,directional_poisoning,fedavg
6,0.46,1.6549550095424856,38.381815094006015,6,0,1,1,False,fedavg__directional_poisoning__seed42,42,directional_poisoning,fedavg
7,0.4666666666666667,1.6382823263188844,38.38151375000598,6,0,1,1,False,fedavg__directional_poisoning__seed42,42,directional_poisoning,fedavg
8,0.4720430107526882,1.6170812200730846,38.22156055699452,6,0,1,1,False,fedavg__directional_poisoning__seed42,42,directional_poisoning,fedavg
9,0.47698924731182796,1.586917703279885,38.547917742005666,6,0,1,1,False,fedavg__directional_poisoning__seed42,42,directional_poisoning,fedavg
10,0.47870967741935483,1.573873532202936,38.448607376994914,6,0,1,1,False,fedavg__directional_poisoning__seed42,42,directional_poisoning,fedavg
11,0.47956989247311826,1.560186757733745,38.36599369600299,6,0,1,1,False,fedavg__directional_poisoning__seed42,42,directional_poisoning,fedavg
0,0.27268817204301077,1.9193716479885963,38.47638078700402,4,2,1,0,False,norm__directional_poisoning__seed42,42,directional_poisoning,norm
1,0.36301075268817207,1.8419504177954888,38.40190788300242,5,1,1,0,False,norm__directional_poisoning__seed42,42,directional_poisoning,norm
2,0.412258064516129,1.7764332432900705,38.3063104289904,6,0,1,0,False,norm__directional_poisoning__seed42,42,directional_poisoning,norm
3,0.42989247311827955,1.7303759142147597,38.45321350899758,6,0,1,0,False,norm__directional_poisoning__seed42,42,directional_poisoning,norm
4,0.44451612903225807,1.6956019198509955,38.22310821400606,6,0,1,0,False,norm__directional_poisoning__seed42,42,directional_poisoning,norm
5,0.45376344086021503,1.6663673597766506,38.38426217199594,6,0,1,1,False,norm__directional_poisoning__seed42,42,directional_poisoning,norm
6,0.4610752688172043,1.6405731594947077,38.25230616200133,6,0,1,1,False,norm__directional_poisoning__seed42,42,directional_poisoning,norm
7,0.4647311827956989,1.6248980778519826,38.43043667101301,6,0,1,1,False,norm__directional_poisoning__seed42,42,directional_poisoning,norm
8,0.46946236559139787,1.6079673717867944,38.1384099900024,6,0,1,1,False,norm__directional_poisoning__seed42,42,directional_poisoning,norm
9,0.4703225806451613,1.5934132434475807,38.55758535100904,6,0,1,1,False,norm__directional_poisoning__seed42,42,directional_poisoning,norm
10,0.4750537634408602,1.5811703614265689,38.34715346900339,6,0,1,1,False,norm__directional_poisoning__seed42,42,directional_poisoning,norm
11,0.47634408602150535,1.5594502561835832,38.27982134898775,6,0,1,1,False,norm__directional_poisoning__seed42,42,directional_poisoning,norm
0,0.26903225806451614,1.9218397554787257,38.97495741100283,6,0,1,0,False,multi_krum__directional_poisoning__seed42,42,directional_poisoning,multi_krum
1,0.35333333333333333,1.8443027209210139,38.83691647200612,6,0,1,0,False,multi_krum__directional_poisoning__seed42,42,directional_poisoning,multi_krum
2,0.409247311827957,1.7774598578996557,38.51062872700277,6,0,1,0,False,multi_krum__directional_poisoning__seed42,42,directional_poisoning,multi_krum
3,0.4372043010752688,1.7216919749270203,38.2722903870017,6,0,1,0,False,multi_krum__directional_poisoning__seed42,42,directional_poisoning,multi_krum
4,0.4505376344086022,1.6841933761104462,37.75072223400639,6,0,1,0,False,multi_krum__directional_poisoning__seed42,42,directional_poisoning,multi_krum
5,0.46279569892473116,1.6338611381284651,37.92680973999086,6,0,1,1,False,multi_krum__directional_poisoning__seed42,42,directional_poisoning,multi_krum
6,0.4703225806451613,1.6105101505402595,38.754013312995085,6,0,1,1,False,multi_krum__directional_poisoning__seed42,42,directional_poisoning,multi_krum
7,0.47397849462365593,1.5828298072404758,38.354372323999996,6,0,1,1,False,multi_krum__directional_poisoning__seed42,42,directional_poisoning,multi_krum
8,0.47634408602150535,1.5672981606760332,38.68846821700572,6,0,1,1,False,multi_krum__directional_poisoning__seed42,42,directional_poisoning,multi_krum
9,0.4780645161290323,1.5462410563807334,38.58787973599101,6,0,1,1,False,multi_krum__directional_poisoning__seed42,42,directional_poisoning,multi_krum
10,0.47978494623655915,1.5302636554676998,38.50360257799912,6,0,1,1,False,multi_krum__directional_poisoning__seed42,42,directional_poisoning,multi_krum
11,0.478494623655914,1.522642375987063,38.37355761000072,6,0,1,1,False,multi_krum__directional_poisoning__seed42,42,directional_poisoning,multi_krum
0,0.2759139784946237,1.9196482520975093,43.111570893001044,6,0,1,0,False,c4_drift_aware__sparse_coordinate_attack__seed42,42,sparse_coordinate_attack,c4_drift_aware
1,0.3567741935483871,1.8400194557764198,41.77480591199128,6,0,1,0,False,c4_drift_aware__sparse_coordinate_attack__seed42,42,sparse_coordinate_attack,c4_drift_aware
2,0.40516129032258064,1.779823473858577,41.70338309300132,6,0,1,0,False,c4_drift_aware__sparse_coordinate_attack__seed42,42,sparse_coordinate_attack,c4_drift_aware
3,0.42946236559139783,1.7309170318931661,41.92204142200353,6,0,1,0,False,c4_drift_aware__sparse_coordinate_attack__seed42,42,sparse_coordinate_attack,c4_drift_aware
4,0.4505376344086022,1.6815379497569094,41.866578264991404,5,1,1,0,False,c4_drift_aware__sparse_coordinate_attack__seed42,42,sparse_coordinate_attack,c4_drift_aware
5,0.461505376344086,1.645825897544943,42.441068197003915,3,3,1,1,False,c4_drift_aware__sparse_coordinate_attack__seed42,42,sparse_coordinate_attack,c4_drift_aware
6,0.4681720430107527,1.6205191630701865,42.3704520730098,3,3,1,1,False,c4_drift_aware__sparse_coordinate_attack__seed42,42,sparse_coordinate_attack,c4_drift_aware
7,0.470752688172043,1.603576154811408,42.32571204499982,3,3,1,1,False,c4_drift_aware__sparse_coordinate_attack__seed42,42,sparse_coordinate_attack,c4_drift_aware
8,0.4746236559139785,1.5757675006825438,42.31451781600481,3,3,1,1,False,c4_drift_aware__sparse_coordinate_attack__seed42,42,sparse_coordinate_attack,c4_drift_aware
9,0.4754838709677419,1.5665691408547022,42.245974887991906,3,3,1,1,False,c4_drift_aware__sparse_coordinate_attack__seed42,42,sparse_coordinate_attack,c4_drift_aware
10,0.4780645161290323,1.5537294252457157,42.32760852300271,3,3,1,1,False,c4_drift_aware__sparse_coordinate_attack__seed42,42,sparse_coordinate_attack,c4_drift_aware
11,0.47913978494623655,1.5470193809591313,42.346843320003245,3,3,1,1,False,c4_drift_aware__sparse_coordinate_attack__seed42,42,sparse_coordinate_attack,c4_drift_aware
0,0.2763440860215054,1.9208511385353662,37.33805922699685,6,0,1,0,False,fedavg__sparse_coordinate_attack__seed42,42,sparse_coordinate_attack,fedavg
1,0.3520430107526882,1.8473839446037046,37.35870411799988,6,0,1,0,False,fedavg__sparse_coordinate_attack__seed42,42,sparse_coordinate_attack,fedavg
2,0.398494623655914,1.785817126202327,37.52945400500903,6,0,1,0,False,fedavg__sparse_coordinate_attack__seed42,42,sparse_coordinate_attack,fedavg
3,0.42301075268817206,1.7417644853489374,37.288739203009754,6,0,1,0,False,fedavg__sparse_coordinate_attack__seed42,42,sparse_coordinate_attack,fedavg
4,0.43806451612903224,1.7025747647849463,37.3776856129989,6,0,1,0,False,fedavg__sparse_coordinate_attack__seed42,42,sparse_coordinate_attack,fedavg
5,0.29870967741935484,1.8259862624957997,38.09706076099246,6,0,1,1,False,fedavg__sparse_coordinate_attack__seed42,42,sparse_coordinate_attack,fedavg
6,0.2496774193548387,2.128397900981288,37.91647178999847,6,0,1,1,False,fedavg__sparse_coordinate_attack__seed42,42,sparse_coordinate_attack,fedavg
7,0.18559139784946235,2.806521990376134,38.28694356200867,6,0,1,1,False,fedavg__sparse_coordinate_attack__seed42,42,sparse_coordinate_attack,fedavg
8,0.48258064516129034,2.467554956251575,38.18660603299213,6,0,1,1,False,fedavg__sparse_coordinate_attack__seed42,42,sparse_coordinate_attack,fedavg
9,0.47720430107526884,2.271570526451193,37.89054671100166,6,0,1,1,False,fedavg__sparse_coordinate_attack__seed42,42,sparse_coordinate_attack,fedavg
10,0.25849462365591397,4.044324796943254,37.97483737100265,6,0,1,1,False,fedavg__sparse_coordinate_attack__seed42,42,sparse_coordinate_attack,fedavg
11,0.1821505376344086,5.907696749779486,37.91749399500259,6,0,1,1,False,fedavg__sparse_coordinate_attack__seed42,42,sparse_coordinate_attack,fedavg
0,0.26129032258064516,1.9231627531974547,37.15808282700891,4,2,1,0,False,norm__sparse_coordinate_attack__seed42,42,sparse_coordinate_attack,norm
1,0.3604301075268817,1.8407933667910996,37.31350893499621,5,1,1,0,False,norm__sparse_coordinate_attack__seed42,42,sparse_coordinate_attack,norm
2,0.4068817204301075,1.7813549673429099,37.33637733399519,6,0,1,0,False,norm__sparse_coordinate_attack__seed42,42,sparse_coordinate_attack,norm
3,0.4318279569892473,1.72864260109522,37.39228801400168,6,0,1,0,False,norm__sparse_coordinate_attack__seed42,42,sparse_coordinate_attack,norm
4,0.44516129032258067,1.6902647514753444,37.40976682999462,6,0,1,0,False,norm__sparse_coordinate_attack__seed42,42,sparse_coordinate_attack,norm
5,0.4567741935483871,1.6474955979213919,38.056516071999795,5,1,1,1,False,norm__sparse_coordinate_attack__seed42,42,sparse_coordinate_attack,norm
6,0.4647311827956989,1.6160863158523395,38.02924169700418,5,1,1,1,False,norm__sparse_coordinate_attack__seed42,42,sparse_coordinate_attack,norm
7,0.47053763440860213,1.57978391831921,38.42325747500581,5,1,1,1,False,norm__sparse_coordinate_attack__seed42,42,sparse_coordinate_attack,norm
8,0.47440860215053765,1.5587884915259576,38.00920588200097,5,1,1,1,False,norm__sparse_coordinate_attack__seed42,42,sparse_coordinate_attack,norm
9,0.4761290322580645,1.5406412350234164,38.01401953000459,5,1,1,1,False,norm__sparse_coordinate_attack__seed42,42,sparse_coordinate_attack,norm
10,0.478494623655914,1.517130872664913,37.997493221992045,5,1,1,1,False,norm__sparse_coordinate_attack__seed42,42,sparse_coordinate_attack,norm
11,0.478494623655914,1.5051165131599673,37.99337999599811,5,1,1,1,False,norm__sparse_coordinate_attack__seed42,42,sparse_coordinate_attack,norm
0,0.2756989247311828,1.9203789380801621,37.778876529002446,6,0,1,0,False,multi_krum__sparse_coordinate_attack__seed42,42,sparse_coordinate_attack,multi_krum
1,0.3610752688172043,1.841043223719443,37.70170111600601,6,0,1,0,False,multi_krum__sparse_coordinate_attack__seed42,42,sparse_coordinate_attack,multi_krum
2,0.40580645161290324,1.780256862845472,37.812703164003324,6,0,1,0,False,multi_krum__sparse_coordinate_attack__seed42,42,sparse_coordinate_attack,multi_krum
3,0.430752688172043,1.7288172600858955,37.67342062400712,6,0,1,0,False,multi_krum__sparse_coordinate_attack__seed42,42,sparse_coordinate_attack,multi_krum
4,0.4453763440860215,1.6907790038406207,37.75606275199971,6,0,1,0,False,multi_krum__sparse_coordinate_attack__seed42,42,sparse_coordinate_attack,multi_krum
5,0.46,1.6465548295872185,38.394307737995405,6,0,1,1,False,multi_krum__sparse_coordinate_attack__seed42,42,sparse_coordinate_attack,multi_krum
6,0.4645161290322581,1.618788786857359,38.260351755990996,6,0,1,1,False,multi_krum__sparse_coordinate_attack__seed42,42,sparse_coordinate_attack,multi_krum
7,0.46860215053763443,1.592867933704007,38.318743712996366,6,0,1,1,False,multi_krum__sparse_coordinate_attack__seed42,42,sparse_coordinate_attack,multi_krum
8,0.4718279569892473,1.5676594732140983,38.28037717299594,6,0,1,1,False,multi_krum__sparse_coordinate_attack__seed42,42,sparse_coordinate_attack,multi_krum
9,0.4750537634408602,1.5542571955855176,38.28277856000932,6,0,1,1,False,multi_krum__sparse_coordinate_attack__seed42,42,sparse_coordinate_attack,multi_krum
10,0.4761290322580645,1.536039059546686,38.483494322004844,6,0,1,1,False,multi_krum__sparse_coordinate_attack__seed42,42,sparse_coordinate_attack,multi_krum
11,0.47591397849462364,1.530878382857128,38.36801819600805,6,0,1,1,False,multi_krum__sparse_coordinate_attack__seed42,42,sparse_coordinate_attack,multi_krum
0,0.28193548387096773,1.9168099696661836,41.30292407600791,6,0,1,0,False,cosine__directional_poisoning__seed42,42,directional_poisoning,cosine
1,0.36236559139784946,1.8378622042748236,41.28101110699936,6,0,1,0,False,cosine__directional_poisoning__seed42,42,directional_poisoning,cosine
2,0.4019354838709677,1.7890836194766464,41.57025412199437,6,0,1,0,False,cosine__directional_poisoning__seed42,42,directional_poisoning,cosine
3,0.42731182795698924,1.748479228686261,41.5130591809866,6,0,1,0,False,cosine__directional_poisoning__seed42,42,directional_poisoning,cosine
4,0.44,1.711113036781229,41.60190915799467,6,0,1,0,False,cosine__directional_poisoning__seed42,42,directional_poisoning,cosine
5,0.45010752688172045,1.6815516662597656,41.448805773005006,6,0,1,1,False,cosine__directional_poisoning__seed42,42,directional_poisoning,cosine
6,0.4567741935483871,1.6653752661264072,41.52319101699686,6,0,1,1,False,cosine__directional_poisoning__seed42,42,directional_poisoning,cosine
7,0.46344086021505376,1.6443249987530453,41.46177392700338,6,0,1,1,False,cosine__directional_poisoning__seed42,42,directional_poisoning,cosine
8,0.4696774193548387,1.6206229589318717,41.463156195997726,6,0,1,1,False,cosine__directional_poisoning__seed42,42,directional_poisoning,cosine
9,0.47139784946236557,1.6071241546959005,41.488632590000634,6,0,1,1,False,cosine__directional_poisoning__seed42,42,directional_poisoning,cosine
10,0.4752688172043011,1.580997813235047,41.572861417007516,6,0,1,1,False,cosine__directional_poisoning__seed42,42,directional_poisoning,cosine
11,0.4774193548387097,1.568647242720409,41.664145553993876,6,0,1,1,False,cosine__directional_poisoning__seed42,42,directional_poisoning,cosine
0,0.3025806451612903,1.9724336603636383,41.68692928699602,6,0,1,0,False,c4_drift_aware__no_attack__seed43,43,no_attack,c4_drift_aware
1,0.3849462365591398,1.8930363037765667,41.642648441003985,6,0,1,0,False,c4_drift_aware__no_attack__seed43,43,no_attack,c4_drift_aware
2,0.41161290322580646,1.8322037629158265,41.636693837004714,5,1,1,0,False,c4_drift_aware__no_attack__seed43,43,no_attack,c4_drift_aware
3,0.4266666666666667,1.7894279201056367,41.75481908299844,6,0,1,0,False,c4_drift_aware__no_attack__seed43,43,no_attack,c4_drift_aware
4,0.4397849462365591,1.7492781411447833,41.92420851999486,6,0,1,0,False,c4_drift_aware__no_attack__seed43,43,no_attack,c4_drift_aware
5,0.4458064516129032,1.7095103241294942,41.911000824999064,5,1,1,1,False,c4_drift_aware__no_attack__seed43,43,no_attack,c4_drift_aware
6,0.44903225806451613,1.684605727657195,41.898070566996466,6,0,1,1,False,c4_drift_aware__no_attack__seed43,43,no_attack,c4_drift_aware
7,0.4587096774193548,1.6375521391181536,41.900275858002715,6,0,1,1,False,c4_drift_aware__no_attack__seed43,43,no_attack,c4_drift_aware
8,0.46,1.6204906603085096,42.03874816998723,5,1,1,1,False,c4_drift_aware__no_attack__seed43,43,no_attack,c4_drift_aware
9,0.461505376344086,1.6133264365247502,41.68543245000183,4,2,1,1,False,c4_drift_aware__no_attack__seed43,43,no_attack,c4_drift_aware
10,0.4610752688172043,1.5935473107778897,41.66789906998747,5,1,1,1,False,c4_drift_aware__no_attack__seed43,43,no_attack,c4_drift_aware
11,0.46236559139784944,1.6033272068474882,41.73951598998974,3,3,1,1,False,c4_drift_aware__no_attack__seed43,43,no_attack,c4_drift_aware
0,0.31290322580645163,1.968061787595031,37.12386416099616,6,0,1,0,False,fedavg__no_attack__seed43,43,no_attack,fedavg
1,0.38881720430107525,1.887997810609879,37.34871548500087,6,0,1,0,False,fedavg__no_attack__seed43,43,no_attack,fedavg
2,0.41655913978494624,1.8232361315655452,37.38007948399172,6,0,1,0,False,fedavg__no_attack__seed43,43,no_attack,fedavg
3,0.43053763440860215,1.7824151102701824,37.372854847999406,6,0,1,0,False,fedavg__no_attack__seed43,43,no_attack,fedavg
4,0.4421505376344086,1.7468830970025833,37.58643947499513,6,0,1,0,False,fedavg__no_attack__seed43,43,no_attack,fedavg
5,0.4460215053763441,1.7132360199959047,37.437127648998285,6,0,1,1,False,fedavg__no_attack__seed43,43,no_attack,fedavg
6,0.44924731182795696,1.6927178807412424,37.54534244599927,6,0,1,1,False,fedavg__no_attack__seed43,43,no_attack,fedavg
7,0.45225806451612904,1.676701883295531,37.28486220800551,6,0,1,1,False,fedavg__no_attack__seed43,43,no_attack,fedavg
8,0.4546236559139785,1.654516613867975,37.37095968199719,6,0,1,1,False,fedavg__no_attack__seed43,43,no_attack,fedavg
9,0.46043010752688174,1.6269734273931031,37.4322510780039,6,0,1,1,False,fedavg__no_attack__seed43,43,no_attack,fedavg
10,0.4638709677419355,1.6111348814605384,37.34188547199301,6,0,1,1,False,fedavg__no_attack__seed43,43,no_attack,fedavg
11,0.4679569892473118,1.5827196240168746,37.490259999001864,6,0,1,1,False,fedavg__no_attack__seed43,43,no_attack,fedavg
0,0.29354838709677417,1.9754781956826486,37.09521986100299,4,2,1,0,False,norm__no_attack__seed43,43,no_attack,norm
1,0.3858064516129032,1.8927190522224673,37.482289537001634,5,1,1,0,False,norm__no_attack__seed43,43,no_attack,norm
2,0.4161290322580645,1.8268235647550193,37.359514830997796,6,0,1,0,False,norm__no_attack__seed43,43,no_attack,norm
3,0.4346236559139785,1.7720449861916163,37.609596887996304,6,0,1,0,False,norm__no_attack__seed43,43,no_attack,norm
4,0.4449462365591398,1.7366470107211862,37.705335390986875,6,0,1,0,False,norm__no_attack__seed43,43,no_attack,norm
5,0.44967741935483874,1.6925397237141928,37.69882744399365,6,0,1,1,False,norm__no_attack__seed43,43,no_attack,norm
6,0.45698924731182794,1.651865035846669,37.77926557700266,6,0,1,1,False,norm__no_attack__seed43,43,no_attack,norm
7,0.46021505376344085,1.627316387545678,37.62125614800607,6,0,1,1,False,norm__no_attack__seed43,43,no_attack,norm
8,0.4664516129032258,1.5937500689106603,37.457558786001755,6,0,1,1,False,norm__no_attack__seed43,43,no_attack,norm
9,0.47139784946236557,1.5781015309979838,37.76767298599589,6,0,1,1,False,norm__no_attack__seed43,43,no_attack,norm
10,0.47419354838709676,1.5643709670856434,37.54481203701289,6,0,1,1,False,norm__no_attack__seed43,43,no_attack,norm
11,0.47935483870967743,1.5474204213132141,37.48274882300757,6,0,1,1,False,norm__no_attack__seed43,43,no_attack,norm
0,0.2989247311827957,1.9746209897277176,37.65290351898875,6,0,1,0,False,multi_krum__no_attack__seed43,43,no_attack,multi_krum
1,0.3832258064516129,1.8926161521993659,37.89776567798981,6,0,1,0,False,multi_krum__no_attack__seed43,43,no_attack,multi_krum
2,0.4174193548387097,1.8237872855894026,37.81325504100823,6,0,1,0,False,multi_krum__no_attack__seed43,43,no_attack,multi_krum
3,0.43483870967741933,1.7687937960060693,37.710913871007506,6,0,1,0,False,multi_krum__no_attack__seed43,43,no_attack,multi_krum
4,0.4481720430107527,1.7119557600123907,37.97225449900725,6,0,1,0,False,multi_krum__no_attack__seed43,43,no_attack,multi_krum
5,0.45698924731182794,1.6636288616221437,37.995045691990526,6,0,1,1,False,multi_krum__no_attack__seed43,43,no_attack,multi_krum
6,0.4619354838709677,1.6330055794664609,38.07587258401327,6,0,1,1,False,multi_krum__no_attack__seed43,43,no_attack,multi_krum
7,0.46623655913978496,1.6040716536327075,37.88833248699666,6,0,1,1,False,multi_krum__no_attack__seed43,43,no_attack,multi_krum
8,0.4670967741935484,1.5787369266633065,37.91921655200713,6,0,1,1,False,multi_krum__no_attack__seed43,43,no_attack,multi_krum
9,0.4701075268817204,1.5637427348475303,38.14193530399643,6,0,1,1,False,multi_krum__no_attack__seed43,43,no_attack,multi_krum
10,0.4718279569892473,1.5442299004011257,37.92723308800487,6,0,1,1,False,multi_krum__no_attack__seed43,43,no_attack,multi_krum
11,0.4746236559139785,1.5272078745852236,38.04160248801054,6,0,1,1,False,multi_krum__no_attack__seed43,43,no_attack,multi_krum
0,0.3172043010752688,1.9672025028351814,41.85803639999358,6,0,1,0,False,c4_drift_aware__large_norm__seed43,43,large_norm,c4_drift_aware
1,0.3864516129032258,1.8916849493211316,42.03024369999184,6,0,1,0,False,c4_drift_aware__large_norm__seed43,43,large_norm,c4_drift_aware
2,0.4182795698924731,1.8254385736937164,41.84718423199956,5,1,1,0,False,c4_drift_aware__large_norm__seed43,43,large_norm,c4_drift_aware
3,0.4378494623655914,1.7720176335816742,41.81307349799317,5,1,1,0,False,c4_drift_aware__large_norm__seed43,43,large_norm,c4_drift_aware
4,0.4486021505376344,1.7206490809943087,42.02687477400468,5,1,1,0,False,c4_drift_aware__large_norm__seed43,43,large_norm,c4_drift_aware
5,0.45548387096774196,1.6722404168241767,42.189627336993,5,1,1,1,False,c4_drift_aware__large_norm__seed43,43,large_norm,c4_drift_aware
6,0.46301075268817204,1.637422572310253,42.1335625089996,5,1,1,1,False,c4_drift_aware__large_norm__seed43,43,large_norm,c4_drift_aware
7,0.4664516129032258,1.618783735049668,42.08970640900952,5,1,1,1,False,c4_drift_aware__large_norm__seed43,43,large_norm,c4_drift_aware
8,0.46838709677419355,1.5936769202447707,42.18970866499876,5,1,1,1,False,c4_drift_aware__large_norm__seed43,43,large_norm,c4_drift_aware
9,0.4696774193548387,1.577902590843939,42.09752921000472,5,1,1,1,False,c4_drift_aware__large_norm__seed43,43,large_norm,c4_drift_aware
10,0.472258064516129,1.5642631251837618,42.28290581700276,5,1,1,1,False,c4_drift_aware__large_norm__seed43,43,large_norm,c4_drift_aware
11,0.4720430107526882,1.554369378858997,42.19638561901229,5,1,1,1,False,c4_drift_aware__large_norm__seed43,43,large_norm,c4_drift_aware
0,0.309247311827957,1.9691222143685947,37.435121706992504,6,0,1,0,False,fedavg__large_norm__seed43,43,large_norm,fedavg
1,0.3843010752688172,1.8906144829206568,37.635211523011094,6,0,1,0,False,fedavg__large_norm__seed43,43,large_norm,fedavg
2,0.4126881720430107,1.8316605910434518,37.78358904000197,6,0,1,0,False,fedavg__large_norm__seed43,43,large_norm,fedavg
3,0.42774193548387096,1.7783738363942792,37.48912061100418,6,0,1,0,False,fedavg__large_norm__seed43,43,large_norm,fedavg
4,0.4374193548387097,1.7449896026939473,37.55413941599545,6,0,1,0,False,fedavg__large_norm__seed43,43,large_norm,fedavg
5,0.18344086021505376,nan,37.645881101998384,6,0,1,1,False,fedavg__large_norm__seed43,43,large_norm,fedavg
6,0.18344086021505376,nan,37.645881101998384,6,0,1,1,True,fedavg__large_norm__seed43,43,large_norm,fedavg
7,0.18344086021505376,nan,37.645881101998384,6,0,1,1,True,fedavg__large_norm__seed43,43,large_norm,fedavg
8,0.18344086021505376,nan,37.645881101998384,6,0,1,1,True,fedavg__large_norm__seed43,43,large_norm,fedavg
9,0.18344086021505376,nan,37.645881101998384,6,0,1,1,True,fedavg__large_norm__seed43,43,large_norm,fedavg
10,0.18344086021505376,nan,37.645881101998384,6,0,1,1,True,fedavg__large_norm__seed43,43,large_norm,fedavg
11,0.18344086021505376,nan,37.645881101998384,6,0,1,1,True,fedavg__large_norm__seed43,43,large_norm,fedavg
0,0.2913978494623656,1.9775065005722867,37.54921889200341,4,2,1,0,False,norm__large_norm__seed43,43,large_norm,norm
1,0.3763440860215054,1.9003011510705434,37.60635559599905,5,1,1,0,False,norm__large_norm__seed43,43,large_norm,norm
2,0.40860215053763443,1.831364975795951,37.44065120999585,6,0,1,0,False,norm__large_norm__seed43,43,large_norm,norm
3,0.4288172043010753,1.7824322345692625,37.602630516004865,6,0,1,0,False,norm__large_norm__seed43,43,large_norm,norm
4,0.4417204301075269,1.7417239691621513,37.60863538499689,6,0,1,0,False,norm__large_norm__seed43,43,large_norm,norm
5,0.4513978494623656,1.6974907512049522,37.63145129100303,5,1,1,1,False,norm__large_norm__seed43,43,large_norm,norm
6,0.4559139784946237,1.6652550252278646,37.78579383100441,5,1,1,1,False,norm__large_norm__seed43,43,large_norm,norm
7,0.46021505376344085,1.639752673897692,37.68234397500055,5,1,1,1,False,norm__large_norm__seed43,43,large_norm,norm
8,0.46559139784946235,1.6105777830718666,37.87758227500308,5,1,1,1,False,norm__large_norm__seed43,43,large_norm,norm
9,0.4670967741935484,1.5909522518034904,37.6358481089992,5,1,1,1,False,norm__large_norm__seed43,43,large_norm,norm
10,0.4670967741935484,1.5814877155262936,37.64419035399624,5,1,1,1,False,norm__large_norm__seed43,43,large_norm,norm
11,0.46838709677419355,1.563205797749181,37.771080378995975,5,1,1,1,False,norm__large_norm__seed43,43,large_norm,norm
0,0.29698924731182796,1.9738681407641339,37.94952181199915,6,0,1,0,False,multi_krum__large_norm__seed43,43,large_norm,multi_krum
1,0.38,1.8973471824071741,38.01086949100136,6,0,1,0,False,multi_krum__large_norm__seed43,43,large_norm,multi_krum
2,0.4073118279569892,1.8364486743557837,38.00476050299767,6,0,1,0,False,multi_krum__large_norm__seed43,43,large_norm,multi_krum
3,0.4268817204301075,1.786133778889974,37.931137000006856,6,0,1,0,False,multi_krum__large_norm__seed43,43,large_norm,multi_krum
4,0.4335483870967742,1.751781745828608,37.864747980987886,6,0,1,0,False,multi_krum__large_norm__seed43,43,large_norm,multi_krum
5,0.4453763440860215,1.708240280971732,37.99681343199336,6,0,1,1,False,multi_krum__large_norm__seed43,43,large_norm,multi_krum
6,0.4513978494623656,1.6825889357700143,38.083613053007866,6,0,1,1,False,multi_krum__large_norm__seed43,43,large_norm,multi_krum
7,0.45548387096774196,1.6548558183895645,37.95430232999206,6,0,1,1,False,multi_krum__large_norm__seed43,43,large_norm,multi_krum
8,0.4595698924731183,1.6231800144974904,38.073688263000804,6,0,1,1,False,multi_krum__large_norm__seed43,43,large_norm,multi_krum
9,0.46623655913978496,1.591204591976699,37.92585109900392,6,0,1,1,False,multi_krum__large_norm__seed43,43,large_norm,multi_krum
10,0.4679569892473118,1.5763446832472279,37.98676183099451,6,0,1,1,False,multi_krum__large_norm__seed43,43,large_norm,multi_krum
11,0.47161290322580646,1.552044392247354,38.08416246500565,6,0,1,1,False,multi_krum__large_norm__seed43,43,large_norm,multi_krum
0,0.3144086021505376,1.9679606086977066,41.869040664998465,6,0,1,0,False,c4_drift_aware__directional_poisoning__seed43,43,directional_poisoning,c4_drift_aware
1,0.3875268817204301,1.8901437689668388,41.9904210120003,6,0,1,0,False,c4_drift_aware__directional_poisoning__seed43,43,directional_poisoning,c4_drift_aware
2,0.41763440860215056,1.8242605689264113,42.06060332900961,6,0,1,0,False,c4_drift_aware__directional_poisoning__seed43,43,directional_poisoning,c4_drift_aware
3,0.4339784946236559,1.7786885743500085,41.756091862000176,5,1,1,0,False,c4_drift_aware__directional_poisoning__seed43,43,directional_poisoning,c4_drift_aware
4,0.44666666666666666,1.7332406041955435,42.090922172996216,5,1,1,0,False,c4_drift_aware__directional_poisoning__seed43,43,directional_poisoning,c4_drift_aware
5,0.44946236559139785,1.7037860894972279,41.969325320998905,4,2,1,1,False,c4_drift_aware__directional_poisoning__seed43,43,directional_poisoning,c4_drift_aware
6,0.45741935483870966,1.6582644259545112,41.81291122701077,4,2,1,1,False,c4_drift_aware__directional_poisoning__seed43,43,directional_poisoning,c4_drift_aware
7,0.4632258064516129,1.6322881850375923,42.4303619810089,4,2,1,1,False,c4_drift_aware__directional_poisoning__seed43,43,directional_poisoning,c4_drift_aware
8,0.4645161290322581,1.616436998100691,41.784655859999475,4,2,1,1,False,c4_drift_aware__directional_poisoning__seed43,43,directional_poisoning,c4_drift_aware
9,0.4696774193548387,1.5889486743557837,42.08514307301084,4,2,1,1,False,c4_drift_aware__directional_poisoning__seed43,43,directional_poisoning,c4_drift_aware
10,0.4720430107526882,1.5684146626790365,42.185266529995715,5,1,1,1,False,c4_drift_aware__directional_poisoning__seed43,43,directional_poisoning,c4_drift_aware
11,0.47397849462365593,1.5492869157688591,42.31554454599973,4,2,1,1,False,c4_drift_aware__directional_poisoning__seed43,43,directional_poisoning,c4_drift_aware
0,0.3150537634408602,1.9674934616909232,37.618322241993155,6,0,1,0,False,fedavg__directional_poisoning__seed43,43,directional_poisoning,fedavg
1,0.3827956989247312,1.8927362158990675,37.73388602900377,6,0,1,0,False,fedavg__directional_poisoning__seed43,43,directional_poisoning,fedavg
2,0.4129032258064516,1.8339132952946489,37.921773787995335,6,0,1,0,False,fedavg__directional_poisoning__seed43,43,directional_poisoning,fedavg
3,0.4335483870967742,1.7801053988549018,37.86863841500599,6,0,1,0,False,fedavg__directional_poisoning__seed43,43,directional_poisoning,fedavg
4,0.443010752688172,1.7414515571184055,37.754028812007164,6,0,1,0,False,fedavg__directional_poisoning__seed43,43,directional_poisoning,fedavg
5,0.44731182795698926,1.7033672078450521,38.12725813500583,6,0,1,1,False,fedavg__directional_poisoning__seed43,43,directional_poisoning,fedavg
6,0.45268817204301076,1.6780368074806788,37.88523824799631,6,0,1,1,False,fedavg__directional_poisoning__seed43,43,directional_poisoning,fedavg
7,0.4595698924731183,1.6524862162272136,37.91913877699699,6,0,1,1,False,fedavg__directional_poisoning__seed43,43,directional_poisoning,fedavg
8,0.4645161290322581,1.6262369742444767,37.88481247899472,6,0,1,1,False,fedavg__directional_poisoning__seed43,43,directional_poisoning,fedavg
9,0.4670967741935484,1.6088445798812374,37.880041971002356,6,0,1,1,False,fedavg__directional_poisoning__seed43,43,directional_poisoning,fedavg
10,0.46774193548387094,1.5900548299153645,37.75487249699654,6,0,1,1,False,fedavg__directional_poisoning__seed43,43,directional_poisoning,fedavg
11,0.46838709677419355,1.575450636340726,37.82694951399753,6,0,1,1,False,fedavg__directional_poisoning__seed43,43,directional_poisoning,fedavg
0,0.29634408602150536,1.9736294030630461,37.67808714599232,4,2,1,0,False,norm__directional_poisoning__seed43,43,directional_poisoning,norm
1,0.38193548387096776,1.895231728502499,37.69093714898918,5,1,1,0,False,norm__directional_poisoning__seed43,43,directional_poisoning,norm
2,0.4131182795698925,1.8300475877331148,37.89922791501158,6,0,1,0,False,norm__directional_poisoning__seed43,43,directional_poisoning,norm
3,0.42774193548387096,1.779391107046476,37.853102890003356,6,0,1,0,False,norm__directional_poisoning__seed43,43,directional_poisoning,norm
4,0.44,1.7475682215536794,37.83034959899669,6,0,1,0,False,norm__directional_poisoning__seed43,43,directional_poisoning,norm
5,0.4455913978494624,1.7102729075442078,38.04532027798996,6,0,1,1,False,norm__directional_poisoning__seed43,43,directional_poisoning,norm
6,0.45548387096774196,1.6713825061757077,37.97982926599798,6,0,1,1,False,norm__directional_poisoning__seed43,43,directional_poisoning,norm
7,0.46021505376344085,1.65094969226468,38.00424014800228,6,0,1,1,False,norm__directional_poisoning__seed43,43,directional_poisoning,norm
8,0.46301075268817204,1.6327485984884282,37.8516202489991,6,0,1,1,False,norm__directional_poisoning__seed43,43,directional_poisoning,norm
9,0.4664516129032258,1.6152366047520792,38.12010887399083,6,0,1,1,False,norm__directional_poisoning__seed43,43,directional_poisoning,norm
10,0.469247311827957,1.6018323139477801,37.857241784993676,6,0,1,1,False,norm__directional_poisoning__seed43,43,directional_poisoning,norm
11,0.470752688172043,1.5843737251527847,37.91522290201101,6,0,1,1,False,norm__directional_poisoning__seed43,43,directional_poisoning,norm
0,0.3002150537634409,1.9739846588462913,38.04202074899513,6,0,1,0,False,multi_krum__directional_poisoning__seed43,43,directional_poisoning,multi_krum
1,0.3767741935483871,1.900799760715936,38.08013129000028,6,0,1,0,False,multi_krum__directional_poisoning__seed43,43,directional_poisoning,multi_krum
2,0.4126881720430107,1.8331283356041037,38.21388261899119,6,0,1,0,False,multi_krum__directional_poisoning__seed43,43,directional_poisoning,multi_krum
3,0.4286021505376344,1.781937766126407,38.04407208500197,6,0,1,0,False,multi_krum__directional_poisoning__seed43,43,directional_poisoning,multi_krum
4,0.43849462365591396,1.7398953903362315,38.064359690004494,6,0,1,0,False,multi_krum__directional_poisoning__seed43,43,directional_poisoning,multi_krum
5,0.44688172043010754,1.6975860874627227,38.33731649299443,6,0,1,1,False,multi_krum__directional_poisoning__seed43,43,directional_poisoning,multi_krum
6,0.4533333333333333,1.6681093055971208,38.1847116699937,6,0,1,1,False,multi_krum__directional_poisoning__seed43,43,directional_poisoning,multi_krum
7,0.4565591397849462,1.646441412484774,38.31120793199807,6,0,1,1,False,multi_krum__directional_poisoning__seed43,43,directional_poisoning,multi_krum
8,0.4610752688172043,1.6213323908980175,38.17226221099554,6,0,1,1,False,multi_krum__directional_poisoning__seed43,43,directional_poisoning,multi_krum
9,0.46365591397849465,1.5983787585842995,38.32225465000374,6,0,1,1,False,multi_krum__directional_poisoning__seed43,43,directional_poisoning,multi_krum
10,0.4675268817204301,1.581815710580477,38.20846216700738,6,0,1,1,False,multi_krum__directional_poisoning__seed43,43,directional_poisoning,multi_krum
11,0.4703225806451613,1.5666295451502645,38.22495810300461,6,0,1,1,False,multi_krum__directional_poisoning__seed43,43,directional_poisoning,multi_krum
0,0.3144086021505376,1.9681298401535199,42.140894394004135,6,0,1,0,False,c4_drift_aware__sparse_coordinate_attack__seed43,43,sparse_coordinate_attack,c4_drift_aware
1,0.387741935483871,1.8912346444078671,41.755040136995376,6,0,1,0,False,c4_drift_aware__sparse_coordinate_attack__seed43,43,sparse_coordinate_attack,c4_drift_aware
2,0.4120430107526882,1.8321047793152512,42.04340969999612,6,0,1,0,False,c4_drift_aware__sparse_coordinate_attack__seed43,43,sparse_coordinate_attack,c4_drift_aware
3,0.429247311827957,1.7831566989037297,41.82009405600547,5,1,1,0,False,c4_drift_aware__sparse_coordinate_attack__seed43,43,sparse_coordinate_attack,c4_drift_aware
4,0.44387096774193546,1.7353196338940693,41.65598404499178,5,1,1,0,False,c4_drift_aware__sparse_coordinate_attack__seed43,43,sparse_coordinate_attack,c4_drift_aware
5,0.4449462365591398,1.7091262817382813,42.23489034600789,3,3,1,1,False,c4_drift_aware__sparse_coordinate_attack__seed43,43,sparse_coordinate_attack,c4_drift_aware
6,0.450752688172043,1.6763596319383192,42.665339083003346,3,3,1,1,False,c4_drift_aware__sparse_coordinate_attack__seed43,43,sparse_coordinate_attack,c4_drift_aware
7,0.45548387096774196,1.6438526407877605,42.730463546002284,3,3,1,1,False,c4_drift_aware__sparse_coordinate_attack__seed43,43,sparse_coordinate_attack,c4_drift_aware
8,0.46408602150537637,1.6099243525023101,42.927197436991264,3,3,1,1,False,c4_drift_aware__sparse_coordinate_attack__seed43,43,sparse_coordinate_attack,c4_drift_aware
9,0.4617204301075269,1.6186074607603012,42.33641915699991,3,3,1,1,False,c4_drift_aware__sparse_coordinate_attack__seed43,43,sparse_coordinate_attack,c4_drift_aware
10,0.469247311827957,1.5773737244964927,42.436726561005344,3,3,1,1,False,c4_drift_aware__sparse_coordinate_attack__seed43,43,sparse_coordinate_attack,c4_drift_aware
11,0.4701075268817204,1.577110613751155,42.88898867700482,3,3,1,1,False,c4_drift_aware__sparse_coordinate_attack__seed43,43,sparse_coordinate_attack,c4_drift_aware
0,0.3043010752688172,1.971890419580603,37.58506935701007,6,0,1,0,False,fedavg__sparse_coordinate_attack__seed43,43,sparse_coordinate_attack,fedavg
1,0.3821505376344086,1.8934176012264785,37.90634403198783,6,0,1,0,False,fedavg__sparse_coordinate_attack__seed43,43,sparse_coordinate_attack,fedavg
2,0.41161290322580646,1.8316390515399235,37.88094435899984,6,0,1,0,False,fedavg__sparse_coordinate_attack__seed43,43,sparse_coordinate_attack,fedavg
3,0.42989247311827955,1.781375497797484,37.99442492899834,6,0,1,0,False,fedavg__sparse_coordinate_attack__seed43,43,sparse_coordinate_attack,fedavg
4,0.4417204301075269,1.7464434830860425,37.80149743700167,6,0,1,0,False,fedavg__sparse_coordinate_attack__seed43,43,sparse_coordinate_attack,fedavg
5,0.30666666666666664,1.8792113699964297,38.53458910000336,6,0,1,1,False,fedavg__sparse_coordinate_attack__seed43,43,sparse_coordinate_attack,fedavg
6,0.24279569892473118,2.2994388243972614,38.40216153000074,6,0,1,1,False,fedavg__sparse_coordinate_attack__seed43,43,sparse_coordinate_attack,fedavg
7,0.1286021505376344,2.8832940772271924,38.43045733599865,6,0,1,1,False,fedavg__sparse_coordinate_attack__seed43,43,sparse_coordinate_attack,fedavg
8,0.3632258064516129,2.2767991474110594,38.460184563009534,6,0,1,1,False,fedavg__sparse_coordinate_attack__seed43,43,sparse_coordinate_attack,fedavg
9,0.35118279569892474,2.17050541539346,38.3684885600087,6,0,1,1,False,fedavg__sparse_coordinate_attack__seed43,43,sparse_coordinate_attack,fedavg
10,0.24,2.6678524025537635,38.48402097300277,6,0,1,1,False,fedavg__sparse_coordinate_attack__seed43,43,sparse_coordinate_attack,fedavg
11,0.26021505376344084,2.903346427999517,38.32223518101091,6,0,1,1,False,fedavg__sparse_coordinate_attack__seed43,43,sparse_coordinate_attack,fedavg
0,0.29075268817204303,1.9765504160235006,37.48482894999324,4,2,1,0,False,norm__sparse_coordinate_attack__seed43,43,sparse_coordinate_attack,norm
1,0.3855913978494624,1.8910305900983913,37.9438044050039,5,1,1,0,False,norm__sparse_coordinate_attack__seed43,43,sparse_coordinate_attack,norm
2,0.42,1.8217937592537172,37.83473715999571,6,0,1,0,False,norm__sparse_coordinate_attack__seed43,43,sparse_coordinate_attack,norm
3,0.4376344086021505,1.7718980949155747,37.96863835499971,6,0,1,0,False,norm__sparse_coordinate_attack__seed43,43,sparse_coordinate_attack,norm
4,0.4460215053763441,1.7300880940755208,37.83693916600896,6,0,1,0,False,norm__sparse_coordinate_attack__seed43,43,sparse_coordinate_attack,norm
5,0.4503225806451613,1.6923097819666708,38.55106085300213,5,1,1,1,False,norm__sparse_coordinate_attack__seed43,43,sparse_coordinate_attack,norm
6,0.45505376344086024,1.6667740803380167,38.35074324198649,5,1,1,1,False,norm__sparse_coordinate_attack__seed43,43,sparse_coordinate_attack,norm
7,0.4593548387096774,1.6397469387259536,38.39764608499536,5,1,1,1,False,norm__sparse_coordinate_attack__seed43,43,sparse_coordinate_attack,norm
8,0.46559139784946235,1.6098865139868952,38.594834161995095,5,1,1,1,False,norm__sparse_coordinate_attack__seed43,43,sparse_coordinate_attack,norm
9,0.46623655913978496,1.594897666849116,38.33244045499305,5,1,1,1,False,norm__sparse_coordinate_attack__seed43,43,sparse_coordinate_attack,norm
10,0.46903225806451615,1.566820312828146,38.58155886500026,5,1,1,1,False,norm__sparse_coordinate_attack__seed43,43,sparse_coordinate_attack,norm
11,0.4696774193548387,1.5620406940419187,38.423962916989694,5,1,1,1,False,norm__sparse_coordinate_attack__seed43,43,sparse_coordinate_attack,norm
0,0.30666666666666664,1.9694090828844295,37.863780580009916,6,0,1,0,False,multi_krum__sparse_coordinate_attack__seed43,43,sparse_coordinate_attack,multi_krum
1,0.3789247311827957,1.895043425201088,38.18352477300505,6,0,1,0,False,multi_krum__sparse_coordinate_attack__seed43,43,sparse_coordinate_attack,multi_krum
2,0.4101075268817204,1.8352971657373571,38.07389764599793,6,0,1,0,False,multi_krum__sparse_coordinate_attack__seed43,43,sparse_coordinate_attack,multi_krum
3,0.43032258064516127,1.7729534944923975,38.232093912010896,6,0,1,0,False,multi_krum__sparse_coordinate_attack__seed43,43,sparse_coordinate_attack,multi_krum
4,0.44365591397849463,1.7304078920425907,38.07600039499812,6,0,1,0,False,multi_krum__sparse_coordinate_attack__seed43,43,sparse_coordinate_attack,multi_krum
5,0.44924731182795696,1.696517611267746,38.80670163700415,6,0,1,1,False,multi_krum__sparse_coordinate_attack__seed43,43,sparse_coordinate_attack,multi_krum
6,0.4505376344086022,1.6745285181845389,38.71897424200142,6,0,1,1,False,multi_krum__sparse_coordinate_attack__seed43,43,sparse_coordinate_attack,multi_krum
7,0.45440860215053763,1.6525346784694221,38.8547487140022,6,0,1,1,False,multi_krum__sparse_coordinate_attack__seed43,43,sparse_coordinate_attack,multi_krum
8,0.46021505376344085,1.621693121797295,38.890076900002896,6,0,1,1,False,multi_krum__sparse_coordinate_attack__seed43,43,sparse_coordinate_attack,multi_krum
9,0.4649462365591398,1.5939590273621262,38.79948815100943,6,0,1,1,False,multi_krum__sparse_coordinate_attack__seed43,43,sparse_coordinate_attack,multi_krum
10,0.46602150537634407,1.5871078532229188,38.91424600199389,6,0,1,1,False,multi_krum__sparse_coordinate_attack__seed43,43,sparse_coordinate_attack,multi_krum
11,0.4675268817204301,1.5811797751149823,38.724791771004675,6,0,1,1,False,multi_krum__sparse_coordinate_attack__seed43,43,sparse_coordinate_attack,multi_krum
0,0.3227956989247312,1.963250468264344,41.63727307799854,6,0,1,0,False,cosine__directional_poisoning__seed43,43,directional_poisoning,cosine
1,0.38946236559139785,1.8887524085916498,41.46543169399956,6,0,1,0,False,cosine__directional_poisoning__seed43,43,directional_poisoning,cosine
2,0.41698924731182796,1.8279735671832997,41.3433724350034,6,0,1,0,False,cosine__directional_poisoning__seed43,43,directional_poisoning,cosine
3,0.4288172043010753,1.7878547963788431,41.547529483999824,6,0,1,0,False,cosine__directional_poisoning__seed43,43,directional_poisoning,cosine
4,0.443010752688172,1.7457114697528142,41.881949716000236,6,0,1,0,False,cosine__directional_poisoning__seed43,43,directional_poisoning,cosine
5,0.44731182795698926,1.7188719275689894,41.80784982100886,6,0,1,1,False,cosine__directional_poisoning__seed43,43,directional_poisoning,cosine
6,0.4529032258064516,1.6878874222950269,41.980246093997266,6,0,1,1,False,cosine__directional_poisoning__seed43,43,directional_poisoning,cosine
7,0.4612903225806452,1.6580964176629178,41.88986661400122,6,0,1,1,False,cosine__directional_poisoning__seed43,43,directional_poisoning,cosine
8,0.46344086021505376,1.639601570047358,41.44636381798773,6,0,1,1,False,cosine__directional_poisoning__seed43,43,directional_poisoning,cosine
9,0.4679569892473118,1.6203934290075814,41.8220127550012,6,0,1,1,False,cosine__directional_poisoning__seed43,43,directional_poisoning,cosine
10,0.4679569892473118,1.6103209973407049,41.91096027499589,6,0,1,1,False,cosine__directional_poisoning__seed43,43,directional_poisoning,cosine
11,0.4703225806451613,1.5899362100580687,41.99467979199835,6,0,1,1,False,cosine__directional_poisoning__seed43,43,directional_poisoning,cosine
