run_id,seed,attack,defense,n_rounds,diverged,runtime_s,final_accuracy,final_loss
c4_drift_aware__no_attack__seed42,42,no_attack,c4_drift_aware,12,False,510.3239620129898,0.4782795698924731,1.5276136894636256
fedavg__no_attack__seed42,42,no_attack,fedavg,12,False,462.1738386040088,0.4761290322580645,1.5445901735367313
norm__no_attack__seed42,42,no_attack,norm,12,False,463.22392114199465,0.478494623655914,1.5271805564306116
multi_krum__no_attack__seed42,42,no_attack,multi_krum,12,False,464.00569060700946,0.47591397849462364,1.5396362714870002
c4_drift_aware__large_norm__seed42,42,large_norm,c4_drift_aware,12,False,506.54953351400036,0.478494623655914,1.5299226674725932
fedavg__large_norm__seed42,42,large_norm,fedavg,12,True,230.59585307601083,0.18344086021505376,nan
norm__large_norm__seed42,42,large_norm,norm,12,False,457.8097273290041,0.47978494623655915,1.5038085871870799
multi_krum__large_norm__seed42,42,large_norm,multi_krum,12,False,462.26291933099856,0.4804301075268817,1.50404544297085
c4_drift_aware__directional_poisoning__seed42,42,directional_poisoning,c4_drift_aware,12,False,507.8775512850116,0.48258064516129034,1.5220121199084866
fedavg__directional_poisoning__seed42,42,directional_poisoning,fedavg,12,False,461.0362925119989,0.47956989247311826,1.560186757733745
norm__directional_poisoning__seed42,42,directional_poisoning,norm,12,False,460.4233165750047,0.47634408602150535,1.5594502561835832
multi_krum__directional_poisoning__seed42,42,directional_poisoning,multi_krum,12,False,461.70503394899424,0.478494623655914,1.522642375987063
c4_drift_aware__sparse_coordinate_attack__seed42,42,sparse_coordinate_attack,c4_drift_aware,12,False,506.9044522539916,0.47913978494623655,1.5470193809591313
fedavg__sparse_coordinate_attack__seed42,42,sparse_coordinate_attack,fedavg,12,False,453.30614801299816,0.1821505376344086,5.907696749779486
norm__sparse_coordinate_attack__seed42,42,sparse_coordinate_attack,norm,12,False,453.30534863998764,0.478494623655914,1.5051165131599673
multi_krum__sparse_coordinate_attack__seed42,42,sparse_coordinate_attack,multi_krum,12,False,457.2549666079867,0.47591397849462364,1.530878382857128
cosine__directional_poisoning__seed42,42,directional_poisoning,cosine,12,False,498.05061668799317,0.4774193548387097,1.568647242720409
c4_drift_aware__no_attack__seed43,43,no_attack,c4_drift_aware,12,False,501.61330648000876,0.46236559139784944,1.6033272068474882
fedavg__no_attack__seed43,43,no_attack,fedavg,12,False,448.85426495400316,0.4679569892473118,1.5827196240168746
norm__no_attack__seed43,43,no_attack,norm,12,False,450.74703005600895,0.47935483870967743,1.5474204213132141
multi_krum__no_attack__seed43,43,no_attack,multi_krum,12,False,455.173349329998,0.4746236559139785,1.5272078745852236
c4_drift_aware__large_norm__seed43,43,large_norm,c4_drift_aware,12,False,504.9145905260084,0.4720430107526882,1.554369378858997
fedavg__large_norm__seed43,43,large_norm,fedavg,12,True,225.68159428199579,0.18344086021505376,nan
norm__large_norm__seed43,43,large_norm,norm,12,False,451.98169999200036,0.46838709677419355,1.563205797749181
multi_krum__large_norm__seed43,43,large_norm,multi_krum,12,False,456.007217647988,0.47161290322580646,1.552044392247354
c4_drift_aware__directional_poisoning__seed43,43,directional_poisoning,c4_drift_aware,12,False,504.5138076090079,0.47397849462365593,1.5492869157688591
fedavg__directional_poisoning__seed43,43,directional_poisoning,fedavg,12,False,454.3246400079952,0.46838709677419355,1.575450636340726
norm__directional_poisoning__seed43,43,directional_poisoning,norm,12,False,454.88045652600704,0.470752688172043,1.5843737251527847
multi_krum__directional_poisoning__seed43,43,directional_poisoning,multi_krum,12,False,458.3564202530106,0.4703225806451613,1.5666295451502645
c4_drift_aware__sparse_coordinate_attack__seed43,43,sparse_coordinate_attack,c4_drift_aware,12,False,507.7965393600025,0.4701075268817204,1.577110613751155
fedavg__sparse_coordinate_attack__seed43,43,sparse_coordinate_attack,fedavg,12,False,458.320759395996,0.26021505376344084,2.903346427999517
norm__sparse_coordinate_attack__seed43,43,sparse_coordinate_attack,norm,12,False,458.4473113909917,0.4696774193548387,1.5620406940419187
multi_krum__sparse_coordinate_attack__seed43,43,sparse_coordinate_attack,multi_krum,12,False,462.28824515399174,0.4675268817204301,1.5811797751149823
cosine__directional_poisoning__seed43,43,directional_poisoning,cosine,12,False,500.8847776879993,0.4703225806451613,1.5899362100580687
