partition,seed,round,client_id,norm,cos_ref,sign_score
iid,42,0,0,0.11749392109369108,0.9506003182063033,0.9047570984285994
iid,42,0,1,0.12110991203053648,0.9668230056741511,0.8759470354085579
iid,42,0,2,0.11265672607802468,0.9584046856340855,0.9191526674699251
iid,42,0,3,0.11436791439135652,0.9564172356950179,0.8832015947413907
iid,42,0,4,0.11330059526782506,0.9755694093288408,0.8719475653068047
iid,42,1,0,0.09691440645021798,0.9276745509050215,0.9022012057560193
iid,42,1,1,0.09824748720579835,0.9616799501080443,0.878940056336592
iid,42,1,2,0.09442836389364624,0.9360850927421654,0.9101800986527652
iid,42,1,3,0.09552646750342117,0.9358870781007976,0.8766967893240883
iid,42,1,4,0.09113179012342217,0.967703158974798,0.8449150490077367
iid,42,2,0,0.08061365432759131,0.9093511170967923,0.888290413054564
iid,42,2,1,0.08566706219940384,0.9583338291990088,0.8698750637429883
iid,42,2,2,0.08135284873583366,0.9216556401048266,0.9129143294237634
iid,42,2,3,0.08011490835021695,0.9322837467774533,0.8709204487506375
iid,42,2,4,0.07870741785355827,0.9552117093061304,0.8441356450790413
iid,42,3,0,0.07459575376238639,0.8556446692526436,0.8887981152866968
iid,42,3,1,0.07731797639774105,0.9317771615750547,0.8831047105166495
iid,42,3,2,0.07861653618645792,0.8879983375335292,0.904605388152145
iid,42,3,3,0.07649844621849455,0.88820931172361,0.872743853782726
iid,42,3,4,0.07432848121499155,0.9419603803585762,0.8517624855923294
iid,42,4,0,0.07993388286205548,0.879214064623887,0.8963902216129769
iid,42,4,1,0.08253870397926519,0.9092188907317977,0.8841037747823217
iid,42,4,2,0.08710859231592143,0.8737783829597463,0.8957746300104079
iid,42,4,3,0.08383396133852215,0.8776752160381175,0.8718236742568477
iid,42,4,4,0.0812115194110079,0.9278334818730731,0.8437983905770061
iid,42,5,0,0.09661534945450528,0.9230236372171936,0.8928689780223216
iid,42,5,1,0.09998273876044403,0.9439990282908141,0.8658517522743615
iid,42,5,2,0.10673019398911118,0.9316484761542091,0.8987213555506924
iid,42,5,3,0.10236836092766323,0.9328046883365817,0.8653578016069028
iid,42,5,4,0.09942123199340681,0.9665992485783521,0.8445180854722231
iid,42,6,0,0.12591931188774863,0.9521786524603763,0.8919026874539713
iid,42,6,1,0.1299611761493206,0.9663257572600651,0.8787899591826545
iid,42,6,2,0.13901977421326095,0.9586615172414115,0.9114750415038758
iid,42,6,3,0.1341205122918876,0.9419010979924349,0.8691910176875164
iid,42,6,4,0.13050820297492813,0.9638360130101329,0.8649594947137169
iid,42,7,0,0.17800050190911135,0.97083537256053,0.8995611063294694
iid,42,7,1,0.1839565963441486,0.9800465690056841,0.9054211609012276
iid,42,7,2,0.1971083440793537,0.9741228941354483,0.9110187338619591
iid,42,7,3,0.1897401165573082,0.9745494740079069,0.8700410814242374
iid,42,7,4,0.18524901803679916,0.9811257755795153,0.8717990977957649
iid,42,8,0,0.2710509170869841,0.9756521266333514,0.8983280240660516
iid,42,8,1,0.27618533918970417,0.9845797892794265,0.8982039113244011
iid,42,8,2,0.2942562110325783,0.9822471520954095,0.9109697933227345
iid,42,8,3,0.2869931394410081,0.9799202158714064,0.9064899143622083
iid,42,8,4,0.2805469462511427,0.985537036181406,0.8953315878747762
iid,42,9,0,0.3591379310275877,0.9834231805340058,0.913945391454709
iid,42,9,1,0.3626208617943458,0.9860110913182858,0.9118423666039653
iid,42,9,2,0.3768620203835133,0.9888298105241808,0.9209262656120386
iid,42,9,3,0.3716037539377393,0.9867938283117161,0.9193139465598018
iid,42,9,4,0.37116277784757373,0.9887362371453525,0.9070054094472549
iid,43,0,0,0.1350338084860131,0.9771392896707884,0.8710664962860208
iid,43,0,1,0.1314616965156884,0.9747659196301519,0.8747975590922448
iid,43,0,2,0.12993589277727355,0.975531010181627,0.8782689508606728
iid,43,0,3,0.12911752383483405,0.9645577386858271,0.89212035069257
iid,43,0,4,0.13416300658555927,0.9683873634386184,0.8789317953518885
iid,43,1,0,0.0992799610533221,0.951736869512925,0.8790459611476763
iid,43,1,1,0.09531701127516289,0.9162872336555754,0.8633371940604909
iid,43,1,2,0.09757592678895115,0.9449735012246935,0.8770693613155138
iid,43,1,3,0.09690799835032957,0.9201142733520864,0.8687399002684014
iid,43,1,4,0.09970532597477648,0.9461153515770714,0.8675470049310964
iid,43,2,0,0.1160767697863827,0.9666569574618995,0.8731184724272568
iid,43,2,1,0.11606177384760363,0.9465343094821947,0.8786992453194631
iid,43,2,2,0.1163380705716177,0.9484445060030209,0.8576454519115354
iid,43,2,3,0.11844942935801678,0.9357321895234202,0.8637505001310688
iid,43,2,4,0.1160620790619378,0.9448811057153048,0.874739586926229
iid,43,3,0,0.17021307131574484,0.9887131805860786,0.8749121527103817
iid,43,3,1,0.17250238782579544,0.9786318351881549,0.87094982162817
iid,43,3,2,0.1749929905295274,0.9853665352296376,0.8771008051831574
iid,43,3,3,0.1780563100108154,0.9700548983829443,0.8684532853213035
iid,43,3,4,0.1730398665775336,0.9811694770293039,0.8680717770921041
iid,43,4,0,0.2816800595242,0.9841656151647358,0.8920265780730897
iid,43,4,1,0.28626501454776493,0.9843072875952154,0.879269365619214
iid,43,4,2,0.2901707653660847,0.9889754788565442,0.8882447178706026
iid,43,4,3,0.2921061751975969,0.9839531750737464,0.8918690005646528
iid,43,4,4,0.2871656747081295,0.9873551703565586,0.8969246122936719
iid,43,5,0,0.39055427458087044,0.9864419557944888,0.8833007500543054
iid,43,5,1,0.385188584853271,0.986847940307697,0.8989023907182377
iid,43,5,2,0.39909692869473845,0.9893314579528202,0.8840226932955112
iid,43,5,3,0.39668751873304814,0.9878962912626845,0.8830899170723604
iid,43,5,4,0.3910602561051872,0.9884162530385655,0.883313527810787
iid,43,6,0,0.3215823037020594,0.9500181387972406,0.8733364521649205
iid,43,6,1,0.31339053781359716,0.9513491494283461,0.8944808992083912
iid,43,6,2,0.3291798675276953,0.967439701136125,0.8567594519063858
iid,43,6,3,0.32712771249060524,0.944521637226236,0.8519765595183867
iid,43,6,4,0.3192363688638399,0.9699244368418598,0.874056656038017
iid,43,7,0,0.31038732660311713,0.9610224413721277,0.8743439614112793
iid,43,7,1,0.3005659953253262,0.9593002267937915,0.8704062130267269
iid,43,7,2,0.3157175229463818,0.970704084656536,0.8643206018869641
iid,43,7,3,0.3196599078556932,0.9667071728691047,0.8828079968449474
iid,43,7,4,0.3025848174938162,0.9786448884219977,0.8676273397445621
iid,43,8,0,0.31114610923169816,0.975196220556738,0.8640994186356605
iid,43,8,1,0.30906330057085324,0.9779650618230793,0.8745177520578875
iid,43,8,2,0.31600522906083267,0.9819089240685667,0.8620785701163322
iid,43,8,3,0.3242102771536329,0.9808818599008866,0.8717383445635619
iid,43,8,4,0.3045993996253541,0.976669984610899,0.87797275113932
iid,43,9,0,0.24072520978367135,0.9548890387882556,0.8554830355736758
iid,43,9,1,0.2396534888452048,0.9442244245557141,0.8770465508291192
iid,43,9,2,0.2408090573086166,0.9569269294660234,0.863940459733912
iid,43,9,3,0.24840718667053552,0.9245765767575814,0.8571278587551838
iid,43,9,4,0.23796314131465532,0.9038241337915354,0.8654044690195803
iid,44,0,0,0.1356431383751747,0.9557974997988491,0.8561392832995267
iid,44,0,1,0.13466093974149757,0.9667789383954488,0.87710615280595
iid,44,0,2,0.1406483464115827,0.9574792401293161,0.82
iid,44,0,3,0.13425822341925944,0.9672252582826486,0.8207978363759297
iid,44,0,4,0.13700278477524228,0.965176085207352,0.828052738336714
iid,44,1,0,0.08522046437172161,0.9271738034057089,0.8504670383247144
iid,44,1,1,0.08437373349362569,0.9307828981528643,0.872201636819701
iid,44,1,2,0.08104573062674193,0.932790559447178,0.7955925569759857
iid,44,1,3,0.08002243672658328,0.9456909145862908,0.7966281783151651
iid,44,1,4,0.083099394225254,0.9054388069676309,0.8073408068431707
iid,44,2,0,0.10046932712470837,0.9108651152494138,0.8548317919849886
iid,44,2,1,0.09620229665672587,0.9163062719222204,0.8813362819997319
iid,44,2,2,0.09590082399209282,0.9202014767715833,0.8064401554751374
iid,44,2,3,0.09460238316465275,0.9227022403094264,0.8110105883929768
iid,44,2,4,0.09800991041495526,0.9405917679641277,0.8403967296609034
iid,44,3,0,0.13582021943199324,0.9665459864388845,0.8503842285518955
iid,44,3,1,0.13183469606730597,0.9778543140850318,0.8659440058373816
iid,44,3,2,0.1300040404893965,0.9774258452382388,0.8095685727996424
iid,44,3,3,0.1270307877151886,0.9855621975317606,0.8152284664383427
iid,44,3,4,0.13396565345655156,0.9784999536625969,0.8436659808181537
iid,44,4,0,0.20801615131666754,0.9875488732705271,0.8689832591488846
iid,44,4,1,0.20260798296231736,0.9838570841717267,0.8799167096490725
iid,44,4,2,0.20195438152641534,0.982716570438257,0.8303118293948714
iid,44,4,3,0.1952590585143944,0.9878853042482906,0.8428117497978235
iid,44,4,4,0.2066070485649003,0.9818590429506205,0.8239504333263288
iid,44,5,0,0.3355983382988383,0.9902718342984556,0.9003613312202853
iid,44,5,1,0.32767662172484174,0.9938065045726568,0.9060031695721078
iid,44,5,2,0.32660271162673765,0.9927875136423865,0.8530776545166403
iid,44,5,3,0.3196507801748554,0.9936315562868376,0.857622820919176
iid,44,5,4,0.3324464899197105,0.9911676356018606,0.8810966719492869
iid,44,6,0,0.3769117334057027,0.9918080343499974,0.9019312610437769
iid,44,6,1,0.37252978552563293,0.9921713075960115,0.9031382991961375
iid,44,6,2,0.3744019676262777,0.9919668808982598,0.8768074463054678
iid,44,6,3,0.3674084334371319,0.9881608956587928,0.88315372937458
iid,44,6,4,0.371086841348492,0.9866894381989506,0.8807147656852742
iid,44,7,0,0.3084743540777289,0.9799698694794209,0.8972286374133949
iid,44,7,1,0.29896848860885944,0.9741855764227402,0.9189966095032185
iid,44,7,2,0.3005008987149252,0.9790468983306446,0.8904230750331679
iid,44,7,3,0.29877374990523947,0.9688443518522,0.8774568817257137
iid,44,7,4,0.3043430537265797,0.978249152949744,0.8889305193847968
iid,44,8,0,0.31127460859110706,0.975671865934059,0.875626538802804
iid,44,8,1,0.3034048004309001,0.9737681385755961,0.9226470640083205
iid,44,8,2,0.3026823189691232,0.9825485343393565,0.8831244380982601
iid,44,8,3,0.3063662374079337,0.9783797909327887,0.8773188546312456
iid,44,8,4,0.3110319418385918,0.9812500192030718,0.8879780939117763
iid,44,9,0,0.3074346732054004,0.9350881079273471,0.8775615736356188
iid,44,9,1,0.30030736479530235,0.9322408590251783,0.9254783250344255
iid,44,9,2,0.2952869349252159,0.9374285567152053,0.8663304495354742
iid,44,9,3,0.2978926257718882,0.9332514191776091,0.9045906420856308
iid,44,9,4,0.30219242323134876,0.9400478788494061,0.8924182649569173
dirichlet_a1.0,42,0,0,0.4821000318937067,-0.2598125226482354,0.5973749488543372
dirichlet_a1.0,42,0,1,0.5472467542957014,0.35782646450304156,0.7348161313420621
dirichlet_a1.0,42,0,2,0.34518495342828837,0.39525017968475096,0.7668141366612111
dirichlet_a1.0,42,0,3,0.49856379002971485,0.3489027933441242,0.6238556157937807
dirichlet_a1.0,42,0,4,0.5699150323037256,0.305002635150878,0.6604183715220949
dirichlet_a1.0,42,1,0,0.3500416766333001,0.035563266125155556,0.6560399286614883
dirichlet_a1.0,42,1,1,0.3855171774975236,0.2664365159764475,0.7508117042195553
dirichlet_a1.0,42,1,2,0.31472941712797353,0.5956915348079334,0.6982485480783679
dirichlet_a1.0,42,1,3,0.3155367448579246,0.19586743450538363,0.6179927224265547
dirichlet_a1.0,42,1,4,0.3519563603560709,-0.3094079921192848,0.6329725033154115
dirichlet_a1.0,42,2,0,0.305980083480538,0.5342570101102183,0.6830374379143136
dirichlet_a1.0,42,2,1,0.31241907985810213,0.2505177512762236,0.7024271495226192
dirichlet_a1.0,42,2,2,0.2337088105396475,0.5028376890823856,0.7389685432522102
dirichlet_a1.0,42,2,3,0.24261370640686145,0.15639710419471464,0.6372429047266921
dirichlet_a1.0,42,2,4,0.2802382459701119,-0.30496189621982844,0.6064929030907056
dirichlet_a1.0,42,3,0,0.2799228940486726,0.6304886711831265,0.6922466069881605
dirichlet_a1.0,42,3,1,0.25469778398191817,-0.010137099699684095,0.7252841729451606
dirichlet_a1.0,42,3,2,0.20099055395098522,0.37888497811300215,0.7295041083663665
dirichlet_a1.0,42,3,3,0.1899437415952224,0.17067354784716315,0.658605255558764
dirichlet_a1.0,42,3,4,0.258106518175046,0.053975459657530055,0.6366130260152784
dirichlet_a1.0,42,4,0,0.28685955139458,0.6552778900766877,0.7049724337786423
dirichlet_a1.0,42,4,1,0.256140677440939,0.10334621935418765,0.7243837848849053
dirichlet_a1.0,42,4,2,0.23977967017592292,0.6960728998393565,0.7184894104968491
dirichlet_a1.0,42,4,3,0.18367489245128646,0.2667275170251672,0.6726092299200284
dirichlet_a1.0,42,4,4,0.22429749199878082,-0.26955529784358245,0.6439127606305732
dirichlet_a1.0,42,5,0,0.3573475520978991,0.7213396377246252,0.7092890469509608
dirichlet_a1.0,42,5,1,0.30018597694166904,0.4137094184698763,0.7653235015824333
dirichlet_a1.0,42,5,2,0.30224798220189525,0.8110494344171941,0.7866357793076446
dirichlet_a1.0,42,5,3,0.18730143943698532,0.5068125106022189,0.6768573199778133
dirichlet_a1.0,42,5,4,0.18259437704379683,0.04918018981106604,0.605259551698261
dirichlet_a1.0,42,6,0,0.49637611009498717,0.8898850385954107,0.7855545188460997
dirichlet_a1.0,42,6,1,0.3717615126334006,0.6117637963717749,0.7630976878538837
dirichlet_a1.0,42,6,2,0.42036159329622397,0.8878808522749191,0.8080305218624982
dirichlet_a1.0,42,6,3,0.19974056946261373,0.5592616423825525,0.6692186761078235
dirichlet_a1.0,42,6,4,0.20823393485648894,0.14798208709621272,0.6204258745638365
dirichlet_a1.0,42,7,0,0.5609941182063989,0.8642460056633956,0.7818524067941728
dirichlet_a1.0,42,7,1,0.39958129441311036,0.759879584656603,0.7636897042343964
dirichlet_a1.0,42,7,2,0.4675277226646682,0.9190178801910263,0.8118067009984765
dirichlet_a1.0,42,7,3,0.26903419879651186,0.7008074043287692,0.6986124576623312
dirichlet_a1.0,42,7,4,0.19758638612348361,0.36862350522571125,0.6627655154178366
dirichlet_a1.0,42,8,0,0.5134054549287685,0.7521924732209855,0.7331741420904928
dirichlet_a1.0,42,8,1,0.38941646911816075,0.5719905450518797,0.7203239623849146
dirichlet_a1.0,42,8,2,0.40318526414505307,0.8558578138341348,0.8015422677366943
dirichlet_a1.0,42,8,3,0.2659378047201724,0.7352196285399856,0.7360605090837478
dirichlet_a1.0,42,8,4,0.21553457057371334,0.5028895996199843,0.7045197183792034
dirichlet_a1.0,42,9,0,0.4655065112781053,0.6479161152116963,0.7066150996054278
dirichlet_a1.0,42,9,1,0.36271682473443073,0.5316838812850838,0.7256520065441248
dirichlet_a1.0,42,9,2,0.35203592973216047,0.817792488801111,0.803339428351458
dirichlet_a1.0,42,9,3,0.2502067543967453,0.6871877137256476,0.7275105860841112
dirichlet_a1.0,42,9,4,0.236623201739084,0.5247993206130972,0.718945481666827
dirichlet_a1.0,43,0,0,0.4749874125238908,0.23454893780349007,0.6718692449355432
dirichlet_a1.0,43,0,1,0.4339535861799293,0.34638895042397855,0.6683109707971586
dirichlet_a1.0,43,0,2,0.4700409437205816,0.12462088322367063,0.6751183898973955
dirichlet_a1.0,43,0,3,0.46925464546503354,0.4539621369755176,0.6401275980005262
dirichlet_a1.0,43,0,4,0.35417678918454204,0.2703728025713759,0.6911076032622994
dirichlet_a1.0,43,1,0,0.30015884297579676,0.17496312093255198,0.6980462190852947
dirichlet_a1.0,43,1,1,0.2564411093271302,-0.12073990242882539,0.7137276944531405
dirichlet_a1.0,43,1,2,0.2852908776616143,-0.2882591610708431,0.6376540399009591
dirichlet_a1.0,43,1,3,0.34255839338411626,0.49216420296285074,0.6552352221305177
dirichlet_a1.0,43,1,4,0.28056306455079677,0.5490691402815958,0.657946039787119
dirichlet_a1.0,43,2,0,0.2483279087096939,0.21813762466563147,0.6636615762184093
dirichlet_a1.0,43,2,1,0.2146513371824103,0.0911391217769523,0.7563536029166638
dirichlet_a1.0,43,2,2,0.2330835741271793,-0.20142114154175797,0.6614485434414078
dirichlet_a1.0,43,2,3,0.33329196951892104,0.5205856930651348,0.6660235631246321
dirichlet_a1.0,43,2,4,0.3259447563114536,0.7585442634615469,0.6809828135307093
dirichlet_a1.0,43,3,0,0.22618395198147603,0.3532625998025103,0.679911715445539
dirichlet_a1.0,43,3,1,0.20795170853651854,0.3326976762569423,0.772915661282539
dirichlet_a1.0,43,3,2,0.21050801251619272,0.16570657472478587,0.6619780282169927
dirichlet_a1.0,43,3,3,0.4388711565604483,0.6714430783983036,0.6982854060805632
dirichlet_a1.0,43,3,4,0.451146851837917,0.8803098292739242,0.7301217815879865
dirichlet_a1.0,43,4,0,0.31986920278071873,0.6629131650469751,0.6810426956574618
dirichlet_a1.0,43,4,1,0.2476686215192319,0.6898111932138308,0.7874068418456632
dirichlet_a1.0,43,4,2,0.22023695369444712,0.3387919304560982,0.6681644042945656
dirichlet_a1.0,43,4,3,0.5478070857196881,0.8449840388301781,0.7025357936770698
dirichlet_a1.0,43,4,4,0.5177126062332601,0.9539891822239364,0.7872987344680104
dirichlet_a1.0,43,5,0,0.37386557630828054,0.7859173101431937,0.7249044470843449
dirichlet_a1.0,43,5,1,0.2893866003202365,0.7466916579122947,0.7908036774959971
dirichlet_a1.0,43,5,2,0.23102383108623573,0.4589532483734808,0.677612210113114
dirichlet_a1.0,43,5,3,0.47748303089551297,0.7380082834401962,0.7454160425597851
dirichlet_a1.0,43,5,4,0.43328438805604963,0.9139404911844828,0.7853029285677393
dirichlet_a1.0,43,6,0,0.31527501475784037,0.6554821277708537,0.6804475346239622
dirichlet_a1.0,43,6,1,0.3541349773781442,0.6908650641570213,0.7395753293727394
dirichlet_a1.0,43,6,2,0.2671103121402976,0.4566462540854042,0.6670477332783598
dirichlet_a1.0,43,6,3,0.40839587120885057,0.627042415670381,0.7074782760796366
dirichlet_a1.0,43,6,4,0.3980956085578487,0.9038211249936058,0.8106598699375925
dirichlet_a1.0,43,7,0,0.2965882759871286,0.6149485499576505,0.7062869576976507
dirichlet_a1.0,43,7,1,0.45821537331874146,0.7386213643836009,0.8017592171422249
dirichlet_a1.0,43,7,2,0.32316478834597695,0.542749712805443,0.6852648660610009
dirichlet_a1.0,43,7,3,0.3258499759025669,0.4878679396654947,0.6786877789115228
dirichlet_a1.0,43,7,4,0.3828239813484597,0.8822740018112077,0.8305939048227875
dirichlet_a1.0,43,8,0,0.27365424869441435,0.6529294799519174,0.7211022264498678
dirichlet_a1.0,43,8,1,0.48485746887435,0.8448065121231566,0.8048690585892215
dirichlet_a1.0,43,8,2,0.3656358479959084,0.7210112480224867,0.7275110727980738
dirichlet_a1.0,43,8,3,0.3135285369558004,0.4911262870147603,0.657180226509319
dirichlet_a1.0,43,8,4,0.36789036991383656,0.9183780886166284,0.858809191165542
dirichlet_a1.0,43,9,0,0.2545963638233862,0.6592292137606403,0.7496683393897445
dirichlet_a1.0,43,9,1,0.38647555715670767,0.8068701224267005,0.8313952817673185
dirichlet_a1.0,43,9,2,0.29356227161212856,0.5495675552996935,0.7228240179961931
dirichlet_a1.0,43,9,3,0.2747452015217484,0.3230791716316322,0.6686739343600392
dirichlet_a1.0,43,9,4,0.2840075772800703,0.8306971268751523,0.8297456307319605
dirichlet_a1.0,44,0,0,0.4396214113738203,0.6612974749445506,0.6048960363417131
dirichlet_a1.0,44,0,1,0.39918008634529006,0.006136997936224183,0.6694264122372867
dirichlet_a1.0,44,0,2,0.4690074852655305,0.14306948845248404,0.6804186587776734
dirichlet_a1.0,44,0,3,0.38286048737728684,0.28548269037187207,0.5900901532464983
dirichlet_a1.0,44,0,4,0.4662471872545997,0.4037618532094109,0.702795732092032
dirichlet_a1.0,44,1,0,0.26463403450830636,0.19007009590783772,0.5657235929299632
dirichlet_a1.0,44,1,1,0.28277707995084,0.30680998987492925,0.7097107438016529
dirichlet_a1.0,44,1,2,0.3236794658970776,-0.05915556546719335,0.6823460215961875
dirichlet_a1.0,44,1,3,0.24712585353299726,-0.03660292331675514,0.6071363937986367
dirichlet_a1.0,44,1,4,0.32432088701283956,0.22271579752301515,0.711264100862641
dirichlet_a1.0,44,2,0,0.22867235535850083,0.39537513846626376,0.5749131479019618
dirichlet_a1.0,44,2,1,0.2589726366404649,0.5483670606532123,0.7093594611864767
dirichlet_a1.0,44,2,2,0.2866061184109937,-0.12211236379188133,0.6648206770424014
dirichlet_a1.0,44,2,3,0.22373977100087272,0.12902940280230032,0.6092353342979486
dirichlet_a1.0,44,2,4,0.28113080268405755,0.07911045957883082,0.7007219924936284
dirichlet_a1.0,44,3,0,0.2239005801618953,0.27935842843140746,0.5895074059814469
dirichlet_a1.0,44,3,1,0.241229138570901,0.5821092571961356,0.7189795073333382
dirichlet_a1.0,44,3,2,0.2930780393545887,0.1211105726383954,0.6662986074285009
dirichlet_a1.0,44,3,3,0.23695141812255885,0.4051725566878193,0.6375972511786371
dirichlet_a1.0,44,3,4,0.2740519366833566,0.40946076795587094,0.6950144923325028
dirichlet_a1.0,44,4,0,0.22302894731873477,0.4204565434719226,0.6256681791621881
dirichlet_a1.0,44,4,1,0.26408330379172085,0.6921022664268425,0.7219725442386905
dirichlet_a1.0,44,4,2,0.3594743556291325,0.5395556212971181,0.6887601624550038
dirichlet_a1.0,44,4,3,0.3044527309213259,0.6099865141061227,0.6560816026200559
dirichlet_a1.0,44,4,4,0.31137532213863583,0.6724045964355221,0.731862677910592
dirichlet_a1.0,44,5,0,0.2841506558156031,0.8031961765858634,0.6959502971050552
dirichlet_a1.0,44,5,1,0.332289885448942,0.793300297691178,0.779798319819688
dirichlet_a1.0,44,5,2,0.4339143504859183,0.7059035238624191,0.7083540672657553
dirichlet_a1.0,44,5,3,0.433618662358245,0.8370561697151452,0.6820024588004566
dirichlet_a1.0,44,5,4,0.41330507699483426,0.7367663475243732,0.7879796856247988
dirichlet_a1.0,44,6,0,0.34121692163915646,0.8559616690510404,0.7206745277746731
dirichlet_a1.0,44,6,1,0.3633406695003596,0.8054508782284407,0.764369341678775
dirichlet_a1.0,44,6,2,0.39610255628987134,0.6320280144893711,0.6964275734883201
dirichlet_a1.0,44,6,3,0.4277103789962622,0.7933515301320481,0.6931233933161953
dirichlet_a1.0,44,6,4,0.4346015068940084,0.7650876964452782,0.7645439812227562
dirichlet_a1.0,44,7,0,0.2712343100563125,0.6788587434056842,0.6686026229084566
dirichlet_a1.0,44,7,1,0.3633366631108219,0.7316920155861435,0.7125912526649009
dirichlet_a1.0,44,7,2,0.41538206816939954,0.4968347905395861,0.7012016280121455
dirichlet_a1.0,44,7,3,0.36219532455289644,0.6383269733518383,0.6880483235351121
dirichlet_a1.0,44,7,4,0.3668973236525364,0.6626628720616156,0.7215323987337683
dirichlet_a1.0,44,8,0,0.257488429120377,0.611741481004706,0.688307071117488
dirichlet_a1.0,44,8,1,0.4146539812966443,0.7278887290285947,0.7744200515509733
dirichlet_a1.0,44,8,2,0.4701840652553005,0.5358107495606566,0.7618433916985157
dirichlet_a1.0,44,8,3,0.3075889901525417,0.44653233319219293,0.6712990591312519
dirichlet_a1.0,44,8,4,0.33720404230191675,0.5448439028593127,0.7099114999301649
dirichlet_a1.0,44,9,0,0.28010783405161205,0.6823631929896395,0.7251243705359046
dirichlet_a1.0,44,9,1,0.44996354550290824,0.7959557045365749,0.8135385777003782
dirichlet_a1.0,44,9,2,0.4577592051646979,0.600277778038174,0.7780693795782667
dirichlet_a1.0,44,9,3,0.2931025584095115,0.48611782537950554,0.6713207937793421
dirichlet_a1.0,44,9,4,0.30906920848372343,0.5281253379049743,0.7133540769788159
dirichlet_a0.5,42,0,0,0.6309758786864054,0.15077792713990326,0.6095344619487257
dirichlet_a0.5,42,0,1,0.722396063926692,0.5047967289854557,0.6513804369119162
dirichlet_a0.5,42,0,2,0.6694482093955997,-0.20998876817928452,0.5618052790890191
dirichlet_a0.5,42,0,3,0.6328498920047603,0.26432808640129285,0.7084431300435395
dirichlet_a0.5,42,0,4,0.7208088971359864,0.07016354923209726,0.605167870480957
dirichlet_a0.5,42,1,0,0.3298910496266398,-0.12296558539322111,0.5880325207597085
dirichlet_a0.5,42,1,1,0.38263145884880573,0.15863861151732084,0.6532210115639759
dirichlet_a0.5,42,1,2,0.4258475375423198,-0.2740184771202305,0.6107329195866096
dirichlet_a0.5,42,1,3,0.34808226795518704,-0.1804214820404983,0.6695081134886331
dirichlet_a0.5,42,1,4,0.4574647201894287,0.40183777793470066,0.6232922926868374
dirichlet_a0.5,42,2,0,0.3018256252384606,-0.14670501740954592,0.5930421149375574
dirichlet_a0.5,42,2,1,0.3091851053238699,0.19653890622801806,0.6376574579661567
dirichlet_a0.5,42,2,2,0.3409542802010714,-0.12496300279753297,0.6000162188462994
dirichlet_a0.5,42,2,3,0.29645960794845594,-0.004457695817519636,0.6913823863329188
dirichlet_a0.5,42,2,4,0.37326884604977206,0.3649996763721319,0.6503892523111856
dirichlet_a0.5,42,3,0,0.2579355655176404,-0.2121447466910571,0.5957168447960067
dirichlet_a0.5,42,3,1,0.29933282899462915,0.2493007435567019,0.6363947426685184
dirichlet_a0.5,42,3,2,0.3169476833459046,0.1342420163365055,0.5980382290387725
dirichlet_a0.5,42,3,3,0.28259575326906905,-0.09490318129460099,0.7051171091386055
dirichlet_a0.5,42,3,4,0.34269624056160264,0.3659848300840234,0.6476729129346724
dirichlet_a0.5,42,4,0,0.28264187061787954,0.09511103346161402,0.6086733230619418
dirichlet_a0.5,42,4,1,0.30881116818317605,0.27980955799298346,0.6353589317752832
dirichlet_a0.5,42,4,2,0.30020564101961694,0.006642077661791063,0.5842087360185685
dirichlet_a0.5,42,4,3,0.32170081270517314,0.2629766295457281,0.721305133694833
dirichlet_a0.5,42,4,4,0.34471984467631867,0.44677699053882675,0.6514263227751432
dirichlet_a0.5,42,5,0,0.30743837738896473,0.15806329007304598,0.6051675736086535
dirichlet_a0.5,42,5,1,0.3598703161511785,0.4726276428477525,0.6413565545961336
dirichlet_a0.5,42,5,2,0.3162859178350639,0.19424240624007236,0.5776466518540201
dirichlet_a0.5,42,5,3,0.40831518010308876,0.42982414791940626,0.737476882957917
dirichlet_a0.5,42,5,4,0.3502287841591026,0.4258690826243594,0.6562845092534693
dirichlet_a0.5,42,6,0,0.36433820640125864,0.45440225041061466,0.608838385479981
dirichlet_a0.5,42,6,1,0.4682995466777858,0.6375945467340647,0.6655832125281969
dirichlet_a0.5,42,6,2,0.30132503222506596,0.022183278151370063,0.5714982220517588
dirichlet_a0.5,42,6,3,0.597205216994773,0.6278376541740593,0.7656098655000032
dirichlet_a0.5,42,6,4,0.33102581115112567,0.306255059559497,0.6261953207782668
dirichlet_a0.5,42,7,0,0.42409196256234943,0.5364928909118696,0.6467341535586357
dirichlet_a0.5,42,7,1,0.5418262849696798,0.7151171701856761,0.6944338888023672
dirichlet_a0.5,42,7,2,0.3189968592303454,0.09110763007565614,0.5426133001090173
dirichlet_a0.5,42,7,3,0.6669010872178398,0.8133783181535864,0.7640492135181436
dirichlet_a0.5,42,7,4,0.3561044905388946,0.33416661992952373,0.6429901884441676
dirichlet_a0.5,42,8,0,0.40835882305961174,0.4594374616170871,0.6342004448838359
dirichlet_a0.5,42,8,1,0.5257753286919208,0.6206358396067115,0.7072911517548196
dirichlet_a0.5,42,8,2,0.35439921065924934,0.22101072987213902,0.5745304003954523
dirichlet_a0.5,42,8,3,0.6046431007129359,0.7258791461496531,0.753719723183391
dirichlet_a0.5,42,8,4,0.4319083794095127,0.3964869160684634,0.6462370242214532
dirichlet_a0.5,42,9,0,0.32398340303844775,0.12834217568540543,0.6184216095929758
dirichlet_a0.5,42,9,1,0.42563327187102634,0.5038602125214076,0.7040049343597125
dirichlet_a0.5,42,9,2,0.3608943726646114,0.3183328744265831,0.6058982530189695
dirichlet_a0.5,42,9,3,0.534832848996852,0.5980994793464257,0.7543039589770879
dirichlet_a0.5,42,9,4,0.5546961422087786,0.47207624922220454,0.662945740184192
dirichlet_a0.5,43,0,0,0.6217913474763378,0.2748685793215785,0.6342885872297637
dirichlet_a0.5,43,0,1,0.5133747380582893,0.1143864912138797,0.6383777442600972
dirichlet_a0.5,43,0,2,0.6030066513215285,0.18481820298423518,0.6376671694318753
dirichlet_a0.5,43,0,3,0.5108642888277689,0.11169888987228364,0.5375230434053964
dirichlet_a0.5,43,0,4,0.4480572335684964,0.4740539677438451,0.6879101726160549
dirichlet_a0.5,43,1,0,0.41661823079879473,0.0076882459485162775,0.6454458956837644
dirichlet_a0.5,43,1,1,0.3457489276814695,-0.08141722934351972,0.6596387279070438
dirichlet_a0.5,43,1,2,0.42143165584958175,0.11498620445948592,0.6601216734423204
dirichlet_a0.5,43,1,3,0.33698571666929333,-0.03858139845989971,0.5481503906813137
dirichlet_a0.5,43,1,4,0.3384416229567432,0.6207460300853322,0.7039976357293198
dirichlet_a0.5,43,2,0,0.3368388960379549,0.06867355833532506,0.6705783434689011
dirichlet_a0.5,43,2,1,0.32345466720428406,0.23939509913945406,0.6719772692678472
dirichlet_a0.5,43,2,2,0.3446070070612636,0.15423613099192443,0.6575313671056733
dirichlet_a0.5,43,2,3,0.28020616134328213,-0.02823937581911706,0.5649775664489755
dirichlet_a0.5,43,2,4,0.38936583156735843,0.6811153085719652,0.7288475895711168
dirichlet_a0.5,43,3,0,0.30266110060842194,0.15484703673072903,0.6663403213791635
dirichlet_a0.5,43,3,1,0.3223249119129339,0.4785101211186143,0.7007981270618282
dirichlet_a0.5,43,3,2,0.3703504215786335,0.3249962054690809,0.6628569401582065
dirichlet_a0.5,43,3,3,0.25811325574714544,0.12700058974468167,0.5444858288106134
dirichlet_a0.5,43,3,4,0.5424514938351095,0.8386002999373711,0.7453158809549147
dirichlet_a0.5,43,4,0,0.2891172113932762,0.38721899836648266,0.680646631833643
dirichlet_a0.5,43,4,1,0.3746766171001252,0.5864029461544853,0.7075218290844058
dirichlet_a0.5,43,4,2,0.4967073362554392,0.6111821593867194,0.7067924395974331
dirichlet_a0.5,43,4,3,0.25813627027405445,0.30108544263136877,0.5788477048777922
dirichlet_a0.5,43,4,4,0.6131452991467814,0.889314584018554,0.7887716099168917
dirichlet_a0.5,43,5,0,0.27871435925158233,0.36911698971455675,0.6486793486613079
dirichlet_a0.5,43,5,1,0.39183386075809157,0.5831855185223636,0.6816471893145175
dirichlet_a0.5,43,5,2,0.5210567136436759,0.6666160349474527,0.6918502482276612
dirichlet_a0.5,43,5,3,0.28895996833174037,0.5118179992032513,0.608588743894535
dirichlet_a0.5,43,5,4,0.5495912353289829,0.8776510124591722,0.789150145996619
dirichlet_a0.5,43,6,0,0.3156265313641904,0.47688173324879046,0.6444722819244318
dirichlet_a0.5,43,6,1,0.4450126952841724,0.4816735824114359,0.6808701402754639
dirichlet_a0.5,43,6,2,0.45779578975819396,0.5435004230801989,0.6736973967010467
dirichlet_a0.5,43,6,3,0.2790105957092344,0.35037906669768176,0.5430110261856012
dirichlet_a0.5,43,6,4,0.4291655301291213,0.8647779859983877,0.8132415968256794
dirichlet_a0.5,43,7,0,0.37911394334709314,0.578353651486493,0.6786168806296566
dirichlet_a0.5,43,7,1,0.5452502174381977,0.599224519177581,0.7041194568346657
dirichlet_a0.5,43,7,2,0.40869140053836506,0.3783451376957678,0.6294774690175824
dirichlet_a0.5,43,7,3,0.24695665553148813,0.29607245863624043,0.5442094077817454
dirichlet_a0.5,43,7,4,0.3663595355855091,0.7850508923699956,0.7940148023673903
dirichlet_a0.5,43,8,0,0.44106482494486626,0.6335862087314885,0.7182059568414145
dirichlet_a0.5,43,8,1,0.5681551697410061,0.6416780261976647,0.7361304446474891
dirichlet_a0.5,43,8,2,0.38291362987193467,0.2853347050816795,0.6431536796404065
dirichlet_a0.5,43,8,3,0.2356782272747933,0.10801978143375042,0.5428366437117119
dirichlet_a0.5,43,8,4,0.3092023090455781,0.8189584478793012,0.8130653143070895
dirichlet_a0.5,43,9,0,0.4211643451408202,0.732920186039065,0.7017434620174346
dirichlet_a0.5,43,9,1,0.48638399316794895,0.7117336947508486,0.7391209849855495
dirichlet_a0.5,43,9,2,0.3592810189063707,0.22949947905930027,0.6579219436546911
dirichlet_a0.5,43,9,3,0.19788510747627977,0.07595983282048063,0.5534317065720529
dirichlet_a0.5,43,9,4,0.28382198381905455,0.842051667789656,0.7794767264268427
dirichlet_a0.5,44,0,0,0.5323737847033362,-0.011248902410117157,0.5278797996661102
dirichlet_a0.5,44,0,1,0.6080936707511683,0.3223160857384335,0.5537701725097385
dirichlet_a0.5,44,0,2,0.4726586732787773,0.3634054904421976,0.6098706176961602
dirichlet_a0.5,44,0,3,0.47821596442092845,-0.044472741983721795,0.6565247634947134
dirichlet_a0.5,44,0,4,0.3630579790960523,0.6830466396169136,0.7454994435169727
dirichlet_a0.5,44,1,0,0.3523782656816811,-0.06624636704248395,0.4913220437531797
dirichlet_a0.5,44,1,1,0.39490574278570933,-0.11043761185376381,0.5325605058507159
dirichlet_a0.5,44,1,2,0.3077953619240952,-0.009981741590851377,0.5625844901519006
dirichlet_a0.5,44,1,3,0.35339301849428123,0.17660663346711547,0.7074860091576423
dirichlet_a0.5,44,1,4,0.31182475828230294,0.6994186076444671,0.740489861181772
dirichlet_a0.5,44,2,0,0.29794791370989726,-0.04014754523385022,0.4962902377753111
dirichlet_a0.5,44,2,1,0.3458161337299181,0.08566303578635098,0.5283782204825612
dirichlet_a0.5,44,2,2,0.2538229335998444,0.12292250464360949,0.526107086522171
dirichlet_a0.5,44,2,3,0.3152592691290072,-0.015860588862685137,0.7093240637962259
dirichlet_a0.5,44,2,4,0.43970653040736424,0.6742207202196726,0.7915668633522229
dirichlet_a0.5,44,3,0,0.2851103953942519,0.13398716119309934,0.4856952568483234
dirichlet_a0.5,44,3,1,0.35045731446875955,0.1666865625043117,0.5579067006428448
dirichlet_a0.5,44,3,2,0.24324493464768715,0.14115586060178972,0.552498986506052
dirichlet_a0.5,44,3,3,0.3149866408382148,0.2799792281876438,0.6641063879075694
dirichlet_a0.5,44,3,4,0.7099918241843066,0.7775697772228958,0.8480700179533214
dirichlet_a0.5,44,4,0,0.2988170065988815,0.3004093364220072,0.48709781055826323
dirichlet_a0.5,44,4,1,0.4460007365753759,0.5499396721604455,0.5834455510516566
dirichlet_a0.5,44,4,2,0.23886540705965814,0.2455187398008493,0.5197788000792929
dirichlet_a0.5,44,4,3,0.39368178294476164,0.510633214937139,0.659812841352628
dirichlet_a0.5,44,4,4,0.7965958332148949,0.9235866809223297,0.8670271304847121
dirichlet_a0.5,44,5,0,0.3259121651296935,0.42696433299680236,0.516870884217823
dirichlet_a0.5,44,5,1,0.49912758594056555,0.6672665733582444,0.5922173065030207
dirichlet_a0.5,44,5,2,0.26135145117682845,0.3562739683430796,0.5625734809408279
dirichlet_a0.5,44,5,3,0.39400600904877564,0.5730425140034402,0.6607338239991302
dirichlet_a0.5,44,5,4,0.675816960148623,0.913688571293658,0.8620427191855763
dirichlet_a0.5,44,6,0,0.32771092549117653,0.4548769408630384,0.578648569284479
dirichlet_a0.5,44,6,1,0.4399697257777427,0.517930569887562,0.5985317628633887
dirichlet_a0.5,44,6,2,0.26364033460134745,0.36495790884426416,0.5999869490032301
dirichlet_a0.5,44,6,3,0.40075911409673176,0.4674170154138956,0.7077686058272701
dirichlet_a0.5,44,6,4,0.5424540068399685,0.8934102880571545,0.8327514763940096
dirichlet_a0.5,44,7,0,0.32190566122732345,0.37347338841582156,0.5410010649627263
dirichlet_a0.5,44,7,1,0.36926466592976437,0.22924747558198932,0.5836434254212868
dirichlet_a0.5,44,7,2,0.24876493147929585,0.3799812387672471,0.6148343043287603
dirichlet_a0.5,44,7,3,0.4516976074769222,0.546875942512436,0.7610411576771283
dirichlet_a0.5,44,7,4,0.4863633349613759,0.9071662280057892,0.8582346676689845
dirichlet_a0.5,44,8,0,0.3246433896324616,0.4304176908673002,0.6146513798160246
dirichlet_a0.5,44,8,1,0.3091000220714533,0.006054471487415194,0.5274508853365006
dirichlet_a0.5,44,8,2,0.23741870229504555,0.31515393096719463,0.6295100047266425
dirichlet_a0.5,44,8,3,0.5120107683922508,0.6317458693036958,0.7609894438317315
dirichlet_a0.5,44,8,4,0.4980975449667107,0.9017410235223826,0.8664905285355892
dirichlet_a0.5,44,9,0,0.3131539394530542,0.5464530530806538,0.6255033396661529
dirichlet_a0.5,44,9,1,0.3275824599088568,0.008516521564744618,0.5659210667813743
dirichlet_a0.5,44,9,2,0.2388175176282059,0.4507583438151508,0.6532482584746269
dirichlet_a0.5,44,9,3,0.4213314059846227,0.5496530828615547,0.7844272382932453
dirichlet_a0.5,44,9,4,0.472913231398279,0.8824105768203401,0.8939670932358318
dirichlet_a0.1,42,0,0,0.7717331896540661,0.11099080537685375,0.6525837085338716
dirichlet_a0.1,42,0,1,0.7014952984103529,0.2352899781539743,0.5598315478962894
dirichlet_a0.1,42,0,2,0.7401862919181151,-0.22211117593239074,0.520720126274388
dirichlet_a0.1,42,0,3,0.757132955740389,0.3384378271678738,0.6211703669202505
dirichlet_a0.1,42,0,4,0.9056880031567685,0.019883184670829786,0.6343864824302644
dirichlet_a0.1,42,1,0,0.401527066686665,-0.3616122975518735,0.6287777190772273
dirichlet_a0.1,42,1,1,0.35548748625385007,-0.023535548371909396,0.6081467333143685
dirichlet_a0.1,42,1,2,0.4333621162854719,-0.2057155783588046,0.49047019140894865
dirichlet_a0.1,42,1,3,0.42636266024216335,0.3320196098797744,0.6210292464203953
dirichlet_a0.1,42,1,4,0.5448056731819789,0.15935792943731816,0.6600831741645331
dirichlet_a0.1,42,2,0,0.328281655879619,-0.35996846973439584,0.5998949104743662
dirichlet_a0.1,42,2,1,0.2719345650657028,-0.16088533014119247,0.551420703966797
dirichlet_a0.1,42,2,2,0.36939176559575004,0.08380049647769112,0.5079881341953335
dirichlet_a0.1,42,2,3,0.3932988347144704,0.42277507376153267,0.656131109160082
dirichlet_a0.1,42,2,4,0.45801098791738437,0.08796563726822182,0.6717016521669726
dirichlet_a0.1,42,3,0,0.31496665869470514,-0.32924711902994475,0.6109488464321123
dirichlet_a0.1,42,3,1,0.2746201561018249,0.1705351870727217,0.5665210750556017
dirichlet_a0.1,42,3,2,0.3450925102490856,0.16538953660815559,0.5016412551247353
dirichlet_a0.1,42,3,3,0.38014700924443395,0.4157308144706128,0.6705297569602615
dirichlet_a0.1,42,3,4,0.422669467935447,-0.14216897231709757,0.6550215707816394
dirichlet_a0.1,42,4,0,0.3031450335753387,-0.20708792154753553,0.6251078838456259
dirichlet_a0.1,42,4,1,0.2767085505891085,-0.1368380633007985,0.5903811782614901
dirichlet_a0.1,42,4,2,0.34709991585741545,0.4027453946295617,0.5018722519351134
dirichlet_a0.1,42,4,3,0.39460966910459705,0.3372218783542004,0.675702859006857
dirichlet_a0.1,42,4,4,0.42831557787594493,0.03625162742590336,0.6307280375673637
dirichlet_a0.1,42,5,0,0.3085963953493618,-0.15271608047269383,0.6149036025705981
dirichlet_a0.1,42,5,1,0.2759768889639266,0.009323626280166317,0.5895309458414443
dirichlet_a0.1,42,5,2,0.3457742042540557,0.22423068236209945,0.48236713687634997
dirichlet_a0.1,42,5,3,0.4171933785804705,0.49294572197330533,0.6821218100850645
dirichlet_a0.1,42,5,4,0.43190452162604864,-0.001115554874634068,0.6325097997386736
dirichlet_a0.1,42,6,0,0.33350631303499406,-0.00016228995393114372,0.6229484193011647
dirichlet_a0.1,42,6,1,0.28118405274099934,0.18422435493176528,0.5735574043261231
dirichlet_a0.1,42,6,2,0.3463614587581814,0.13429931696231426,0.4890116472545757
dirichlet_a0.1,42,6,3,0.48837791659892515,0.5772799443573204,0.6973111480865225
dirichlet_a0.1,42,6,4,0.4360657875139614,0.004460805882463825,0.6334841930116473
dirichlet_a0.1,42,7,0,0.3593661881045932,0.036377382328399994,0.6048476400161544
dirichlet_a0.1,42,7,1,0.31104112947156637,0.23070254474623356,0.6084367956851965
dirichlet_a0.1,42,7,2,0.35173369587134956,0.27782242039754196,0.46927396135958
dirichlet_a0.1,42,7,3,0.626359287563136,0.6397190884781738,0.7311650751051993
dirichlet_a0.1,42,7,4,0.44288813938943256,0.09579321016589644,0.612885785380216
dirichlet_a0.1,42,8,0,0.4030741718499678,0.278924455123138,0.6197668985733579
dirichlet_a0.1,42,8,1,0.37247810932928066,0.5156646196260616,0.6086686593147765
dirichlet_a0.1,42,8,2,0.34827481280229444,0.17753125841563724,0.4643339456352686
dirichlet_a0.1,42,8,3,0.7211213709427269,0.738488494646372,0.7277475182570516
dirichlet_a0.1,42,8,4,0.4698535316424239,0.07580232674925118,0.6221542360839984
dirichlet_a0.1,42,9,0,0.4276307110907607,0.34491838131191094,0.6556533139673134
dirichlet_a0.1,42,9,1,0.3935577817157228,0.4728872182505976,0.6418743051047886
dirichlet_a0.1,42,9,2,0.35422562720906225,0.16449106615972664,0.48506738475183003
dirichlet_a0.1,42,9,3,0.7212359087106952,0.7384525118411568,0.7220483422129962
dirichlet_a0.1,42,9,4,0.5322790627082201,0.19252686577481418,0.6118355516423627
dirichlet_a0.1,43,0,0,0.6563012020446163,0.36636856942436336,0.6082324522822156
dirichlet_a0.1,43,0,1,0.7472824962045556,-0.023340192145405027,0.5900249933676818
dirichlet_a0.1,43,0,2,0.6990288206404884,0.22489835489730664,0.5925871626244432
dirichlet_a0.1,43,0,3,0.7225898604293883,0.09341244469955823,0.6175456233681006
dirichlet_a0.1,43,0,4,0.16765216458172474,0.04833636042222532,0.5727181334562057
dirichlet_a0.1,43,1,0,0.4544684381143419,0.37408525366238743,0.5795119034271405
dirichlet_a0.1,43,1,1,0.5175377513902748,-0.27470644591670956,0.6283215607130844
dirichlet_a0.1,43,1,2,0.4370416763224687,0.4006341428552747,0.6454460515005419
dirichlet_a0.1,43,1,3,0.43570516623519057,-0.16852974010417732,0.6675486788503943
dirichlet_a0.1,43,1,4,0.2673566628111563,-0.5517681142612154,0.6122734237769556
dirichlet_a0.1,43,2,0,0.41120760706265436,0.458440763563835,0.5898023955196827
dirichlet_a0.1,43,2,1,0.44845689399885696,-0.024892632509719376,0.6480849899015306
dirichlet_a0.1,43,2,2,0.3575365955326521,0.4001337266639911,0.6396289089954057
dirichlet_a0.1,43,2,3,0.36463889325844145,-0.06759894551317917,0.6589084775355296
dirichlet_a0.1,43,2,4,0.16150997203453768,-0.629505448902081,0.5514947954042717
dirichlet_a0.1,43,3,0,0.3992739478973436,0.4796089426560343,0.5960220847468902
dirichlet_a0.1,43,3,1,0.45408877511003154,0.07143543929102607,0.6749595334708086
dirichlet_a0.1,43,3,2,0.35667839889083613,0.4579014762939425,0.6352616835554373
dirichlet_a0.1,43,3,3,0.3861488555297927,0.15926949988212463,0.6764821097289666
dirichlet_a0.1,43,3,4,0.16415917360836826,-0.5306719058027558,0.5423993141015692
dirichlet_a0.1,43,4,0,0.4618663152546329,0.6357335248033079,0.6172313508797441
dirichlet_a0.1,43,4,1,0.4680498204209498,0.13096908129334028,0.69154427802821
dirichlet_a0.1,43,4,2,0.43458836223933694,0.6616493790221422,0.6444379816780573
dirichlet_a0.1,43,4,3,0.48336240352150794,0.37399731156049004,0.6781518103824342
dirichlet_a0.1,43,4,4,0.1364458735857746,-0.442625412365744,0.5380834666278901
dirichlet_a0.1,43,5,0,0.5221964471848164,0.7413387772944965,0.6452482955920238
dirichlet_a0.1,43,5,1,0.4976609011928614,0.22505049680372388,0.6885452397557609
dirichlet_a0.1,43,5,2,0.5473323987086385,0.6947109719726249,0.6571684766364452
dirichlet_a0.1,43,5,3,0.5674715277238374,0.5280040746249766,0.6983873952091547
dirichlet_a0.1,43,5,4,0.1258692217548442,-0.23348582645240376,0.5334619052363399
dirichlet_a0.1,43,6,0,0.5088725162158747,0.7252587881882745,0.6109662329282719
dirichlet_a0.1,43,6,1,0.5579985453856805,0.21135477098089286,0.6576715238197656
dirichlet_a0.1,43,6,2,0.563620686965245,0.7036195249246571,0.6401360361329175
dirichlet_a0.1,43,6,3,0.5850764957592616,0.4656070481550997,0.6908404129476288
dirichlet_a0.1,43,6,4,0.12145021178818043,-0.24596191363253103,0.5289211205505968
dirichlet_a0.1,43,7,0,0.4487641833435947,0.5531776218253324,0.589533667309929
dirichlet_a0.1,43,7,1,0.6951098452026839,0.3950950309137176,0.6829171621086009
dirichlet_a0.1,43,7,2,0.5181027698800633,0.5893690792647668,0.6570177319480452
dirichlet_a0.1,43,7,3,0.5065596832851127,0.33269835669999287,0.6418848235576954
dirichlet_a0.1,43,7,4,0.15285786362313394,-0.25055628613016895,0.5319519437567819
dirichlet_a0.1,43,8,0,0.43081000625879023,0.5425836672707796,0.5977710044728592
dirichlet_a0.1,43,8,1,0.7678610745767113,0.4865726937753014,0.6779851069893073
dirichlet_a0.1,43,8,2,0.47599144566377666,0.45427359985794025,0.6256365461100992
dirichlet_a0.1,43,8,3,0.47131578526783835,0.047128350423018536,0.6311563766122738
dirichlet_a0.1,43,8,4,0.1482869681893393,-0.2928003373955422,0.5325614243764636
dirichlet_a0.1,43,9,0,0.45570181379180025,0.5826560273795703,0.6336749545178896
dirichlet_a0.1,43,9,1,0.7266884905845918,0.4639071010804109,0.6945057610673135
dirichlet_a0.1,43,9,2,0.44169638585921145,0.4195308237337878,0.6224439053972104
dirichlet_a0.1,43,9,3,0.41661842851098246,0.036916137877514986,0.6309824135839903
dirichlet_a0.1,43,9,4,0.13041214105173732,-0.36139340525661084,0.516701030927835
dirichlet_a0.1,44,0,0,0.5847765718430358,-0.08772239965304547,0.5628675897450433
dirichlet_a0.1,44,0,1,0.6365462869381509,0.36802038159913086,0.5329218690211307
dirichlet_a0.1,44,0,2,0.5060427528643066,0.08830742376165732,0.6163036238148553
dirichlet_a0.1,44,0,3,0.7478388430448594,0.029464089239211493,0.6120378112555094
dirichlet_a0.1,44,0,4,0.6546440863585336,0.3670365747240263,0.6682515837360582
dirichlet_a0.1,44,1,0,0.36644506961025164,-0.49512459108048756,0.5510952996659167
dirichlet_a0.1,44,1,1,0.429001968409242,0.4031303093441176,0.4879857099081458
dirichlet_a0.1,44,1,2,0.3314812945365628,-0.349096887572152,0.5455795633749131
dirichlet_a0.1,44,1,3,0.5364084197128021,0.15332575989227162,0.6368059552014589
dirichlet_a0.1,44,1,4,0.5973943091258546,0.3273440499288611,0.710177206107669
dirichlet_a0.1,44,2,0,0.28818562083006893,-0.4383767533141337,0.552821424303979
dirichlet_a0.1,44,2,1,0.3718809317976091,0.27479983666191454,0.49129973712510455
dirichlet_a0.1,44,2,2,0.2676130674367901,-0.4791730856113532,0.5267430397897
dirichlet_a0.1,44,2,3,0.4983338865722179,0.3940565320694683,0.6368219022583343
dirichlet_a0.1,44,2,4,0.802844402279511,0.4633018518680882,0.7296197275660175
dirichlet_a0.1,44,3,0,0.286957464010289,-0.27334712582955606,0.504897394449163
dirichlet_a0.1,44,3,1,0.3663025932738561,0.3223692570268201,0.4737595550563029
dirichlet_a0.1,44,3,2,0.25645308867608096,-0.2997867617437187,0.48374613003095973
dirichlet_a0.1,44,3,3,0.5326773325816385,0.39824705112253883,0.5852420614263405
dirichlet_a0.1,44,3,4,0.940938593597373,0.6298813522149005,0.7611098934217376
dirichlet_a0.1,44,4,0,0.3008681234269502,-0.10395664081520785,0.4958398178278122
dirichlet_a0.1,44,4,1,0.37138062154453527,0.24664160142887548,0.4907734907128565
dirichlet_a0.1,44,4,2,0.2499373410179387,-0.1540833254644899,0.46162189839049794
dirichlet_a0.1,44,4,3,0.5958323891393608,0.45506306507376254,0.5791849411511073
dirichlet_a0.1,44,4,4,0.8860864496849542,0.758640351468375,0.7657766908529889
dirichlet_a0.1,44,5,0,0.3018641739913492,0.018457957250912482,0.5216733704518285
dirichlet_a0.1,44,5,1,0.370376222022889,0.33126421283985474,0.48431050083549637
dirichlet_a0.1,44,5,2,0.26513726392672327,-0.23383546953068413,0.49691890071132777
dirichlet_a0.1,44,5,3,0.6323337895192274,0.49756856958112905,0.6343696130297807
dirichlet_a0.1,44,5,4,0.7565363741085297,0.667402858382777,0.7509031947003771
dirichlet_a0.1,44,6,0,0.2978602160136989,-0.08409211497065232,0.5080355913421503
dirichlet_a0.1,44,6,1,0.3758355164624887,0.38243564672994657,0.5024424788045295
dirichlet_a0.1,44,6,2,0.2447594020250914,-0.22663553420123428,0.4936561120983024
dirichlet_a0.1,44,6,3,0.6642015515255052,0.41711965285711705,0.6429981181438472
dirichlet_a0.1,44,6,4,0.6353460670611069,0.6523158400859946,0.7616534106183898
dirichlet_a0.1,44,7,0,0.30148597316231296,-0.060452880476733174,0.5460135326352621
dirichlet_a0.1,44,7,1,0.37663251445618107,0.3160235570765467,0.5077053693174509
dirichlet_a0.1,44,7,2,0.24510178983783926,-0.19661574683756963,0.5236242249607657
dirichlet_a0.1,44,7,3,0.7142831413751303,0.46109564492449506,0.6738339036249967
dirichlet_a0.1,44,7,4,0.5604122877068024,0.5500365399363275,0.739181610023412
dirichlet_a0.1,44,8,0,0.295337987253313,-0.17791172893529525,0.5440558110036467
dirichlet_a0.1,44,8,1,0.3739053966609349,0.2977333216701994,0.5375994926272396
dirichlet_a0.1,44,8,2,0.23506400892101295,-0.20703406573510078,0.5554907245917234
dirichlet_a0.1,44,8,3,0.7148898847426948,0.5018053764209865,0.6643285238623752
dirichlet_a0.1,44,8,4,0.48457521708858803,0.5714851136910128,0.7258855240209291
dirichlet_a0.1,44,9,0,0.2922342634763618,-0.06552349898847842,0.5715053696998159
dirichlet_a0.1,44,9,1,0.3828356494913139,0.31274156396492897,0.5740388299121322
dirichlet_a0.1,44,9,2,0.2228919476320201,-0.12256979700850368,0.5080576393094158
dirichlet_a0.1,44,9,3,0.6671394538926364,0.48370553999841165,0.6666089944016709
dirichlet_a0.1,44,9,4,0.4764883861556232,0.5233539138856635,0.7207199970339978
