partition,seed,round,client_i,client_j,cos_ij
iid,42,0,0,1,0.9807138340009921
iid,42,0,0,2,0.972618758926478
iid,42,0,0,3,0.9900711524589147
iid,42,0,0,4,0.9817564282109704
iid,42,0,1,2,0.9777898879374383
iid,42,0,1,3,0.9817198773001046
iid,42,0,1,4,0.9826986618739928
iid,42,0,2,3,0.9902082341833816
iid,42,0,2,4,0.9835841478736708
iid,42,0,3,4,0.9856437276189055
iid,42,1,0,1,0.9700883941804821
iid,42,1,0,2,0.9573684501352293
iid,42,1,0,3,0.9829679589070942
iid,42,1,0,4,0.973045826338751
iid,42,1,1,2,0.9713120194844651
iid,42,1,1,3,0.9712751244487766
iid,42,1,1,4,0.9743204604324207
iid,42,1,2,3,0.9865014719733629
iid,42,1,2,4,0.9711311277856477
iid,42,1,3,4,0.9801500681800892
iid,42,2,0,1,0.9574765566872733
iid,42,2,0,2,0.9414639013736289
iid,42,2,0,3,0.965131907859004
iid,42,2,0,4,0.9490791419667121
iid,42,2,1,2,0.9583582641618069
iid,42,2,1,3,0.9588445193147875
iid,42,2,1,4,0.9580808968369214
iid,42,2,2,3,0.9803785137020532
iid,42,2,2,4,0.9493908632286517
iid,42,2,3,4,0.9678603881494662
iid,42,3,0,1,0.9483555220978429
iid,42,3,0,2,0.9167848786371231
iid,42,3,0,3,0.9662175936411669
iid,42,3,0,4,0.9234775425306754
iid,42,3,1,2,0.9433763597033211
iid,42,3,1,3,0.9515670124420941
iid,42,3,1,4,0.9408229255873582
iid,42,3,2,3,0.9744715994306888
iid,42,3,2,4,0.9447346258378381
iid,42,3,3,4,0.948189566670964
iid,42,4,0,1,0.9622918277534184
iid,42,4,0,2,0.9266339048438129
iid,42,4,0,3,0.9666209589966266
iid,42,4,0,4,0.9581603081460893
iid,42,4,1,2,0.9534030802685362
iid,42,4,1,3,0.9659197137970379
iid,42,4,1,4,0.9534108282060995
iid,42,4,2,3,0.9818339237010422
iid,42,4,2,4,0.9506273955151129
iid,42,4,3,4,0.955404702513031
iid,42,5,0,1,0.9622505035137431
iid,42,5,0,2,0.9510631730257886
iid,42,5,0,3,0.9792673744667657
iid,42,5,0,4,0.9609313384625472
iid,42,5,1,2,0.9572981431715784
iid,42,5,1,3,0.9620436540607963
iid,42,5,1,4,0.9573565719843192
iid,42,5,2,3,0.9744936376878846
iid,42,5,2,4,0.9670481549193337
iid,42,5,3,4,0.9691440558180259
iid,42,6,0,1,0.9812985429245868
iid,42,6,0,2,0.9709995261848907
iid,42,6,0,3,0.987229504893194
iid,42,6,0,4,0.9787189229533438
iid,42,6,1,2,0.9747651867631674
iid,42,6,1,3,0.9745934868359244
iid,42,6,1,4,0.9701050018416377
iid,42,6,2,3,0.9870272971248256
iid,42,6,2,4,0.9802490839413868
iid,42,6,3,4,0.9833414730054019
iid,42,7,0,1,0.9887968006805162
iid,42,7,0,2,0.9832480360099699
iid,42,7,0,3,0.9897836540832613
iid,42,7,0,4,0.9894555194461316
iid,42,7,1,2,0.9897008209521242
iid,42,7,1,3,0.9917138818913233
iid,42,7,1,4,0.988773246811459
iid,42,7,2,3,0.9957957395942378
iid,42,7,2,4,0.9868913159970557
iid,42,7,3,4,0.9933695755484313
iid,42,8,0,1,0.9938975924736969
iid,42,8,0,2,0.9904285709762446
iid,42,8,0,3,0.9957397498942946
iid,42,8,0,4,0.9938661707466243
iid,42,8,1,2,0.994513199175074
iid,42,8,1,3,0.9948895402398054
iid,42,8,1,4,0.9963723747272525
iid,42,8,2,3,0.9956431305065095
iid,42,8,2,4,0.9957386971179567
iid,42,8,3,4,0.9960246253005643
iid,42,9,0,1,0.9968368841029773
iid,42,9,0,2,0.9944469941796049
iid,42,9,0,3,0.9972014391341515
iid,42,9,0,4,0.9967492787184946
iid,42,9,1,2,0.9959412965320704
iid,42,9,1,3,0.9968423330763915
iid,42,9,1,4,0.995890652123355
iid,42,9,2,3,0.9963875794770662
iid,42,9,2,4,0.9951421234759528
iid,42,9,3,4,0.9973598676425134
iid,43,0,0,1,0.9863638514247889
iid,43,0,0,2,0.9897270475315713
iid,43,0,0,3,0.9865556661852604
iid,43,0,0,4,0.9838672591591243
iid,43,0,1,2,0.9856065576065842
iid,43,0,1,3,0.9794483687028847
iid,43,0,1,4,0.9872231426534912
iid,43,0,2,3,0.9869880450933908
iid,43,0,2,4,0.9894351290620108
iid,43,0,3,4,0.9820474169655692
iid,43,1,0,1,0.9665815898175942
iid,43,1,0,2,0.9768199571456431
iid,43,1,0,3,0.9729748978076644
iid,43,1,0,4,0.9719303649806645
iid,43,1,1,2,0.9733400100217213
iid,43,1,1,3,0.9682602788398408
iid,43,1,1,4,0.9858450570933484
iid,43,1,2,3,0.9772773519598481
iid,43,1,2,4,0.9858036923646418
iid,43,1,3,4,0.9623343707835422
iid,43,2,0,1,0.9729262624666273
iid,43,2,0,2,0.9781014916187674
iid,43,2,0,3,0.9767861750499384
iid,43,2,0,4,0.9674810381338804
iid,43,2,1,2,0.975714481568384
iid,43,2,1,3,0.9751603712623235
iid,43,2,1,4,0.9828181462832456
iid,43,2,2,3,0.9698996803178258
iid,43,2,2,4,0.9837769991466121
iid,43,2,3,4,0.9659172359247946
iid,43,3,0,1,0.9887559353379404
iid,43,3,0,2,0.9865162485656241
iid,43,3,0,3,0.980621809710623
iid,43,3,0,4,0.9868432662147657
iid,43,3,1,2,0.9884466952246195
iid,43,3,1,3,0.9864053229659246
iid,43,3,1,4,0.9960249634062138
iid,43,3,2,3,0.986386035691714
iid,43,3,2,4,0.9904978464218996
iid,43,3,3,4,0.9826889383166405
iid,43,4,0,1,0.991656530451665
iid,43,4,0,2,0.9942139019067957
iid,43,4,0,3,0.9955088690962124
iid,43,4,0,4,0.9935051217418593
iid,43,4,1,2,0.9955594805121523
iid,43,4,1,3,0.9951156713812542
iid,43,4,1,4,0.99692185035616
iid,43,4,2,3,0.9955089275859136
iid,43,4,2,4,0.9974428441549669
iid,43,4,3,4,0.9949775958325219
iid,43,5,0,1,0.9965716396725134
iid,43,5,0,2,0.996542128335908
iid,43,5,0,3,0.9971833003040208
iid,43,5,0,4,0.9930443109361533
iid,43,5,1,2,0.9968637371998657
iid,43,5,1,3,0.9970267288817799
iid,43,5,1,4,0.9957147727118046
iid,43,5,2,3,0.9983337083711185
iid,43,5,2,4,0.9967681856480087
iid,43,5,3,4,0.995154105744636
iid,43,6,0,1,0.988760081738386
iid,43,6,0,2,0.9920877301046149
iid,43,6,0,3,0.9875110545645904
iid,43,6,0,4,0.9909156119308787
iid,43,6,1,2,0.9900047569972448
iid,43,6,1,3,0.9903277394966826
iid,43,6,1,4,0.98952984068251
iid,43,6,2,3,0.9877706892646481
iid,43,6,2,4,0.9945451239504388
iid,43,6,3,4,0.9823990391099403
iid,43,7,0,1,0.9927811084190586
iid,43,7,0,2,0.9822119580592427
iid,43,7,0,3,0.9909002319613274
iid,43,7,0,4,0.9790363903180537
iid,43,7,1,2,0.9830406751687149
iid,43,7,1,3,0.9911943035158364
iid,43,7,1,4,0.978822503549138
iid,43,7,2,3,0.9806929993942335
iid,43,7,2,4,0.9696570665230976
iid,43,7,3,4,0.9852289773971185
iid,43,8,0,1,0.9856445679047345
iid,43,8,0,2,0.980362416335522
iid,43,8,0,3,0.9828565804748639
iid,43,8,0,4,0.9821626382316713
iid,43,8,1,2,0.9848437571689678
iid,43,8,1,3,0.9859423180815332
iid,43,8,1,4,0.984949634627538
iid,43,8,2,3,0.9903022469993885
iid,43,8,2,4,0.985202431093173
iid,43,8,3,4,0.9877816345033608
iid,43,9,0,1,0.9726316404713766
iid,43,9,0,2,0.9707498942109944
iid,43,9,0,3,0.9608300945480068
iid,43,9,0,4,0.9500868940657028
iid,43,9,1,2,0.9738432405341884
iid,43,9,1,3,0.9749980730026503
iid,43,9,1,4,0.9623910578066678
iid,43,9,2,3,0.9703286918421085
iid,43,9,2,4,0.9483439262950762
iid,43,9,3,4,0.9622669100299823
iid,44,0,0,1,0.9712953910955878
iid,44,0,0,2,0.9735212564383936
iid,44,0,0,3,0.9723285302971211
iid,44,0,0,4,0.9745574376807397
iid,44,0,1,2,0.9777238237823314
iid,44,0,1,3,0.9717036834463093
iid,44,0,1,4,0.9805926118806638
iid,44,0,2,3,0.97532050478599
iid,44,0,2,4,0.9716549720040747
iid,44,0,3,4,0.9766676776119442
iid,44,1,0,1,0.936050018587396
iid,44,1,0,2,0.9138801366000984
iid,44,1,0,3,0.9344454128862412
iid,44,1,0,4,0.9617578753816293
iid,44,1,1,2,0.9668037288974357
iid,44,1,1,3,0.9387061351033192
iid,44,1,1,4,0.9519334103937173
iid,44,1,2,3,0.9495491069473179
iid,44,1,2,4,0.9529737247864581
iid,44,1,3,4,0.9268748913450858
iid,44,2,0,1,0.9579820247294656
iid,44,2,0,2,0.9506609635181552
iid,44,2,0,3,0.9375128545198169
iid,44,2,0,4,0.9734392804743942
iid,44,2,1,2,0.9775698758392383
iid,44,2,1,3,0.9577966692407236
iid,44,2,1,4,0.9824096415463827
iid,44,2,2,3,0.9627773502005328
iid,44,2,2,4,0.9818709580394216
iid,44,2,3,4,0.9616786799669974
iid,44,3,0,1,0.9700636566684567
iid,44,3,0,2,0.9685890832433951
iid,44,3,0,3,0.9593901399381717
iid,44,3,0,4,0.9769138473801962
iid,44,3,1,2,0.9851679925710486
iid,44,3,1,3,0.9664707693334578
iid,44,3,1,4,0.9811810204875449
iid,44,3,2,3,0.977941046575319
iid,44,3,2,4,0.9802405329466056
iid,44,3,3,4,0.9771067957354527
iid,44,4,0,1,0.9903859033706061
iid,44,4,0,2,0.9917866071104224
iid,44,4,0,3,0.989415188972567
iid,44,4,0,4,0.9918538200165686
iid,44,4,1,2,0.9942174434826229
iid,44,4,1,3,0.9902648515857231
iid,44,4,1,4,0.9874328573969102
iid,44,4,2,3,0.9923297553971394
iid,44,4,2,4,0.9938094473200654
iid,44,4,3,4,0.9887311525256532
iid,44,5,0,1,0.9955834757487179
iid,44,5,0,2,0.9922068563118153
iid,44,5,0,3,0.9933304657327927
iid,44,5,0,4,0.9958433948810538
iid,44,5,1,2,0.9950080928345548
iid,44,5,1,3,0.9925061448519666
iid,44,5,1,4,0.9956187500301349
iid,44,5,2,3,0.9955420502959333
iid,44,5,2,4,0.9948294389927566
iid,44,5,3,4,0.9943636167871378
iid,44,6,0,1,0.9938271292652645
iid,44,6,0,2,0.9934763640374723
iid,44,6,0,3,0.9946404172747131
iid,44,6,0,4,0.9935818210384773
iid,44,6,1,2,0.9949858425864275
iid,44,6,1,3,0.9921638061120774
iid,44,6,1,4,0.9950210178187172
iid,44,6,2,3,0.9939142834582763
iid,44,6,2,4,0.9945169154956689
iid,44,6,3,4,0.9929465888739172
iid,44,7,0,1,0.9899300785696984
iid,44,7,0,2,0.9948291864828244
iid,44,7,0,3,0.990371714482821
iid,44,7,0,4,0.9933927453648848
iid,44,7,1,2,0.9909123944842816
iid,44,7,1,3,0.9890399812570586
iid,44,7,1,4,0.9902653778479612
iid,44,7,2,3,0.9926731338974832
iid,44,7,2,4,0.9932497495371337
iid,44,7,3,4,0.9896202297379226
iid,44,8,0,1,0.9902743496527389
iid,44,8,0,2,0.9847703593541306
iid,44,8,0,3,0.9736809596381875
iid,44,8,0,4,0.9702586587264265
iid,44,8,1,2,0.9855126155253003
iid,44,8,1,3,0.9795825108960415
iid,44,8,1,4,0.9714613719093479
iid,44,8,2,3,0.9902817170463877
iid,44,8,2,4,0.9860660320297078
iid,44,8,3,4,0.9858194048442289
iid,44,9,0,1,0.98336840897803
iid,44,9,0,2,0.9811559909485633
iid,44,9,0,3,0.9865946945680328
iid,44,9,0,4,0.9876013456218177
iid,44,9,1,2,0.983816558388169
iid,44,9,1,3,0.9833447667806458
iid,44,9,1,4,0.979748580056877
iid,44,9,2,3,0.9795088548773698
iid,44,9,2,4,0.9846402297557808
iid,44,9,3,4,0.9845630326710465
dirichlet_a1.0,42,0,0,1,0.10949134236066994
dirichlet_a1.0,42,0,0,2,0.11791638261354609
dirichlet_a1.0,42,0,0,3,0.1456023136289415
dirichlet_a1.0,42,0,0,4,0.21714842567183992
dirichlet_a1.0,42,0,1,2,0.46611141975583703
dirichlet_a1.0,42,0,1,3,0.2198249185551275
dirichlet_a1.0,42,0,1,4,0.4849295619304752
dirichlet_a1.0,42,0,2,3,0.3708740687507561
dirichlet_a1.0,42,0,2,4,-0.008267038522114379
dirichlet_a1.0,42,0,3,4,0.38512161953313195
dirichlet_a1.0,42,1,0,1,-0.0625682569120021
dirichlet_a1.0,42,1,0,2,0.0820236312868089
dirichlet_a1.0,42,1,0,3,-0.13587167483444623
dirichlet_a1.0,42,1,0,4,0.029517620413531172
dirichlet_a1.0,42,1,1,2,0.3901202383062509
dirichlet_a1.0,42,1,1,3,-0.04027171659238307
dirichlet_a1.0,42,1,1,4,0.24929027035934456
dirichlet_a1.0,42,1,2,3,0.37440221930870765
dirichlet_a1.0,42,1,2,4,-0.32170097439748435
dirichlet_a1.0,42,1,3,4,0.2026256386446736
dirichlet_a1.0,42,2,0,1,-0.020301815807723236
dirichlet_a1.0,42,2,0,2,0.20134782079829744
dirichlet_a1.0,42,2,0,3,-0.1315317311587029
dirichlet_a1.0,42,2,0,4,-0.24423235166418725
dirichlet_a1.0,42,2,1,2,0.3272712174269352
dirichlet_a1.0,42,2,1,3,-0.3199033138705264
dirichlet_a1.0,42,2,1,4,-0.007576749121012151
dirichlet_a1.0,42,2,2,3,0.3657202462580852
dirichlet_a1.0,42,2,2,4,-0.5021908502090235
dirichlet_a1.0,42,2,3,4,0.0835658153292372
dirichlet_a1.0,42,3,0,1,-0.1715197053592756
dirichlet_a1.0,42,3,0,2,0.14115801157749142
dirichlet_a1.0,42,3,0,3,-0.11005784172613382
dirichlet_a1.0,42,3,0,4,0.0036577863467743984
dirichlet_a1.0,42,3,1,2,0.39518040698443613
dirichlet_a1.0,42,3,1,3,-0.34378243075922627
dirichlet_a1.0,42,3,1,4,0.12155299184567513
dirichlet_a1.0,42,3,2,3,0.31841411256980695
dirichlet_a1.0,42,3,2,4,-0.4228358558578594
dirichlet_a1.0,42,3,3,4,0.0855046718140072
dirichlet_a1.0,42,4,0,1,-0.026171610868006085
dirichlet_a1.0,42,4,0,2,0.2500273860465936
dirichlet_a1.0,42,4,0,3,-0.10654642543248846
dirichlet_a1.0,42,4,0,4,0.11758057799508928
dirichlet_a1.0,42,4,1,2,0.422573440351268
dirichlet_a1.0,42,4,1,3,-0.26002793821291625
dirichlet_a1.0,42,4,1,4,0.11418310158381259
dirichlet_a1.0,42,4,2,3,0.33945592932554935
dirichlet_a1.0,42,4,2,4,-0.462594714959773
dirichlet_a1.0,42,4,3,4,0.05173230359213009
dirichlet_a1.0,42,5,0,1,0.32982847125016834
dirichlet_a1.0,42,5,0,2,0.6222586755901414
dirichlet_a1.0,42,5,0,3,0.016442869795516214
dirichlet_a1.0,42,5,0,4,-0.08889511195637124
dirichlet_a1.0,42,5,1,2,0.6290263454315169
dirichlet_a1.0,42,5,1,3,-0.018444062347368277
dirichlet_a1.0,42,5,1,4,0.10920308772439483
dirichlet_a1.0,42,5,2,3,0.4682148500940795
dirichlet_a1.0,42,5,2,4,-0.2620016805553124
dirichlet_a1.0,42,5,3,4,-0.04998604574025314
dirichlet_a1.0,42,6,0,1,0.6240143793229257
dirichlet_a1.0,42,6,0,2,0.8241536694245258
dirichlet_a1.0,42,6,0,3,0.3444562441568855
dirichlet_a1.0,42,6,0,4,0.2277184977209374
dirichlet_a1.0,42,6,1,2,0.7150796380773117
dirichlet_a1.0,42,6,1,3,0.13480911761336412
dirichlet_a1.0,42,6,1,4,0.32669995375083255
dirichlet_a1.0,42,6,2,3,0.5508057637764666
dirichlet_a1.0,42,6,2,4,-0.012109386830372866
dirichlet_a1.0,42,6,3,4,0.12280289548741864
dirichlet_a1.0,42,7,0,1,0.6162787519041178
dirichlet_a1.0,42,7,0,2,0.8079819961414716
dirichlet_a1.0,42,7,0,3,0.4792331706413649
dirichlet_a1.0,42,7,0,4,0.33733220806904657
dirichlet_a1.0,42,7,1,2,0.7268405377145812
dirichlet_a1.0,42,7,1,3,0.3103959647421878
dirichlet_a1.0,42,7,1,4,0.39189691737152044
dirichlet_a1.0,42,7,2,3,0.6883576850434873
dirichlet_a1.0,42,7,2,4,0.11666308802219741
dirichlet_a1.0,42,7,3,4,0.1303146149535182
dirichlet_a1.0,42,8,0,1,0.3480382543964933
dirichlet_a1.0,42,8,0,2,0.6567186542263493
dirichlet_a1.0,42,8,0,3,0.4107570678236201
dirichlet_a1.0,42,8,0,4,0.47595889236848804
dirichlet_a1.0,42,8,1,2,0.6179018598909312
dirichlet_a1.0,42,8,1,3,0.2582207629909276
dirichlet_a1.0,42,8,1,4,0.3736039537725588
dirichlet_a1.0,42,8,2,3,0.7235242517806872
dirichlet_a1.0,42,8,2,4,0.21470030094511558
dirichlet_a1.0,42,8,3,4,0.25515756774770987
dirichlet_a1.0,42,9,0,1,0.16827912277782447
dirichlet_a1.0,42,9,0,2,0.4917654770186336
dirichlet_a1.0,42,9,0,3,0.2643436580482467
dirichlet_a1.0,42,9,0,4,0.2548751327757392
dirichlet_a1.0,42,9,1,2,0.6389850128732036
dirichlet_a1.0,42,9,1,3,0.22636303528765858
dirichlet_a1.0,42,9,1,4,0.47931886078406216
dirichlet_a1.0,42,9,2,3,0.6756680234163349
dirichlet_a1.0,42,9,2,4,0.22358120284462277
dirichlet_a1.0,42,9,3,4,0.26607638725581306
dirichlet_a1.0,43,0,0,1,0.5273285834981477
dirichlet_a1.0,43,0,0,2,0.23237399483809906
dirichlet_a1.0,43,0,0,3,0.24510437209094849
dirichlet_a1.0,43,0,0,4,0.13722844016008776
dirichlet_a1.0,43,0,1,2,0.52885171653881
dirichlet_a1.0,43,0,1,3,0.148333801889709
dirichlet_a1.0,43,0,1,4,0.04474701414786347
dirichlet_a1.0,43,0,2,3,0.18634234214189155
dirichlet_a1.0,43,0,2,4,0.23469251663595145
dirichlet_a1.0,43,0,3,4,0.6150195875161562
dirichlet_a1.0,43,1,0,1,0.34768378958990503
dirichlet_a1.0,43,1,0,2,-0.12289148492630723
dirichlet_a1.0,43,1,0,3,0.08532822780868451
dirichlet_a1.0,43,1,0,4,-0.061167589846640655
dirichlet_a1.0,43,1,1,2,0.43190910452506515
dirichlet_a1.0,43,1,1,3,-0.2042004001920703
dirichlet_a1.0,43,1,1,4,-0.2950225522291152
dirichlet_a1.0,43,1,2,3,-0.15906754569338813
dirichlet_a1.0,43,1,2,4,-0.07760816239644132
dirichlet_a1.0,43,1,3,4,0.5457874319228835
dirichlet_a1.0,43,2,0,1,0.31060388196238964
dirichlet_a1.0,43,2,0,2,-0.25377597130578977
dirichlet_a1.0,43,2,0,3,0.19606599579763193
dirichlet_a1.0,43,2,0,4,0.06922058369836921
dirichlet_a1.0,43,2,1,2,0.38560550553243844
dirichlet_a1.0,43,2,1,3,0.05895211637820429
dirichlet_a1.0,43,2,1,4,0.028564980900904414
dirichlet_a1.0,43,2,2,3,-0.1860128572440589
dirichlet_a1.0,43,2,2,4,0.03327402976815938
dirichlet_a1.0,43,2,3,4,0.5574014644429552
dirichlet_a1.0,43,3,0,1,0.4717520756165187
dirichlet_a1.0,43,3,0,2,-0.23383821696327933
dirichlet_a1.0,43,3,0,3,0.4290813212560672
dirichlet_a1.0,43,3,0,4,0.3850916400618058
dirichlet_a1.0,43,3,1,2,0.36487895108926877
dirichlet_a1.0,43,3,1,3,0.24323790385402216
dirichlet_a1.0,43,3,1,4,0.3620053689835461
dirichlet_a1.0,43,3,2,3,0.01180806766001979
dirichlet_a1.0,43,3,2,4,0.22410963541902407
dirichlet_a1.0,43,3,3,4,0.7963252135863853
dirichlet_a1.0,43,4,0,1,0.6614348260855674
dirichlet_a1.0,43,4,0,2,0.018903129670720276
dirichlet_a1.0,43,4,0,3,0.5174431711004956
dirichlet_a1.0,43,4,0,4,0.6212682879856013
dirichlet_a1.0,43,4,1,2,0.4515558970334661
dirichlet_a1.0,43,4,1,3,0.46473539032993827
dirichlet_a1.0,43,4,1,4,0.6298340073851725
dirichlet_a1.0,43,4,2,3,0.11635676257441276
dirichlet_a1.0,43,4,2,4,0.33247458181823175
dirichlet_a1.0,43,4,3,4,0.8531209077035028
dirichlet_a1.0,43,5,0,1,0.7533975629106007
dirichlet_a1.0,43,5,0,2,0.2758669005410116
dirichlet_a1.0,43,5,0,3,0.5904317041926465
dirichlet_a1.0,43,5,0,4,0.6766917778397703
dirichlet_a1.0,43,5,1,2,0.5733118864807765
dirichlet_a1.0,43,5,1,3,0.44113102853518793
dirichlet_a1.0,43,5,1,4,0.6615880945673996
dirichlet_a1.0,43,5,2,3,0.18726295518860073
dirichlet_a1.0,43,5,2,4,0.500630172871686
dirichlet_a1.0,43,5,3,4,0.7723089028748105
dirichlet_a1.0,43,6,0,1,0.5447051965281927
dirichlet_a1.0,43,6,0,2,0.11188063534817869
dirichlet_a1.0,43,6,0,3,0.4722329148920854
dirichlet_a1.0,43,6,0,4,0.5449838486302275
dirichlet_a1.0,43,6,1,2,0.6007974223196977
dirichlet_a1.0,43,6,1,3,0.27445459347684287
dirichlet_a1.0,43,6,1,4,0.6085938323487587
dirichlet_a1.0,43,6,2,3,0.05118857873317307
dirichlet_a1.0,43,6,2,4,0.4715734329712995
dirichlet_a1.0,43,6,3,4,0.5966660544077561
dirichlet_a1.0,43,7,0,1,0.5417538405902388
dirichlet_a1.0,43,7,0,2,0.17645358037184372
dirichlet_a1.0,43,7,0,3,0.44329698692066727
dirichlet_a1.0,43,7,0,4,0.5575874168047572
dirichlet_a1.0,43,7,1,2,0.7626573636203456
dirichlet_a1.0,43,7,1,3,0.2585754687651359
dirichlet_a1.0,43,7,1,4,0.7452168310341014
dirichlet_a1.0,43,7,2,3,0.06764925923161912
dirichlet_a1.0,43,7,2,4,0.6190967713107481
dirichlet_a1.0,43,7,3,4,0.5123521745421706
dirichlet_a1.0,43,8,0,1,0.6050929913818874
dirichlet_a1.0,43,8,0,2,0.33292782900287954
dirichlet_a1.0,43,8,0,3,0.4321449387335906
dirichlet_a1.0,43,8,0,4,0.6191939529071198
dirichlet_a1.0,43,8,1,2,0.8404926127553916
dirichlet_a1.0,43,8,1,3,0.2834251226846808
dirichlet_a1.0,43,8,1,4,0.7960231194967158
dirichlet_a1.0,43,8,2,3,0.11285739283485452
dirichlet_a1.0,43,8,2,4,0.7250421668959653
dirichlet_a1.0,43,8,3,4,0.5070952102482471
dirichlet_a1.0,43,9,0,1,0.628392488839522
dirichlet_a1.0,43,9,0,2,0.29879399685069047
dirichlet_a1.0,43,9,0,3,0.27251689776636395
dirichlet_a1.0,43,9,0,4,0.573660788506856
dirichlet_a1.0,43,9,1,2,0.7780086782906586
dirichlet_a1.0,43,9,1,3,0.2431751651708935
dirichlet_a1.0,43,9,1,4,0.6757891481421152
dirichlet_a1.0,43,9,2,3,0.034835998035369097
dirichlet_a1.0,43,9,2,4,0.535992078532378
dirichlet_a1.0,43,9,3,4,0.4783002175658297
dirichlet_a1.0,44,0,0,1,0.19233386075610667
dirichlet_a1.0,44,0,0,2,0.21095499855229682
dirichlet_a1.0,44,0,0,3,0.518655983532826
dirichlet_a1.0,44,0,0,4,0.22280643804272798
dirichlet_a1.0,44,0,1,2,0.2266637104284784
dirichlet_a1.0,44,0,1,3,0.1220356811893379
dirichlet_a1.0,44,0,1,4,0.15260158804853546
dirichlet_a1.0,44,0,2,3,0.3183644510956713
dirichlet_a1.0,44,0,2,4,0.2910645202588713
dirichlet_a1.0,44,0,3,4,0.15656909483771222
dirichlet_a1.0,44,1,0,1,-0.1288066208554407
dirichlet_a1.0,44,1,0,2,-0.10306817245843064
dirichlet_a1.0,44,1,0,3,0.41032871839539775
dirichlet_a1.0,44,1,0,4,-0.22893389647206086
dirichlet_a1.0,44,1,1,2,0.06541241697005541
dirichlet_a1.0,44,1,1,3,-0.04759892968476854
dirichlet_a1.0,44,1,1,4,-0.043076382633980996
dirichlet_a1.0,44,1,2,3,0.03956022554527705
dirichlet_a1.0,44,1,2,4,0.256083080217089
dirichlet_a1.0,44,1,3,4,-0.25654763474446574
dirichlet_a1.0,44,2,0,1,-0.11149143249902622
dirichlet_a1.0,44,2,0,2,-0.17947252489608317
dirichlet_a1.0,44,2,0,3,0.414937843754079
dirichlet_a1.0,44,2,0,4,-0.2438443581461432
dirichlet_a1.0,44,2,1,2,0.05685330744589459
dirichlet_a1.0,44,2,1,3,-0.09022132188500308
dirichlet_a1.0,44,2,1,4,-0.07191186710297129
dirichlet_a1.0,44,2,2,3,0.05147757001184875
dirichlet_a1.0,44,2,2,4,0.23876628781127804
dirichlet_a1.0,44,2,3,4,-0.23240131693317753
dirichlet_a1.0,44,3,0,1,0.07985046761371371
dirichlet_a1.0,44,3,0,2,-0.0469681906527298
dirichlet_a1.0,44,3,0,3,0.48761738219198647
dirichlet_a1.0,44,3,0,4,-0.1648943166406616
dirichlet_a1.0,44,3,1,2,0.18908350118863293
dirichlet_a1.0,44,3,1,3,0.12119402393049478
dirichlet_a1.0,44,3,1,4,0.0016136733641692262
dirichlet_a1.0,44,3,2,3,0.22319142891132113
dirichlet_a1.0,44,3,2,4,0.2760091647578519
dirichlet_a1.0,44,3,3,4,-0.1070002942924379
dirichlet_a1.0,44,4,0,1,0.16421950130737134
dirichlet_a1.0,44,4,0,2,0.2250487972820497
dirichlet_a1.0,44,4,0,3,0.6047976704369468
dirichlet_a1.0,44,4,0,4,0.08637766055880657
dirichlet_a1.0,44,4,1,2,0.40133438101232755
dirichlet_a1.0,44,4,1,3,0.36719133729135106
dirichlet_a1.0,44,4,1,4,0.22489140735503732
dirichlet_a1.0,44,4,2,3,0.49624107338821766
dirichlet_a1.0,44,4,2,4,0.4747939220677557
dirichlet_a1.0,44,4,3,4,0.2566605173674122
dirichlet_a1.0,44,5,0,1,0.49066287973251893
dirichlet_a1.0,44,5,0,2,0.5010073388743717
dirichlet_a1.0,44,5,0,3,0.8047206758016465
dirichlet_a1.0,44,5,0,4,0.48901837517846936
dirichlet_a1.0,44,5,1,2,0.6185567907313618
dirichlet_a1.0,44,5,1,3,0.5986909649796526
dirichlet_a1.0,44,5,1,4,0.49574688672530726
dirichlet_a1.0,44,5,2,3,0.6400606217733226
dirichlet_a1.0,44,5,2,4,0.6681241758288025
dirichlet_a1.0,44,5,3,4,0.5845971504157071
dirichlet_a1.0,44,6,0,1,0.5878270107625578
dirichlet_a1.0,44,6,0,2,0.5153436352484148
dirichlet_a1.0,44,6,0,3,0.8087651384873964
dirichlet_a1.0,44,6,0,4,0.584306192316945
dirichlet_a1.0,44,6,1,2,0.5568184516889947
dirichlet_a1.0,44,6,1,3,0.5812529279672274
dirichlet_a1.0,44,6,1,4,0.5221241131156331
dirichlet_a1.0,44,6,2,3,0.5370879633253502
dirichlet_a1.0,44,6,2,4,0.6310920011441625
dirichlet_a1.0,44,6,3,4,0.5570593030474845
dirichlet_a1.0,44,7,0,1,0.4198134843476531
dirichlet_a1.0,44,7,0,2,0.3029169578200293
dirichlet_a1.0,44,7,0,3,0.6616314626728327
dirichlet_a1.0,44,7,0,4,0.3279615473656804
dirichlet_a1.0,44,7,1,2,0.46823325781770253
dirichlet_a1.0,44,7,1,3,0.3437676546066267
dirichlet_a1.0,44,7,1,4,0.3723550472131588
dirichlet_a1.0,44,7,2,3,0.3433150358253523
dirichlet_a1.0,44,7,2,4,0.4275105753098012
dirichlet_a1.0,44,7,3,4,0.4297531094112142
dirichlet_a1.0,44,8,0,1,0.41216521683191937
dirichlet_a1.0,44,8,0,2,0.3303805194089607
dirichlet_a1.0,44,8,0,3,0.5897365825835256
dirichlet_a1.0,44,8,0,4,0.15387255581283657
dirichlet_a1.0,44,8,1,2,0.5720386056982658
dirichlet_a1.0,44,8,1,3,0.2802783076536856
dirichlet_a1.0,44,8,1,4,0.27814589212385865
dirichlet_a1.0,44,8,2,3,0.24897131580021722
dirichlet_a1.0,44,8,2,4,0.41897244679258416
dirichlet_a1.0,44,8,3,4,0.23847314636228029
dirichlet_a1.0,44,9,0,1,0.5472106453956278
dirichlet_a1.0,44,9,0,2,0.4373454473766893
dirichlet_a1.0,44,9,0,3,0.5746945673193907
dirichlet_a1.0,44,9,0,4,0.2336225457507124
dirichlet_a1.0,44,9,1,2,0.6904273589758629
dirichlet_a1.0,44,9,1,3,0.3402268081298087
dirichlet_a1.0,44,9,1,4,0.37882392467807935
dirichlet_a1.0,44,9,2,3,0.31895598449959184
dirichlet_a1.0,44,9,2,4,0.46635809346803614
dirichlet_a1.0,44,9,3,4,0.22907664083184426
dirichlet_a0.5,42,0,0,1,0.44609407874879464
dirichlet_a0.5,42,0,0,2,0.2498738168665813
dirichlet_a0.5,42,0,0,3,0.49783870253010415
dirichlet_a0.5,42,0,0,4,0.2865600506440944
dirichlet_a0.5,42,0,1,2,0.3222051374599167
dirichlet_a0.5,42,0,1,3,0.5095048339589385
dirichlet_a0.5,42,0,1,4,0.35153304676327585
dirichlet_a0.5,42,0,2,3,0.27009050267775864
dirichlet_a0.5,42,0,2,4,0.2995129241342848
dirichlet_a0.5,42,0,3,4,0.20358137826267703
dirichlet_a0.5,42,1,0,1,0.17504337508358817
dirichlet_a0.5,42,1,0,2,-0.1343272463690772
dirichlet_a0.5,42,1,0,3,0.281669988683004
dirichlet_a0.5,42,1,0,4,-0.07274215622848915
dirichlet_a0.5,42,1,1,2,-0.04841498511780161
dirichlet_a0.5,42,1,1,3,0.10718633432310412
dirichlet_a0.5,42,1,1,4,0.0448607970249758
dirichlet_a0.5,42,1,2,3,0.10601527651841865
dirichlet_a0.5,42,1,2,4,0.02938523649436525
dirichlet_a0.5,42,1,3,4,-0.2563940051998538
dirichlet_a0.5,42,2,0,1,0.05803833097173132
dirichlet_a0.5,42,2,0,2,-0.38164774060844836
dirichlet_a0.5,42,2,0,3,0.24771024493417762
dirichlet_a0.5,42,2,0,4,-0.13632392493569853
dirichlet_a0.5,42,2,1,2,-0.28857260777731586
dirichlet_a0.5,42,2,1,3,-0.09406420291345492
dirichlet_a0.5,42,2,1,4,-0.1239772951977888
dirichlet_a0.5,42,2,2,3,0.0012430878252492603
dirichlet_a0.5,42,2,2,4,-0.09269951533191517
dirichlet_a0.5,42,2,3,4,-0.29562396969092625
dirichlet_a0.5,42,3,0,1,0.21246112639080086
dirichlet_a0.5,42,3,0,2,-0.45171586204846814
dirichlet_a0.5,42,3,0,3,0.25089390104876286
dirichlet_a0.5,42,3,0,4,-0.3252768592576439
dirichlet_a0.5,42,3,1,2,-0.2649596698547544
dirichlet_a0.5,42,3,1,3,0.009529736676250298
dirichlet_a0.5,42,3,1,4,-0.20393463819674126
dirichlet_a0.5,42,3,2,3,0.04052377615017274
dirichlet_a0.5,42,3,2,4,-0.10864167288876873
dirichlet_a0.5,42,3,3,4,-0.3336481432477715
dirichlet_a0.5,42,4,0,1,0.2625537283205616
dirichlet_a0.5,42,4,0,2,-0.43615411291569534
dirichlet_a0.5,42,4,0,3,0.25458807156569296
dirichlet_a0.5,42,4,0,4,-0.2506447905716667
dirichlet_a0.5,42,4,1,2,-0.26069550530754454
dirichlet_a0.5,42,4,1,3,0.1422369870159393
dirichlet_a0.5,42,4,1,4,-0.1501545497493061
dirichlet_a0.5,42,4,2,3,0.040702042828214546
dirichlet_a0.5,42,4,2,4,-0.1489030581135283
dirichlet_a0.5,42,4,3,4,-0.2706941174908205
dirichlet_a0.5,42,5,0,1,0.3033701862516169
dirichlet_a0.5,42,5,0,2,-0.3804864658698814
dirichlet_a0.5,42,5,0,3,0.4423745643764623
dirichlet_a0.5,42,5,0,4,-0.14712261844337812
dirichlet_a0.5,42,5,1,2,-0.24193985362109666
dirichlet_a0.5,42,5,1,3,0.3626670526524878
dirichlet_a0.5,42,5,1,4,-0.11873402153105142
dirichlet_a0.5,42,5,2,3,0.027296772270284927
dirichlet_a0.5,42,5,2,4,-0.09058948613942489
dirichlet_a0.5,42,5,3,4,-0.16278755565748043
dirichlet_a0.5,42,6,0,1,0.47869773423218887
dirichlet_a0.5,42,6,0,2,-0.3292503061530666
dirichlet_a0.5,42,6,0,3,0.5931250413353392
dirichlet_a0.5,42,6,0,4,-0.12543330088675111
dirichlet_a0.5,42,6,1,2,-0.10181426172852531
dirichlet_a0.5,42,6,1,3,0.6027306761839585
dirichlet_a0.5,42,6,1,4,-0.07932812026724687
dirichlet_a0.5,42,6,2,3,0.0860850834322635
dirichlet_a0.5,42,6,2,4,-0.16296621934752314
dirichlet_a0.5,42,6,3,4,-0.06162772889861041
dirichlet_a0.5,42,7,0,1,0.5008752617455224
dirichlet_a0.5,42,7,0,2,-0.27306681211854816
dirichlet_a0.5,42,7,0,3,0.6186914193711239
dirichlet_a0.5,42,7,0,4,0.012914468468826809
dirichlet_a0.5,42,7,1,2,-0.08671023920954357
dirichlet_a0.5,42,7,1,3,0.645466342672602
dirichlet_a0.5,42,7,1,4,-0.017743114311231486
dirichlet_a0.5,42,7,2,3,0.12619358130656896
dirichlet_a0.5,42,7,2,4,-0.0875848365696684
dirichlet_a0.5,42,7,3,4,0.04676228645213154
dirichlet_a0.5,42,8,0,1,0.5058805667430657
dirichlet_a0.5,42,8,0,2,-0.2207634919671451
dirichlet_a0.5,42,8,0,3,0.5569035218867886
dirichlet_a0.5,42,8,0,4,0.031971289899688615
dirichlet_a0.5,42,8,1,2,-0.023844784010756136
dirichlet_a0.5,42,8,1,3,0.5578375054102216
dirichlet_a0.5,42,8,1,4,0.0835102043562028
dirichlet_a0.5,42,8,2,3,0.20129803442576133
dirichlet_a0.5,42,8,2,4,-0.04231961261054496
dirichlet_a0.5,42,8,3,4,0.12264830086025119
dirichlet_a0.5,42,9,0,1,0.273772018663194
dirichlet_a0.5,42,9,0,2,-0.2615030059949608
dirichlet_a0.5,42,9,0,3,0.39820176200249874
dirichlet_a0.5,42,9,0,4,0.03735792700740556
dirichlet_a0.5,42,9,1,2,-0.06924658972637678
dirichlet_a0.5,42,9,1,3,0.3682965560127104
dirichlet_a0.5,42,9,1,4,0.10789318726963745
dirichlet_a0.5,42,9,2,3,0.2015065366695766
dirichlet_a0.5,42,9,2,4,0.018050004478281038
dirichlet_a0.5,42,9,3,4,0.1759955532881314
dirichlet_a0.5,43,0,0,1,0.35567469996773093
dirichlet_a0.5,43,0,0,2,0.22482073439595276
dirichlet_a0.5,43,0,0,3,0.17832398075913863
dirichlet_a0.5,43,0,0,4,0.2154072021945133
dirichlet_a0.5,43,0,1,2,0.10499371208810893
dirichlet_a0.5,43,0,1,3,0.17878203472072599
dirichlet_a0.5,43,0,1,4,0.29275412129697664
dirichlet_a0.5,43,0,2,3,0.6476966902877448
dirichlet_a0.5,43,0,2,4,0.29910703264803323
dirichlet_a0.5,43,0,3,4,0.16173640759984204
dirichlet_a0.5,43,1,0,1,0.16677110405680795
dirichlet_a0.5,43,1,0,2,-0.11090080710649398
dirichlet_a0.5,43,1,0,3,-0.18173634483229223
dirichlet_a0.5,43,1,0,4,0.005353482662367099
dirichlet_a0.5,43,1,1,2,-0.2341922311378129
dirichlet_a0.5,43,1,1,3,-0.2431485199862985
dirichlet_a0.5,43,1,1,4,0.17815119551902708
dirichlet_a0.5,43,1,2,3,0.7878060762245723
dirichlet_a0.5,43,1,2,4,0.05474727427367817
dirichlet_a0.5,43,1,3,4,-0.13519534445176026
dirichlet_a0.5,43,2,0,1,0.05507655392582466
dirichlet_a0.5,43,2,0,2,-0.17353034058752756
dirichlet_a0.5,43,2,0,3,-0.38343456968220424
dirichlet_a0.5,43,2,0,4,0.03655820212994383
dirichlet_a0.5,43,2,1,2,-0.3244401433229524
dirichlet_a0.5,43,2,1,3,-0.26066935260864216
dirichlet_a0.5,43,2,1,4,0.2644791548614447
dirichlet_a0.5,43,2,2,3,0.6651349216584417
dirichlet_a0.5,43,2,2,4,0.16802810284633998
dirichlet_a0.5,43,2,3,4,-0.06134044191467156
dirichlet_a0.5,43,3,0,1,0.14390324957401626
dirichlet_a0.5,43,3,0,2,-0.2190757084347331
dirichlet_a0.5,43,3,0,3,-0.42173621751450935
dirichlet_a0.5,43,3,0,4,0.10211208923553042
dirichlet_a0.5,43,3,1,2,-0.09876964888585014
dirichlet_a0.5,43,3,1,3,-0.27800772447761024
dirichlet_a0.5,43,3,1,4,0.40941998002670543
dirichlet_a0.5,43,3,2,3,0.7437313545217793
dirichlet_a0.5,43,3,2,4,0.475573226840666
dirichlet_a0.5,43,3,3,4,0.0868311342950732
dirichlet_a0.5,43,4,0,1,0.2171317309633986
dirichlet_a0.5,43,4,0,2,0.08126654092765455
dirichlet_a0.5,43,4,0,3,-0.1907903553532997
dirichlet_a0.5,43,4,0,4,0.15454511444869187
dirichlet_a0.5,43,4,1,2,0.1723908919072265
dirichlet_a0.5,43,4,1,3,-0.05862821257243645
dirichlet_a0.5,43,4,1,4,0.522565428170477
dirichlet_a0.5,43,4,2,3,0.7685227580078761
dirichlet_a0.5,43,4,2,4,0.6738911223466958
dirichlet_a0.5,43,4,3,4,0.30663111157374207
dirichlet_a0.5,43,5,0,1,0.15774598701750528
dirichlet_a0.5,43,5,0,2,0.13639895325873427
dirichlet_a0.5,43,5,0,3,-0.11623878901447533
dirichlet_a0.5,43,5,0,4,0.22677421740990206
dirichlet_a0.5,43,5,1,2,0.18283048629467802
dirichlet_a0.5,43,5,1,3,0.163607053774386
dirichlet_a0.5,43,5,1,4,0.5031634800050439
dirichlet_a0.5,43,5,2,3,0.8554836589548048
dirichlet_a0.5,43,5,2,4,0.6919125406997956
dirichlet_a0.5,43,5,3,4,0.4944055698000273
dirichlet_a0.5,43,6,0,1,0.35669995427986506
dirichlet_a0.5,43,6,0,2,0.06051515681727895
dirichlet_a0.5,43,6,0,3,-0.13714827705345162
dirichlet_a0.5,43,6,0,4,0.3245868960724501
dirichlet_a0.5,43,6,1,2,0.0263139191727981
dirichlet_a0.5,43,6,1,3,-0.03932471650091682
dirichlet_a0.5,43,6,1,4,0.4373780477989195
dirichlet_a0.5,43,6,2,3,0.7352424922824369
dirichlet_a0.5,43,6,2,4,0.606510377919458
dirichlet_a0.5,43,6,3,4,0.3214344567016305
dirichlet_a0.5,43,7,0,1,0.5328081472317227
dirichlet_a0.5,43,7,0,2,-0.04016514436394574
dirichlet_a0.5,43,7,0,3,-0.13124051975347453
dirichlet_a0.5,43,7,0,4,0.42174813133727074
dirichlet_a0.5,43,7,1,2,0.06943477934328429
dirichlet_a0.5,43,7,1,3,-0.025881752859981493
dirichlet_a0.5,43,7,1,4,0.5390431376165419
dirichlet_a0.5,43,7,2,3,0.7550433496359567
dirichlet_a0.5,43,7,2,4,0.44998441662616323
dirichlet_a0.5,43,7,3,4,0.18455405539451739
dirichlet_a0.5,43,8,0,1,0.6299195290199902
dirichlet_a0.5,43,8,0,2,0.06420627270971574
dirichlet_a0.5,43,8,0,3,-0.10295585597113203
dirichlet_a0.5,43,8,0,4,0.5998689044758405
dirichlet_a0.5,43,8,1,2,-0.02174618874589904
dirichlet_a0.5,43,8,1,3,-0.0023309154350595277
dirichlet_a0.5,43,8,1,4,0.6510610867184159
dirichlet_a0.5,43,8,2,3,0.5672496792813304
dirichlet_a0.5,43,8,2,4,0.4002825387087775
dirichlet_a0.5,43,8,3,4,0.14860440960639937
dirichlet_a0.5,43,9,0,1,0.6170966457987974
dirichlet_a0.5,43,9,0,2,0.059281888853948965
dirichlet_a0.5,43,9,0,3,-0.08954225923487538
dirichlet_a0.5,43,9,0,4,0.5715886773529568
dirichlet_a0.5,43,9,1,2,-0.01211065139283532
dirichlet_a0.5,43,9,1,3,-0.052188393311715695
dirichlet_a0.5,43,9,1,4,0.6933639985870272
dirichlet_a0.5,43,9,2,3,0.8035527201620325
dirichlet_a0.5,43,9,2,4,0.2588003322216898
dirichlet_a0.5,43,9,3,4,0.12245201993389342
dirichlet_a0.5,44,0,0,1,0.16129448866859347
dirichlet_a0.5,44,0,0,2,0.4267642524633958
dirichlet_a0.5,44,0,0,3,0.20097923564811093
dirichlet_a0.5,44,0,0,4,0.06915277392589692
dirichlet_a0.5,44,0,1,2,0.27674500543396147
dirichlet_a0.5,44,0,1,3,0.3359408740007102
dirichlet_a0.5,44,0,1,4,0.3333864595813415
dirichlet_a0.5,44,0,2,3,0.13481595844578567
dirichlet_a0.5,44,0,2,4,0.2770252130784362
dirichlet_a0.5,44,0,3,4,0.2628216625353169
dirichlet_a0.5,44,1,0,1,-0.23354981786596046
dirichlet_a0.5,44,1,0,2,0.20703065130964793
dirichlet_a0.5,44,1,0,3,-0.044798619258993554
dirichlet_a0.5,44,1,0,4,-0.14135856825875617
dirichlet_a0.5,44,1,1,2,-0.12147721430171085
dirichlet_a0.5,44,1,1,3,0.18227113664455039
dirichlet_a0.5,44,1,1,4,0.09137966842505625
dirichlet_a0.5,44,1,2,3,-0.12025376518824794
dirichlet_a0.5,44,1,2,4,-0.08215015211050343
dirichlet_a0.5,44,1,3,4,0.1961589963138051
dirichlet_a0.5,44,2,0,1,-0.3755511950743919
dirichlet_a0.5,44,2,0,2,0.055619746613252426
dirichlet_a0.5,44,2,0,3,-0.16483718343686804
dirichlet_a0.5,44,2,0,4,-0.03616478263119801
dirichlet_a0.5,44,2,1,2,-0.21798476398131147
dirichlet_a0.5,44,2,1,3,0.1347209333559812
dirichlet_a0.5,44,2,1,4,0.17295136436039968
dirichlet_a0.5,44,2,2,3,-0.19216917518725068
dirichlet_a0.5,44,2,2,4,-0.023773280228854478
dirichlet_a0.5,44,2,3,4,0.2722223774853361
dirichlet_a0.5,44,3,0,1,-0.4142109347556212
dirichlet_a0.5,44,3,0,2,0.07286754438243682
dirichlet_a0.5,44,3,0,3,-0.20456641752623828
dirichlet_a0.5,44,3,0,4,0.05352041832481328
dirichlet_a0.5,44,3,1,2,-0.1705669928621635
dirichlet_a0.5,44,3,1,3,0.2889975281117215
dirichlet_a0.5,44,3,1,4,0.3938823145371181
dirichlet_a0.5,44,3,2,3,-0.22223921036184988
dirichlet_a0.5,44,3,2,4,0.09999370288999301
dirichlet_a0.5,44,3,3,4,0.45706301506474134
dirichlet_a0.5,44,4,0,1,-0.17765678543515973
dirichlet_a0.5,44,4,0,2,0.16444299722026212
dirichlet_a0.5,44,4,0,3,-0.02494587971722349
dirichlet_a0.5,44,4,0,4,0.18730211656534446
dirichlet_a0.5,44,4,1,2,-0.0682905326682064
dirichlet_a0.5,44,4,1,3,0.4618736179506629
dirichlet_a0.5,44,4,1,4,0.6523863241281291
dirichlet_a0.5,44,4,2,3,-0.0565109150891917
dirichlet_a0.5,44,4,2,4,0.21547666543932106
dirichlet_a0.5,44,4,3,4,0.5444911727165869
dirichlet_a0.5,44,5,0,1,-0.018351497468263187
dirichlet_a0.5,44,5,0,2,0.2888520286104445
dirichlet_a0.5,44,5,0,3,0.07988804280276642
dirichlet_a0.5,44,5,0,4,0.36277268803463014
dirichlet_a0.5,44,5,1,2,0.1423057664804957
dirichlet_a0.5,44,5,1,3,0.4156562425058449
dirichlet_a0.5,44,5,1,4,0.6585271626812387
dirichlet_a0.5,44,5,2,3,0.04273182712725996
dirichlet_a0.5,44,5,2,4,0.3723901445592762
dirichlet_a0.5,44,5,3,4,0.48908922722352893
dirichlet_a0.5,44,6,0,1,-0.04535808344734689
dirichlet_a0.5,44,6,0,2,0.27365106656973387
dirichlet_a0.5,44,6,0,3,0.08929624823918342
dirichlet_a0.5,44,6,0,4,0.3488146246753461
dirichlet_a0.5,44,6,1,2,0.06801481946971948
dirichlet_a0.5,44,6,1,3,0.2969287038928826
dirichlet_a0.5,44,6,1,4,0.4712404249914016
dirichlet_a0.5,44,6,2,3,0.05597882833589275
dirichlet_a0.5,44,6,2,4,0.35133390084399385
dirichlet_a0.5,44,6,3,4,0.47866927075814175
dirichlet_a0.5,44,7,0,1,-0.25301141084429224
dirichlet_a0.5,44,7,0,2,0.1756012363991461
dirichlet_a0.5,44,7,0,3,-0.005608047224341967
dirichlet_a0.5,44,7,0,4,0.2890600716578212
dirichlet_a0.5,44,7,1,2,0.07256668483450411
dirichlet_a0.5,44,7,1,3,0.24801336432667626
dirichlet_a0.5,44,7,1,4,0.3032297287206497
dirichlet_a0.5,44,7,2,3,0.08046386206020546
dirichlet_a0.5,44,7,2,4,0.3317390220231583
dirichlet_a0.5,44,7,3,4,0.6313229131380211
dirichlet_a0.5,44,8,0,1,-0.2951806359367978
dirichlet_a0.5,44,8,0,2,0.12181480065138167
dirichlet_a0.5,44,8,0,3,0.17927637938424434
dirichlet_a0.5,44,8,0,4,0.3382563564102913
dirichlet_a0.5,44,8,1,2,-0.2146345196705153
dirichlet_a0.5,44,8,1,3,0.10254336101816244
dirichlet_a0.5,44,8,1,4,0.14459928568590757
dirichlet_a0.5,44,8,2,3,0.16777010735809772
dirichlet_a0.5,44,8,2,4,0.31808581202404507
dirichlet_a0.5,44,8,3,4,0.7073052638136172
dirichlet_a0.5,44,9,0,1,-0.2571431861771096
dirichlet_a0.5,44,9,0,2,0.21532437040121327
dirichlet_a0.5,44,9,0,3,0.1754172691425226
dirichlet_a0.5,44,9,0,4,0.4119711248873559
dirichlet_a0.5,44,9,1,2,-0.1677509972378229
dirichlet_a0.5,44,9,1,3,0.1838261695316125
dirichlet_a0.5,44,9,1,4,0.13254051537574915
dirichlet_a0.5,44,9,2,3,0.1356689826775613
dirichlet_a0.5,44,9,2,4,0.3967786436083659
dirichlet_a0.5,44,9,3,4,0.715788258321242
dirichlet_a0.1,42,0,0,1,0.5167036016573368
dirichlet_a0.1,42,0,0,2,0.35774148804616374
dirichlet_a0.1,42,0,0,3,0.4867047744502076
dirichlet_a0.1,42,0,0,4,0.3189004623374566
dirichlet_a0.1,42,0,1,2,0.35061561337580943
dirichlet_a0.1,42,0,1,3,0.48543627188760075
dirichlet_a0.1,42,0,1,4,0.34852431977104176
dirichlet_a0.1,42,0,2,3,0.22614530858091927
dirichlet_a0.1,42,0,2,4,0.42758994259929145
dirichlet_a0.1,42,0,3,4,0.23557518221482449
dirichlet_a0.1,42,1,0,1,0.28519260220275827
dirichlet_a0.1,42,1,0,2,-0.13183960549908558
dirichlet_a0.1,42,1,0,3,0.256128294188143
dirichlet_a0.1,42,1,0,4,-0.1202349870511789
dirichlet_a0.1,42,1,1,2,-0.1676873675089073
dirichlet_a0.1,42,1,1,3,0.11455826622975596
dirichlet_a0.1,42,1,1,4,0.09813935593476178
dirichlet_a0.1,42,1,2,3,-0.31225471179234343
dirichlet_a0.1,42,1,2,4,0.17155004118456738
dirichlet_a0.1,42,1,3,4,-0.24612988911370623
dirichlet_a0.1,42,2,0,1,-0.06743292802287569
dirichlet_a0.1,42,2,0,2,-0.3311726463434083
dirichlet_a0.1,42,2,0,3,0.14719625686547122
dirichlet_a0.1,42,2,0,4,-0.3190117712206974
dirichlet_a0.1,42,2,1,2,-0.38374176641868724
dirichlet_a0.1,42,2,1,3,-0.0356565814068886
dirichlet_a0.1,42,2,1,4,-0.15082301183575356
dirichlet_a0.1,42,2,2,3,-0.3407145774251239
dirichlet_a0.1,42,2,2,4,0.08085072311800108
dirichlet_a0.1,42,2,3,4,-0.3582905158491941
dirichlet_a0.1,42,3,0,1,-0.03808960325681803
dirichlet_a0.1,42,3,0,2,-0.3809885414015085
dirichlet_a0.1,42,3,0,3,0.14055117776088008
dirichlet_a0.1,42,3,0,4,-0.3849282278312135
dirichlet_a0.1,42,3,1,2,-0.38776763975648737
dirichlet_a0.1,42,3,1,3,0.04418034852183367
dirichlet_a0.1,42,3,1,4,-0.20909342829244726
dirichlet_a0.1,42,3,2,3,-0.34226102394196334
dirichlet_a0.1,42,3,2,4,0.05286824894166882
dirichlet_a0.1,42,3,3,4,-0.397026315685014
dirichlet_a0.1,42,4,0,1,0.064515797427474
dirichlet_a0.1,42,4,0,2,-0.3600937150728066
dirichlet_a0.1,42,4,0,3,0.1716561495687805
dirichlet_a0.1,42,4,0,4,-0.40041821048959897
dirichlet_a0.1,42,4,1,2,-0.3608202968910301
dirichlet_a0.1,42,4,1,3,0.0670089619784908
dirichlet_a0.1,42,4,1,4,-0.20978937923762195
dirichlet_a0.1,42,4,2,3,-0.28519392784467545
dirichlet_a0.1,42,4,2,4,-0.028121648758880454
dirichlet_a0.1,42,4,3,4,-0.38466022803340705
dirichlet_a0.1,42,5,0,1,0.09961557810801734
dirichlet_a0.1,42,5,0,2,-0.3741349718380921
dirichlet_a0.1,42,5,0,3,0.1650286751074517
dirichlet_a0.1,42,5,0,4,-0.3958026499618439
dirichlet_a0.1,42,5,1,2,-0.37803398119522946
dirichlet_a0.1,42,5,1,3,0.10603030344240152
dirichlet_a0.1,42,5,1,4,-0.18620817360197878
dirichlet_a0.1,42,5,2,3,-0.2699974957874481
dirichlet_a0.1,42,5,2,4,0.0414832943616769
dirichlet_a0.1,42,5,3,4,-0.34360152765255064
dirichlet_a0.1,42,6,0,1,-0.015096030852904854
dirichlet_a0.1,42,6,0,2,-0.2743012309338804
dirichlet_a0.1,42,6,0,3,0.2888992017089477
dirichlet_a0.1,42,6,0,4,-0.30718756523923174
dirichlet_a0.1,42,6,1,2,-0.3719123128884468
dirichlet_a0.1,42,6,1,3,0.20085943977968082
dirichlet_a0.1,42,6,1,4,-0.15533861374250077
dirichlet_a0.1,42,6,2,3,-0.2182749989202678
dirichlet_a0.1,42,6,2,4,0.015475271662349972
dirichlet_a0.1,42,6,3,4,-0.2968310107512171
dirichlet_a0.1,42,7,0,1,0.14614049938215223
dirichlet_a0.1,42,7,0,2,-0.28911707665396275
dirichlet_a0.1,42,7,0,3,0.3884445306968746
dirichlet_a0.1,42,7,0,4,-0.29660317592819346
dirichlet_a0.1,42,7,1,2,-0.3238675886301797
dirichlet_a0.1,42,7,1,3,0.3883125601023862
dirichlet_a0.1,42,7,1,4,-0.12480656919939592
dirichlet_a0.1,42,7,2,3,-0.1827924636904004
dirichlet_a0.1,42,7,2,4,-0.0482144940928034
dirichlet_a0.1,42,7,3,4,-0.21260222938385312
dirichlet_a0.1,42,8,0,1,0.3047247998186781
dirichlet_a0.1,42,8,0,2,-0.28532649323759623
dirichlet_a0.1,42,8,0,3,0.5110658303445628
dirichlet_a0.1,42,8,0,4,-0.22391185639133682
dirichlet_a0.1,42,8,1,2,-0.30426689468100865
dirichlet_a0.1,42,8,1,3,0.47975928202247375
dirichlet_a0.1,42,8,1,4,-0.07310798377427229
dirichlet_a0.1,42,8,2,3,-0.17532573991762157
dirichlet_a0.1,42,8,2,4,0.03550677964073982
dirichlet_a0.1,42,8,3,4,-0.14499696796911835
dirichlet_a0.1,42,9,0,1,0.3509515492974628
dirichlet_a0.1,42,9,0,2,-0.2917731174505309
dirichlet_a0.1,42,9,0,3,0.5192454706144476
dirichlet_a0.1,42,9,0,4,-0.15445915161108106
dirichlet_a0.1,42,9,1,2,-0.285286506899239
dirichlet_a0.1,42,9,1,3,0.5583994414246211
dirichlet_a0.1,42,9,1,4,-0.010004856510662304
dirichlet_a0.1,42,9,2,3,-0.17019985338507698
dirichlet_a0.1,42,9,2,4,0.044234271104345226
dirichlet_a0.1,42,9,3,4,-0.04905889773312824
dirichlet_a0.1,43,0,0,1,0.24341810512600923
dirichlet_a0.1,43,0,0,2,0.37922605453870556
dirichlet_a0.1,43,0,0,3,0.26248878786214486
dirichlet_a0.1,43,0,0,4,0.0039620741626027476
dirichlet_a0.1,43,0,1,2,0.16621842862578945
dirichlet_a0.1,43,0,1,3,0.329143150672634
dirichlet_a0.1,43,0,1,4,0.34802479057558705
dirichlet_a0.1,43,0,2,3,0.372022723687205
dirichlet_a0.1,43,0,2,4,0.05973857623745882
dirichlet_a0.1,43,0,3,4,0.505854416932639
dirichlet_a0.1,43,1,0,1,-0.07339948268275558
dirichlet_a0.1,43,1,0,2,0.22909932579068273
dirichlet_a0.1,43,1,0,3,-0.0994058420895244
dirichlet_a0.1,43,1,0,4,-0.27990449584363236
dirichlet_a0.1,43,1,1,2,-0.2893734648112978
dirichlet_a0.1,43,1,1,3,-0.031174175211661555
dirichlet_a0.1,43,1,1,4,0.42649488736901503
dirichlet_a0.1,43,1,2,3,0.26858221206106914
dirichlet_a0.1,43,1,2,4,-0.039322178611884
dirichlet_a0.1,43,1,3,4,0.5281060360933517
dirichlet_a0.1,43,2,0,1,-0.1203386811491281
dirichlet_a0.1,43,2,0,2,0.15751393015781176
dirichlet_a0.1,43,2,0,3,-0.13287403646421547
dirichlet_a0.1,43,2,0,4,-0.582312015459123
dirichlet_a0.1,43,2,1,2,-0.487204725480457
dirichlet_a0.1,43,2,1,3,-0.30460524743487905
dirichlet_a0.1,43,2,1,4,0.37862019591970303
dirichlet_a0.1,43,2,2,3,0.18558068074710193
dirichlet_a0.1,43,2,2,4,-0.35454408330525605
dirichlet_a0.1,43,2,3,4,0.1722864577943324
dirichlet_a0.1,43,3,0,1,-0.108674241974767
dirichlet_a0.1,43,3,0,2,0.19968893566936638
dirichlet_a0.1,43,3,0,3,-0.13245457502855545
dirichlet_a0.1,43,3,0,4,-0.5780243027993753
dirichlet_a0.1,43,3,1,2,-0.41554549974719307
dirichlet_a0.1,43,3,1,3,-0.19914230457054702
dirichlet_a0.1,43,3,1,4,0.3869390936495692
dirichlet_a0.1,43,3,2,3,0.25837199398098337
dirichlet_a0.1,43,3,2,4,-0.33426349485334067
dirichlet_a0.1,43,3,3,4,0.23411648454759637
dirichlet_a0.1,43,4,0,1,-0.054183941366364854
dirichlet_a0.1,43,4,0,2,0.3570093165047626
dirichlet_a0.1,43,4,0,3,0.10962715300310635
dirichlet_a0.1,43,4,0,4,-0.5250194856890702
dirichlet_a0.1,43,4,1,2,-0.27856053473723047
dirichlet_a0.1,43,4,1,3,-0.06584089539106457
dirichlet_a0.1,43,4,1,4,0.3383442352768305
dirichlet_a0.1,43,4,2,3,0.35813895094994413
dirichlet_a0.1,43,4,2,4,-0.3381564574734297
dirichlet_a0.1,43,4,3,4,0.2878135165910162
dirichlet_a0.1,43,5,0,1,0.030270847991956555
dirichlet_a0.1,43,5,0,2,0.5158845825776446
dirichlet_a0.1,43,5,0,3,0.28825052293459846
dirichlet_a0.1,43,5,0,4,-0.4529249457075717
dirichlet_a0.1,43,5,1,2,-0.15455309457691985
dirichlet_a0.1,43,5,1,3,0.023878519925074535
dirichlet_a0.1,43,5,1,4,0.3616488978879516
dirichlet_a0.1,43,5,2,3,0.519342352276179
dirichlet_a0.1,43,5,2,4,-0.2941163068330496
dirichlet_a0.1,43,5,3,4,0.25409534545918533
dirichlet_a0.1,43,6,0,1,0.022052894405545403
dirichlet_a0.1,43,6,0,2,0.5013785812700545
dirichlet_a0.1,43,6,0,3,0.24639760841341057
dirichlet_a0.1,43,6,0,4,-0.4667319471480393
dirichlet_a0.1,43,6,1,2,-0.16984334463263298
dirichlet_a0.1,43,6,1,3,0.009244984386823436
dirichlet_a0.1,43,6,1,4,0.30480678673711536
dirichlet_a0.1,43,6,2,3,0.5481544155502486
dirichlet_a0.1,43,6,2,4,-0.30085914560016125
dirichlet_a0.1,43,6,3,4,0.29827892723405913
dirichlet_a0.1,43,7,0,1,0.07420519043187444
dirichlet_a0.1,43,7,0,2,0.3721932861944797
dirichlet_a0.1,43,7,0,3,-0.0035716287968176937
dirichlet_a0.1,43,7,0,4,-0.514379998968695
dirichlet_a0.1,43,7,1,2,-0.09680895009163253
dirichlet_a0.1,43,7,1,3,0.04538385462841975
dirichlet_a0.1,43,7,1,4,0.23553173469350214
dirichlet_a0.1,43,7,2,3,0.499187091252794
dirichlet_a0.1,43,7,2,4,-0.30166986016788844
dirichlet_a0.1,43,7,3,4,0.33514312229487775
dirichlet_a0.1,43,8,0,1,0.1701759746362989
dirichlet_a0.1,43,8,0,2,0.22554995166966052
dirichlet_a0.1,43,8,0,3,-0.1988811357345374
dirichlet_a0.1,43,8,0,4,-0.5118126118856233
dirichlet_a0.1,43,8,1,2,-0.07324361049064206
dirichlet_a0.1,43,8,1,3,0.0385058754568853
dirichlet_a0.1,43,8,1,4,0.27621879857393633
dirichlet_a0.1,43,8,2,3,0.4059180440750331
dirichlet_a0.1,43,8,2,4,-0.3626513834603526
dirichlet_a0.1,43,8,3,4,0.29327044754780696
dirichlet_a0.1,43,9,0,1,0.2517612954042609
dirichlet_a0.1,43,9,0,2,0.16970846474067544
dirichlet_a0.1,43,9,0,3,-0.20955996035835212
dirichlet_a0.1,43,9,0,4,-0.4502174112895995
dirichlet_a0.1,43,9,1,2,-0.11470343172016395
dirichlet_a0.1,43,9,1,3,-0.05668895349952546
dirichlet_a0.1,43,9,1,4,0.2999412559907256
dirichlet_a0.1,43,9,2,3,0.352885928593917
dirichlet_a0.1,43,9,2,4,-0.4360895486576685
dirichlet_a0.1,43,9,3,4,0.22224430502992765
dirichlet_a0.1,44,0,0,1,0.32052211965180133
dirichlet_a0.1,44,0,0,2,0.6403570770121148
dirichlet_a0.1,44,0,0,3,0.3297164628217804
dirichlet_a0.1,44,0,0,4,0.21156665869368882
dirichlet_a0.1,44,0,1,2,0.23767259634388244
dirichlet_a0.1,44,0,1,3,0.16713637590935604
dirichlet_a0.1,44,0,1,4,0.2840344020390764
dirichlet_a0.1,44,0,2,3,0.19967338615335556
dirichlet_a0.1,44,0,2,4,0.3629432095130639
dirichlet_a0.1,44,0,3,4,0.19875847884951542
dirichlet_a0.1,44,1,0,1,-0.06217755898912261
dirichlet_a0.1,44,1,0,2,0.2794847981225456
dirichlet_a0.1,44,1,0,3,0.06109711414737087
dirichlet_a0.1,44,1,0,4,-0.15007557645389558
dirichlet_a0.1,44,1,1,2,0.02304581859990398
dirichlet_a0.1,44,1,1,3,-0.24199778764859392
dirichlet_a0.1,44,1,1,4,-0.020887662630154492
dirichlet_a0.1,44,1,2,3,-0.24876130525838241
dirichlet_a0.1,44,1,2,4,0.13928370659148634
dirichlet_a0.1,44,1,3,4,-0.027854088523828105
dirichlet_a0.1,44,2,0,1,-0.2431088097303497
dirichlet_a0.1,44,2,0,2,0.10715199745211082
dirichlet_a0.1,44,2,0,3,-0.08751339992414896
dirichlet_a0.1,44,2,0,4,-0.21095826437792212
dirichlet_a0.1,44,2,1,2,-0.13933939116194058
dirichlet_a0.1,44,2,1,3,-0.2736357478206588
dirichlet_a0.1,44,2,1,4,-0.07066620947855984
dirichlet_a0.1,44,2,2,3,-0.4087080084527449
dirichlet_a0.1,44,2,2,4,0.003952350415743473
dirichlet_a0.1,44,2,3,4,-0.0007799407456018801
dirichlet_a0.1,44,3,0,1,-0.2520541122760473
dirichlet_a0.1,44,3,0,2,0.10372509328718825
dirichlet_a0.1,44,3,0,3,-0.052064244993415415
dirichlet_a0.1,44,3,0,4,-0.1819595329548294
dirichlet_a0.1,44,3,1,2,-0.12408459019159752
dirichlet_a0.1,44,3,1,3,-0.26191925833932994
dirichlet_a0.1,44,3,1,4,-0.004464740864935179
dirichlet_a0.1,44,3,2,3,-0.40924734731020435
dirichlet_a0.1,44,3,2,4,-0.005146339247595112
dirichlet_a0.1,44,3,3,4,0.11202402795762945
dirichlet_a0.1,44,4,0,1,-0.19831085941043125
dirichlet_a0.1,44,4,0,2,0.0478336945486587
dirichlet_a0.1,44,4,0,3,-0.034795860515842957
dirichlet_a0.1,44,4,0,4,-0.17332601792522384
dirichlet_a0.1,44,4,1,2,-0.030464562355606652
dirichlet_a0.1,44,4,1,3,-0.18226631420558953
dirichlet_a0.1,44,4,1,4,0.028828777393143535
dirichlet_a0.1,44,4,2,3,-0.37301227418437577
dirichlet_a0.1,44,4,2,4,-0.005961199865122823
dirichlet_a0.1,44,4,3,4,0.23549977138640704
dirichlet_a0.1,44,5,0,1,-0.17711186037436144
dirichlet_a0.1,44,5,0,2,0.23516885855265804
dirichlet_a0.1,44,5,0,3,-0.04791008524365361
dirichlet_a0.1,44,5,0,4,-0.1605665658297789
dirichlet_a0.1,44,5,1,2,-0.19528302062066524
dirichlet_a0.1,44,5,1,3,-0.10893346145540729
dirichlet_a0.1,44,5,1,4,0.047165733914631934
dirichlet_a0.1,44,5,2,3,-0.3219576548780658
dirichlet_a0.1,44,5,2,4,0.019931817581998277
dirichlet_a0.1,44,5,3,4,0.2353895201990855
dirichlet_a0.1,44,6,0,1,-0.12571739890075428
dirichlet_a0.1,44,6,0,2,0.11550832440402624
dirichlet_a0.1,44,6,0,3,-0.025104269912679476
dirichlet_a0.1,44,6,0,4,-0.18023507621733495
dirichlet_a0.1,44,6,1,2,-0.19255186543094313
dirichlet_a0.1,44,6,1,3,-0.1232082378120103
dirichlet_a0.1,44,6,1,4,0.06373902610389046
dirichlet_a0.1,44,6,2,3,-0.35124064495623436
dirichlet_a0.1,44,6,2,4,0.0702427793473045
dirichlet_a0.1,44,6,3,4,0.22106050207617206
dirichlet_a0.1,44,7,0,1,-0.10598861404663076
dirichlet_a0.1,44,7,0,2,0.18950204873374382
dirichlet_a0.1,44,7,0,3,-0.07259932372729244
dirichlet_a0.1,44,7,0,4,-0.20883269586348396
dirichlet_a0.1,44,7,1,2,-0.20347332096948526
dirichlet_a0.1,44,7,1,3,-0.09693203158966249
dirichlet_a0.1,44,7,1,4,0.06104163671130252
dirichlet_a0.1,44,7,2,3,-0.3168030084388608
dirichlet_a0.1,44,7,2,4,0.06210036795660572
dirichlet_a0.1,44,7,3,4,0.2125400246999793
dirichlet_a0.1,44,8,0,1,-0.27226470883933024
dirichlet_a0.1,44,8,0,2,0.2061578929987941
dirichlet_a0.1,44,8,0,3,-0.07357281625985528
dirichlet_a0.1,44,8,0,4,-0.24593911840256596
dirichlet_a0.1,44,8,1,2,-0.18610475846498087
dirichlet_a0.1,44,8,1,3,-0.11100274781510712
dirichlet_a0.1,44,8,1,4,0.05520406985975005
dirichlet_a0.1,44,8,2,3,-0.32743876389458887
dirichlet_a0.1,44,8,2,4,0.08125628479162994
dirichlet_a0.1,44,8,3,4,0.2449285469096157
dirichlet_a0.1,44,9,0,1,-0.12441033539370974
dirichlet_a0.1,44,9,0,2,-0.038277001746004416
dirichlet_a0.1,44,9,0,3,-0.04396237391105515
dirichlet_a0.1,44,9,0,4,-0.25960571683430683
dirichlet_a0.1,44,9,1,2,-0.05448164494350572
dirichlet_a0.1,44,9,1,3,-0.1413251850792007
dirichlet_a0.1,44,9,1,4,0.0351300592589279
dirichlet_a0.1,44,9,2,3,-0.3647187160903073
dirichlet_a0.1,44,9,2,4,0.08838113550389082
dirichlet_a0.1,44,9,3,4,0.20886248902784219
