round,accuracy,loss,runtime_s,n_malicious,tp,fp,tn,fn
0,0.1717270165681839,2.190666675567627,4.737694822018966,0,,,,
1,0.1717270165681839,2.186676025390625,4.332554048974998,0,,,,
2,0.1717270165681839,2.1824960708618164,4.309193728957325,0,,,,
3,0.1714484691619873,2.176999807357788,4.3202711819903925,0,,,,
4,0.16852368414402008,2.1672866344451904,4.375801343005151,0,,,,
5,0.17047354578971863,2.151215076446533,4.365715346997604,0,,,,
6,0.34192201495170593,2.1241486072540283,4.389645918970928,0,,,,
7,0.351253479719162,2.073007583618164,4.261758366948925,0,,,,
8,0.41657382249832153,1.953199863433838,4.231395861017518,0,,,,
9,0.46016713976860046,1.7764215469360352,4.269412880996242,0,,,,
10,0.4745125472545624,1.6624113321304321,4.343702731071971,0,,,,
11,0.5029247999191284,1.5877795219421387,4.268007817910984,0,,,,
12,0.5154595971107483,1.5358648300170898,4.2695123290177435,0,,,,
13,0.5005571246147156,1.5038114786148071,4.284610428963788,0,,,,
14,0.5072423815727234,1.4622689485549927,4.2513680319534615,0,,,,
