partition,attack,defense,calibration_regime,final_acc_mean,final_acc_std,n_seeds,no_attack_acc_mean,accuracy_drop
dirichlet_a0.1,directional_poisoning,cosine,A_condition_specific_oracle,0.1111884887019793,0.05696724674475746,3,0.11606314529975253,0.004874656597773239
dirichlet_a0.1,directional_poisoning,cosine,B_iid_transfer_frozen,0.07418755938609438,0.01347764261263107,3,0.07418755938609438,0.0
dirichlet_a0.1,directional_poisoning,fedavg,not_applicable,0.1111884887019793,0.05696724674475746,3,0.1161095673839251,0.004921078681945801
dirichlet_a0.1,directional_poisoning,median,not_applicable,0.1111884887019793,0.05696724674475746,3,0.13890436788400015,0.027715879182020856
dirichlet_a0.1,directional_poisoning,multi_krum,not_applicable,0.10942432781060533,0.057418335112836415,3,0.15877438088258108,0.04935005307197575
dirichlet_a0.1,directional_poisoning,norm,A_condition_specific_oracle,0.06624884158372878,0.013187386007635516,3,0.06624884158372878,0.0
dirichlet_a0.1,directional_poisoning,norm,B_iid_transfer_frozen,0.07418755938609438,0.01347764261263107,3,0.07418755938609438,0.0
dirichlet_a0.1,directional_poisoning,sign_consensus,A_condition_specific_oracle,0.1111884887019793,0.05696724674475746,3,0.1161095673839251,0.004921078681945801
dirichlet_a0.1,directional_poisoning,sign_consensus,B_iid_transfer_frozen,0.09818941851456957,0.034255044037457084,3,0.11606314529975253,0.017873726785182967
dirichlet_a0.1,full_sign_flip,cosine,A_condition_specific_oracle,0.1111884887019793,0.05696724674475746,3,0.11606314529975253,0.004874656597773239
dirichlet_a0.1,full_sign_flip,cosine,B_iid_transfer_frozen,0.07418755938609438,0.01347764261263107,3,0.07418755938609438,0.0
dirichlet_a0.1,full_sign_flip,fedavg,not_applicable,0.1111884887019793,0.05696724674475746,3,0.1161095673839251,0.004921078681945801
dirichlet_a0.1,full_sign_flip,median,not_applicable,0.1111884887019793,0.05696724674475746,3,0.13890436788400015,0.027715879182020856
dirichlet_a0.1,full_sign_flip,multi_krum,not_applicable,0.10914577543735504,0.05750408061712517,3,0.15877438088258108,0.04962860544522604
dirichlet_a0.1,full_sign_flip,norm,A_condition_specific_oracle,0.06624884158372878,0.013187386007635516,3,0.06624884158372878,0.0
dirichlet_a0.1,full_sign_flip,norm,B_iid_transfer_frozen,0.07418755938609438,0.01347764261263107,3,0.07418755938609438,0.0
dirichlet_a0.1,full_sign_flip,sign_consensus,A_condition_specific_oracle,0.1111884887019793,0.05696724674475746,3,0.1161095673839251,0.004921078681945801
dirichlet_a0.1,full_sign_flip,sign_consensus,B_iid_transfer_frozen,0.09818941851456957,0.034255044037457084,3,0.11606314529975253,0.017873726785182967
dirichlet_a0.1,large_norm,cosine,A_condition_specific_oracle,0.08337976286808646,0.022687990826330134,3,0.11606314529975253,0.032683382431666075
dirichlet_a0.1,large_norm,cosine,B_iid_transfer_frozen,0.07418755938609438,0.01347764261263107,3,0.07418755938609438,0.0
dirichlet_a0.1,large_norm,fedavg,not_applicable,0.1863509863615036,0.0,3,0.1161095673839251,-0.0702414189775785
dirichlet_a0.1,large_norm,median,not_applicable,0.10770659397045769,0.058009035709503685,3,0.13890436788400015,0.031197773913542462
dirichlet_a0.1,large_norm,multi_krum,not_applicable,0.1111884887019793,0.05696724674475746,3,0.15877438088258108,0.04758589218060179
dirichlet_a0.1,large_norm,norm,A_condition_specific_oracle,0.06624884158372878,0.013187386007635516,3,0.06624884158372878,0.0
dirichlet_a0.1,large_norm,norm,B_iid_transfer_frozen,0.07418755938609438,0.01347764261263107,3,0.07418755938609438,0.0
dirichlet_a0.1,large_norm,sign_consensus,A_condition_specific_oracle,0.08704735835393267,0.021058295276978684,3,0.1161095673839251,0.02906220902999243
dirichlet_a0.1,large_norm,sign_consensus,B_iid_transfer_frozen,0.0874651844302813,0.021190525846702266,3,0.11606314529975253,0.028597960869471237
dirichlet_a0.1,low_norm,cosine,A_condition_specific_oracle,0.1111884887019793,0.05696724674475746,3,0.11606314529975253,0.004874656597773239
dirichlet_a0.1,low_norm,cosine,B_iid_transfer_frozen,0.07418755938609438,0.01347764261263107,3,0.07418755938609438,0.0
dirichlet_a0.1,low_norm,fedavg,not_applicable,0.1111884887019793,0.05696724674475746,3,0.1161095673839251,0.004921078681945801
dirichlet_a0.1,low_norm,median,not_applicable,0.1042711238066355,0.05961984058994732,3,0.13890436788400015,0.03463324407736465
dirichlet_a0.1,low_norm,multi_krum,not_applicable,0.1493964741627375,0.08191171671089365,3,0.15877438088258108,0.009377906719843593
dirichlet_a0.1,low_norm,norm,A_condition_specific_oracle,0.06852368017037706,0.01712752201872855,3,0.06624884158372878,-0.0022748385866482868
dirichlet_a0.1,low_norm,norm,B_iid_transfer_frozen,0.07632312178611754,0.015635526369479895,3,0.07418755938609438,-0.002135562400023161
dirichlet_a0.1,low_norm,sign_consensus,A_condition_specific_oracle,0.1111884887019793,0.05696724674475746,3,0.1161095673839251,0.004921078681945801
dirichlet_a0.1,low_norm,sign_consensus,B_iid_transfer_frozen,0.12859795987606046,0.06113497422371659,3,0.11606314529975253,-0.012534814576307923
dirichlet_a0.1,no_attack,cosine,A_condition_specific_oracle,0.11606314529975253,0.06482181450225025,3,0.11606314529975253,0.0
dirichlet_a0.1,no_attack,cosine,B_iid_transfer_frozen,0.07418755938609438,0.01347764261263107,3,0.07418755938609438,0.0
dirichlet_a0.1,no_attack,fedavg,not_applicable,0.1161095673839251,0.06489732525009076,3,0.1161095673839251,0.0
dirichlet_a0.1,no_attack,median,not_applicable,0.13890436788400015,0.06989872360161323,3,0.13890436788400015,0.0
dirichlet_a0.1,no_attack,multi_krum,not_applicable,0.15877438088258108,0.0477640817897761,3,0.15877438088258108,0.0
dirichlet_a0.1,no_attack,norm,A_condition_specific_oracle,0.06624884158372878,0.013187386007635516,3,0.06624884158372878,0.0
dirichlet_a0.1,no_attack,norm,B_iid_transfer_frozen,0.07418755938609438,0.01347764261263107,3,0.07418755938609438,0.0
dirichlet_a0.1,no_attack,sign_consensus,A_condition_specific_oracle,0.1161095673839251,0.06489732525009076,3,0.1161095673839251,0.0
dirichlet_a0.1,no_attack,sign_consensus,B_iid_transfer_frozen,0.11606314529975253,0.06482181450225025,3,0.11606314529975253,0.0
dirichlet_a0.1,sparse_coordinate_attack,cosine,A_condition_specific_oracle,0.12316620598236716,0.044226220174103485,3,0.11606314529975253,-0.007103060682614626
dirichlet_a0.1,sparse_coordinate_attack,cosine,B_iid_transfer_frozen,0.07418755938609438,0.01347764261263107,3,0.07418755938609438,0.0
dirichlet_a0.1,sparse_coordinate_attack,fedavg,not_applicable,0.1111884887019793,0.05696724674475746,3,0.1161095673839251,0.004921078681945801
dirichlet_a0.1,sparse_coordinate_attack,median,not_applicable,0.1042711238066355,0.05961984058994732,3,0.13890436788400015,0.03463324407736465
dirichlet_a0.1,sparse_coordinate_attack,multi_krum,not_applicable,0.1111884887019793,0.05696724674475746,3,0.15877438088258108,0.04758589218060179
dirichlet_a0.1,sparse_coordinate_attack,norm,A_condition_specific_oracle,0.06624884158372878,0.013187386007635516,3,0.06624884158372878,0.0
dirichlet_a0.1,sparse_coordinate_attack,norm,B_iid_transfer_frozen,0.07418755938609438,0.01347764261263107,3,0.07418755938609438,0.0
dirichlet_a0.1,sparse_coordinate_attack,sign_consensus,A_condition_specific_oracle,0.1111884887019793,0.05696724674475746,3,0.1161095673839251,0.004921078681945801
dirichlet_a0.1,sparse_coordinate_attack,sign_consensus,B_iid_transfer_frozen,0.09675023704767223,0.03533334167378954,3,0.11606314529975253,0.019312908252080305
dirichlet_a0.5,directional_poisoning,cosine,A_condition_specific_oracle,0.17191272477308905,0.08955446915921442,3,0.12896936386823651,-0.04294336090485254
dirichlet_a0.5,directional_poisoning,cosine,B_iid_transfer_frozen,0.07418755938609438,0.01347764261263107,3,0.07418755938609438,0.0
dirichlet_a0.5,directional_poisoning,fedavg,not_applicable,0.12957288821538285,0.04484470453312112,3,0.1214948991934458,-0.008077989021937043
dirichlet_a0.5,directional_poisoning,median,not_applicable,0.21439183255036667,0.09334805454101536,3,0.14698235690593717,-0.0674094756444295
dirichlet_a0.5,directional_poisoning,multi_krum,not_applicable,0.15413184960683182,0.06470290274076816,3,0.11429898192485166,-0.03983286768198016
dirichlet_a0.5,directional_poisoning,norm,A_condition_specific_oracle,0.07418755938609438,0.01347764261263107,3,0.07418755938609438,0.0
dirichlet_a0.5,directional_poisoning,norm,B_iid_transfer_frozen,0.07418755938609438,0.01347764261263107,3,0.07418755938609438,0.0
dirichlet_a0.5,directional_poisoning,sign_consensus,A_condition_specific_oracle,0.12985144058863318,0.044893556669862916,3,0.1210770706335703,-0.00877436995506288
dirichlet_a0.5,directional_poisoning,sign_consensus,B_iid_transfer_frozen,0.1468895077705383,0.05629124873259693,3,0.12112349520126973,-0.025766012569268568
dirichlet_a0.5,full_sign_flip,cosine,A_condition_specific_oracle,0.17251625160376227,0.0904621971515315,3,0.12896936386823651,-0.04354688773552576
dirichlet_a0.5,full_sign_flip,cosine,B_iid_transfer_frozen,0.07418755938609438,0.01347764261263107,3,0.07418755938609438,0.0
dirichlet_a0.5,full_sign_flip,fedavg,not_applicable,0.128644381960233,0.044719087824141295,3,0.1214948991934458,-0.007149482766787202
dirichlet_a0.5,full_sign_flip,median,not_applicable,0.22284122308095292,0.09623128786473696,3,0.14698235690593717,-0.07585886617501575
dirichlet_a0.5,full_sign_flip,multi_krum,not_applicable,0.1538997242848078,0.06441244815284836,3,0.11429898192485166,-0.03960074235995614
dirichlet_a0.5,full_sign_flip,norm,A_condition_specific_oracle,0.07418755938609438,0.01347764261263107,3,0.07418755938609438,0.0
dirichlet_a0.5,full_sign_flip,norm,B_iid_transfer_frozen,0.07418755938609438,0.01347764261263107,3,0.07418755938609438,0.0
dirichlet_a0.5,full_sign_flip,sign_consensus,A_condition_specific_oracle,0.12994428972403205,0.04491098038648662,3,0.1210770706335703,-0.008867219090461745
dirichlet_a0.5,full_sign_flip,sign_consensus,B_iid_transfer_frozen,0.1468895077705383,0.05629124873259693,3,0.12112349520126973,-0.025766012569268568
dirichlet_a0.5,large_norm,cosine,A_condition_specific_oracle,0.08449396739403403,0.03552933751330652,3,0.12896936386823651,0.04447539647420248
dirichlet_a0.5,large_norm,cosine,B_iid_transfer_frozen,0.07418755938609438,0.01347764261263107,3,0.07418755938609438,0.0
dirichlet_a0.5,large_norm,fedavg,not_applicable,0.1863509863615036,0.0,3,0.1214948991934458,-0.0648560871680578
dirichlet_a0.5,large_norm,median,not_applicable,0.1454503312706947,0.04430422267924079,3,0.14698235690593717,0.0015320256352424622
dirichlet_a0.5,large_norm,multi_krum,not_applicable,0.15919220199187592,0.10294740316293814,3,0.11429898192485166,-0.04489322006702426
dirichlet_a0.5,large_norm,norm,A_condition_specific_oracle,0.07418755938609438,0.01347764261263107,3,0.07418755938609438,0.0
dirichlet_a0.5,large_norm,norm,B_iid_transfer_frozen,0.07418755938609438,0.01347764261263107,3,0.07418755938609438,0.0
dirichlet_a0.5,large_norm,sign_consensus,A_condition_specific_oracle,0.12358403205871576,0.056252983570401344,3,0.1210770706335703,-0.0025069614251454625
dirichlet_a0.5,large_norm,sign_consensus,B_iid_transfer_frozen,0.12525534629821775,0.05830023613891252,3,0.12112349520126973,-0.004131851096948011
dirichlet_a0.5,low_norm,cosine,A_condition_specific_oracle,0.18096564710140225,0.10344358847044126,3,0.12896936386823651,-0.05199628323316574
dirichlet_a0.5,low_norm,cosine,B_iid_transfer_frozen,0.07418755938609438,0.01347764261263107,3,0.07418755938609438,0.0
dirichlet_a0.5,low_norm,fedavg,not_applicable,0.16142061352729795,0.07446357684624803,3,0.1214948991934458,-0.03992571433385214
dirichlet_a0.5,low_norm,median,not_applicable,0.19596100350220994,0.12736774752102464,3,0.14698235690593717,-0.04897864659627277
dirichlet_a0.5,low_norm,multi_krum,not_applicable,0.22581244508425394,0.052641518012812354,3,0.11429898192485166,-0.11151346315940228
dirichlet_a0.5,low_norm,norm,A_condition_specific_oracle,0.07910863558451332,0.019179135446814956,3,0.07418755938609438,-0.004921076198418944
dirichlet_a0.5,low_norm,norm,B_iid_transfer_frozen,0.07910863558451332,0.019179135446814956,3,0.07418755938609438,-0.004921076198418944
dirichlet_a0.5,low_norm,sign_consensus,A_condition_specific_oracle,0.1611884882052739,0.07414159909893298,3,0.1210770706335703,-0.0401114175717036
dirichlet_a0.5,low_norm,sign_consensus,B_iid_transfer_frozen,0.20232127110163367,0.1379227108238937,3,0.12112349520126973,-0.08119777590036394
dirichlet_a0.5,no_attack,cosine,A_condition_specific_oracle,0.12896936386823651,0.05724403997630062,3,0.12896936386823651,0.0
dirichlet_a0.5,no_attack,cosine,B_iid_transfer_frozen,0.07418755938609438,0.01347764261263107,3,0.07418755938609438,0.0
dirichlet_a0.5,no_attack,fedavg,not_applicable,0.1214948991934458,0.056555284589552786,3,0.1214948991934458,0.0
dirichlet_a0.5,no_attack,median,not_applicable,0.14698235690593717,0.05638937161842233,3,0.14698235690593717,0.0
dirichlet_a0.5,no_attack,multi_krum,not_applicable,0.11429898192485166,0.03949771986210274,3,0.11429898192485166,0.0
dirichlet_a0.5,no_attack,norm,A_condition_specific_oracle,0.07418755938609438,0.01347764261263107,3,0.07418755938609438,0.0
dirichlet_a0.5,no_attack,norm,B_iid_transfer_frozen,0.07418755938609438,0.01347764261263107,3,0.07418755938609438,0.0
dirichlet_a0.5,no_attack,sign_consensus,A_condition_specific_oracle,0.1210770706335703,0.056845223930029776,3,0.1210770706335703,0.0
dirichlet_a0.5,no_attack,sign_consensus,B_iid_transfer_frozen,0.12112349520126973,0.05681262685281559,3,0.12112349520126973,0.0
dirichlet_a0.5,sparse_coordinate_attack,cosine,A_condition_specific_oracle,0.11708449820677434,0.05998653837292945,3,0.12896936386823651,0.011884865661462171
dirichlet_a0.5,sparse_coordinate_attack,cosine,B_iid_transfer_frozen,0.07418755938609438,0.01347764261263107,3,0.07418755938609438,0.0
dirichlet_a0.5,sparse_coordinate_attack,fedavg,not_applicable,0.11063138643900548,0.031194145395839798,3,0.1214948991934458,0.010863512754440321
dirichlet_a0.5,sparse_coordinate_attack,median,not_applicable,0.1504178295532862,0.06020983607032859,3,0.14698235690593717,-0.0034354726473490305
dirichlet_a0.5,sparse_coordinate_attack,multi_krum,not_applicable,0.1637418816486994,0.10225691122808243,3,0.11429898192485166,-0.049442899723847744
dirichlet_a0.5,sparse_coordinate_attack,norm,A_condition_specific_oracle,0.07418755938609438,0.01347764261263107,3,0.07418755938609438,0.0
dirichlet_a0.5,sparse_coordinate_attack,norm,B_iid_transfer_frozen,0.07418755938609438,0.01347764261263107,3,0.07418755938609438,0.0
dirichlet_a0.5,sparse_coordinate_attack,sign_consensus,A_condition_specific_oracle,0.15821727116902665,0.09568072583715097,3,0.1210770706335703,-0.037140200535456344
dirichlet_a0.5,sparse_coordinate_attack,sign_consensus,B_iid_transfer_frozen,0.17414114127556476,0.1249303219329098,3,0.12112349520126973,-0.05301764607429503
dirichlet_a1.0,directional_poisoning,cosine,A_condition_specific_oracle,0.15181059141953782,0.060067109545563234,3,0.16564531127611792,0.013834719856580108
dirichlet_a1.0,directional_poisoning,cosine,B_iid_transfer_frozen,0.07418755938609438,0.01347764261263107,3,0.07418755938609438,0.0
dirichlet_a1.0,directional_poisoning,fedavg,not_applicable,0.1190343598524729,0.05837123062263914,3,0.17878366013367972,0.05974930028120681
dirichlet_a1.0,directional_poisoning,median,not_applicable,0.13495822250843045,0.051958826759939784,3,0.20116062959035239,0.06620240708192193
dirichlet_a1.0,directional_poisoning,multi_krum,not_applicable,0.15125348667303717,0.05270055762298463,3,0.15766017138957975,0.006406684716542571
dirichlet_a1.0,directional_poisoning,norm,A_condition_specific_oracle,0.07418755938609438,0.01347764261263107,3,0.07418755938609438,0.0
dirichlet_a1.0,directional_poisoning,norm,B_iid_transfer_frozen,0.07418755938609438,0.01347764261263107,3,0.07418755938609438,0.0
dirichlet_a1.0,directional_poisoning,sign_consensus,A_condition_specific_oracle,0.1190343598524729,0.05837123062263914,3,0.17878366013367972,0.05974930028120681
dirichlet_a1.0,directional_poisoning,sign_consensus,B_iid_transfer_frozen,0.1863509838779767,0.10917914876191001,3,0.1787372330824534,-0.007613750795523289
dirichlet_a1.0,full_sign_flip,cosine,A_condition_specific_oracle,0.15181059141953782,0.060067109545563234,3,0.16564531127611792,0.013834719856580108
dirichlet_a1.0,full_sign_flip,cosine,B_iid_transfer_frozen,0.07418755938609438,0.01347764261263107,3,0.07418755938609438,0.0
dirichlet_a1.0,full_sign_flip,fedavg,not_applicable,0.1190343598524729,0.05837123062263914,3,0.17878366013367972,0.05974930028120681
dirichlet_a1.0,full_sign_flip,median,not_applicable,0.13347261647383368,0.0519747529790855,3,0.20116062959035239,0.0676880131165187
dirichlet_a1.0,full_sign_flip,multi_krum,not_applicable,0.1504642566045125,0.05214595632863511,3,0.15766017138957975,0.007195914785067259
dirichlet_a1.0,full_sign_flip,norm,A_condition_specific_oracle,0.07418755938609438,0.01347764261263107,3,0.07418755938609438,0.0
dirichlet_a1.0,full_sign_flip,norm,B_iid_transfer_frozen,0.07418755938609438,0.01347764261263107,3,0.07418755938609438,0.0
dirichlet_a1.0,full_sign_flip,sign_consensus,A_condition_specific_oracle,0.11908078442017234,0.05832762609191201,3,0.17878366013367972,0.05970287571350738
dirichlet_a1.0,full_sign_flip,sign_consensus,B_iid_transfer_frozen,0.1863045568267504,0.10919223676017419,3,0.1787372330824534,-0.007567323744297
dirichlet_a1.0,large_norm,cosine,A_condition_specific_oracle,0.15868152678012845,0.03601035198030496,3,0.16564531127611792,0.006963784495989472
dirichlet_a1.0,large_norm,cosine,B_iid_transfer_frozen,0.07418755938609438,0.01347764261263107,3,0.07418755938609438,0.0
dirichlet_a1.0,large_norm,fedavg,not_applicable,0.1863509863615036,0.0,3,0.17878366013367972,-0.007567326227823884
dirichlet_a1.0,large_norm,median,not_applicable,0.14828226963678995,0.05256979282060293,3,0.20116062959035239,0.05287835995356244
dirichlet_a1.0,large_norm,multi_krum,not_applicable,0.12214484810829161,0.055749812350690285,3,0.15766017138957975,0.03551532328128813
dirichlet_a1.0,large_norm,norm,A_condition_specific_oracle,0.07418755938609438,0.01347764261263107,3,0.07418755938609438,0.0
dirichlet_a1.0,large_norm,norm,B_iid_transfer_frozen,0.07418755938609438,0.01347764261263107,3,0.07418755938609438,0.0
dirichlet_a1.0,large_norm,sign_consensus,A_condition_specific_oracle,0.1122098416090011,0.05154338547613535,3,0.17878366013367972,0.06657381852467861
dirichlet_a1.0,large_norm,sign_consensus,B_iid_transfer_frozen,0.1122098416090011,0.05154338547613535,3,0.1787372330824534,0.0665273914734523
dirichlet_a1.0,low_norm,cosine,A_condition_specific_oracle,0.11708449820677434,0.05998653837292945,3,0.16564531127611792,0.04856081306934358
dirichlet_a1.0,low_norm,cosine,B_iid_transfer_frozen,0.07418755938609438,0.01347764261263107,3,0.07418755938609438,0.0
dirichlet_a1.0,low_norm,fedavg,not_applicable,0.1490714947382609,0.052546908531842206,3,0.17878366013367972,0.02971216539541882
dirichlet_a1.0,low_norm,median,not_applicable,0.14856082201004026,0.052745875732735384,3,0.20116062959035239,0.05259980758031213
dirichlet_a1.0,low_norm,multi_krum,not_applicable,0.2069637974103292,0.06175621009015983,3,0.15766017138957975,-0.04930362602074945
dirichlet_a1.0,low_norm,norm,A_condition_specific_oracle,0.0740947102506955,0.014371071140923926,3,0.07418755938609438,9.284913539887862e-05
dirichlet_a1.0,low_norm,norm,B_iid_transfer_frozen,0.0740947102506955,0.014371071140923926,3,0.07418755938609438,9.284913539887862e-05
dirichlet_a1.0,low_norm,sign_consensus,A_condition_specific_oracle,0.1491179217894872,0.05246729312327072,3,0.17878366013367972,0.029665738344192505
dirichlet_a1.0,low_norm,sign_consensus,B_iid_transfer_frozen,0.1491179217894872,0.05246729312327072,3,0.1787372330824534,0.02961931129296619
dirichlet_a1.0,no_attack,cosine,A_condition_specific_oracle,0.16564531127611792,0.010533822562518782,3,0.16564531127611792,0.0
dirichlet_a1.0,no_attack,cosine,B_iid_transfer_frozen,0.07418755938609438,0.01347764261263107,3,0.07418755938609438,0.0
dirichlet_a1.0,no_attack,fedavg,not_applicable,0.17878366013367972,0.012222465186342726,3,0.17878366013367972,0.0
dirichlet_a1.0,no_attack,median,not_applicable,0.20116062959035239,0.0509805132047167,3,0.20116062959035239,0.0
dirichlet_a1.0,no_attack,multi_krum,not_applicable,0.15766017138957975,0.06118329174660945,3,0.15766017138957975,0.0
dirichlet_a1.0,no_attack,norm,A_condition_specific_oracle,0.07418755938609438,0.01347764261263107,3,0.07418755938609438,0.0
dirichlet_a1.0,no_attack,norm,B_iid_transfer_frozen,0.07418755938609438,0.01347764261263107,3,0.07418755938609438,0.0
dirichlet_a1.0,no_attack,sign_consensus,A_condition_specific_oracle,0.17878366013367972,0.012222465186342726,3,0.17878366013367972,0.0
dirichlet_a1.0,no_attack,sign_consensus,B_iid_transfer_frozen,0.1787372330824534,0.01214205117477317,3,0.1787372330824534,0.0
dirichlet_a1.0,sparse_coordinate_attack,cosine,A_condition_specific_oracle,0.14271123707294464,0.0651700966760582,3,0.16564531127611792,0.022934074203173282
dirichlet_a1.0,sparse_coordinate_attack,cosine,B_iid_transfer_frozen,0.07418755938609438,0.01347764261263107,3,0.07418755938609438,0.0
dirichlet_a1.0,sparse_coordinate_attack,fedavg,not_applicable,0.1502321263154347,0.11739991440752745,3,0.17878366013367972,0.028551533818245017
dirichlet_a1.0,sparse_coordinate_attack,median,not_applicable,0.14893221855163574,0.053044198043300475,3,0.20116062959035239,0.05222841103871664
dirichlet_a1.0,sparse_coordinate_attack,multi_krum,not_applicable,0.1656917383273442,0.024382936670828612,3,0.15766017138957975,-0.008031566937764467
dirichlet_a1.0,sparse_coordinate_attack,norm,A_condition_specific_oracle,0.07418755938609438,0.01347764261263107,3,0.07418755938609438,0.0
dirichlet_a1.0,sparse_coordinate_attack,norm,B_iid_transfer_frozen,0.07418755938609438,0.01347764261263107,3,0.07418755938609438,0.0
dirichlet_a1.0,sparse_coordinate_attack,sign_consensus,A_condition_specific_oracle,0.16272052129109701,0.029329150298597794,3,0.17878366013367972,0.016063138842582703
dirichlet_a1.0,sparse_coordinate_attack,sign_consensus,B_iid_transfer_frozen,0.1622562656799952,0.030108060355732907,3,0.1787372330824534,0.01648096740245819
iid,directional_poisoning,cosine,A_condition_specific_oracle,0.16624884307384488,0.07925077159588167,3,0.15120705962181089,-0.015041783452033997
iid,directional_poisoning,fedavg,not_applicable,0.13115134586890537,0.036619814444533993,3,0.16081709166367847,0.029665745794773102
iid,directional_poisoning,median,not_applicable,0.16397400448719657,0.06310196609322448,3,0.17228412379821142,0.008310119311014857
iid,directional_poisoning,multi_krum,not_applicable,0.17497678846120834,0.06510264552657298,3,0.14846797039111453,-0.02650881807009381
iid,directional_poisoning,norm,A_condition_specific_oracle,0.07418755938609438,0.01347764261263107,3,0.07418755938609438,0.0
iid,directional_poisoning,sign_consensus,A_condition_specific_oracle,0.1758124430974324,0.06499887243103544,3,0.1607706621289253,-0.015041780968507112
iid,full_sign_flip,cosine,A_condition_specific_oracle,0.16638811429341632,0.07945219462450236,3,0.15120705962181089,-0.015181054671605437
iid,full_sign_flip,fedavg,not_applicable,0.13119777292013166,0.03664064232126988,3,0.16081709166367847,0.029619318743546813
iid,full_sign_flip,median,not_applicable,0.16374187916517255,0.06277759192729318,3,0.17228412379821142,0.008542244633038876
iid,full_sign_flip,multi_krum,not_applicable,0.17506964008013406,0.06496703189940709,3,0.14846797039111453,-0.02660166968901953
iid,full_sign_flip,norm,A_condition_specific_oracle,0.07418755938609438,0.01347764261263107,3,0.07418755938609438,0.0
iid,full_sign_flip,sign_consensus,A_condition_specific_oracle,0.17576601852973298,0.06520531258053591,3,0.1607706621289253,-0.01499535640080768
iid,large_norm,cosine,A_condition_specific_oracle,0.17660167068243027,0.07150356060243651,3,0.15120705962181089,-0.025394611060619382
iid,large_norm,fedavg,not_applicable,0.18147632976373038,0.008443152896794084,3,0.16081709166367847,-0.020659238100051908
iid,large_norm,median,not_applicable,0.18221913029750184,0.07520276766222084,3,0.17228412379821142,-0.00993500649929041
iid,large_norm,multi_krum,not_applicable,0.1834726159771283,0.07720506747442589,3,0.14846797039111453,-0.035004645586013766
iid,large_norm,norm,A_condition_specific_oracle,0.07418755938609438,0.01347764261263107,3,0.07418755938609438,0.0
iid,large_norm,sign_consensus,A_condition_specific_oracle,0.09623955686887099,0.019042110628887752,3,0.1607706621289253,0.0645311052600543
iid,low_norm,cosine,A_condition_specific_oracle,0.13788300752639768,0.046858169675251624,3,0.15120705962181089,0.013324052095413208
iid,low_norm,fedavg,not_applicable,0.14842154333988825,0.03727424637668904,3,0.16081709166367847,0.012395548323790223
iid,low_norm,median,not_applicable,0.16578458994626996,0.06344028253097543,3,0.17228412379821142,0.006499533851941464
iid,low_norm,multi_krum,not_applicable,0.1749767859776815,0.06496349848778757,3,0.14846797039111453,-0.026508815586566953
iid,low_norm,norm,A_condition_specific_oracle,0.07502321650584533,0.014221368126003942,3,0.07418755938609438,-0.0008356571197509488
iid,low_norm,sign_consensus,A_condition_specific_oracle,0.14860724161068592,0.037422438759790205,3,0.1607706621289253,0.012163420518239376
iid,no_attack,cosine,A_condition_specific_oracle,0.15120705962181089,0.059272655371879826,3,0.15120705962181089,0.0
iid,no_attack,fedavg,not_applicable,0.16081709166367847,0.04158876663793068,3,0.16081709166367847,0.0
iid,no_attack,median,not_applicable,0.17228412379821142,0.058219267606456196,3,0.17228412379821142,0.0
iid,no_attack,multi_krum,not_applicable,0.14846797039111453,0.030269982159968428,3,0.14846797039111453,0.0
iid,no_attack,norm,A_condition_specific_oracle,0.07418755938609438,0.01347764261263107,3,0.07418755938609438,0.0
iid,no_attack,sign_consensus,A_condition_specific_oracle,0.1607706621289253,0.0413942786915403,3,0.1607706621289253,0.0
iid,sparse_coordinate_attack,cosine,A_condition_specific_oracle,0.18625812729199728,0.09036522331643303,3,0.15120705962181089,-0.0350510676701864
iid,sparse_coordinate_attack,fedavg,not_applicable,0.16754875083764395,0.00711670108991224,3,0.16081709166367847,-0.006731659173965482
iid,sparse_coordinate_attack,median,not_applicable,0.17896936337153113,0.07227822538651232,3,0.17228412379821142,-0.006685239573319707
iid,sparse_coordinate_attack,multi_krum,not_applicable,0.17961930980285004,0.07468666205666817,3,0.14846797039111453,-0.031151339411735507
iid,sparse_coordinate_attack,norm,A_condition_specific_oracle,0.07418755938609438,0.01347764261263107,3,0.07418755938609438,0.0
iid,sparse_coordinate_attack,sign_consensus,A_condition_specific_oracle,0.17910863459110257,0.07360681222490288,3,0.1607706621289253,-0.018337972462177277
