partition,attack,defense,calibration_regime,mean_round_runtime_s,std_round_runtime_s
dirichlet_a0.1,directional_poisoning,cosine,A_condition_specific_oracle,2.7103705054873393,0.06979273281209199
dirichlet_a0.1,directional_poisoning,cosine,B_iid_transfer_frozen,2.712657551041856,0.08874302441501687
dirichlet_a0.1,directional_poisoning,fedavg,not_applicable,2.395514064151535,0.07213639485818601
dirichlet_a0.1,directional_poisoning,median,not_applicable,2.430605537374504,0.07646725436290903
dirichlet_a0.1,directional_poisoning,multi_krum,not_applicable,2.4929492881961375,0.07382865367716616
dirichlet_a0.1,directional_poisoning,norm,A_condition_specific_oracle,2.464459426752809,0.08417407953617383
dirichlet_a0.1,directional_poisoning,norm,B_iid_transfer_frozen,2.4536618510545747,0.05532206237060764
dirichlet_a0.1,directional_poisoning,sign_consensus,A_condition_specific_oracle,2.470314836317104,0.044650781798751975
dirichlet_a0.1,directional_poisoning,sign_consensus,B_iid_transfer_frozen,2.447471600536826,0.05318348456255573
dirichlet_a0.1,full_sign_flip,cosine,A_condition_specific_oracle,2.7756507430393764,0.06540416125340949
dirichlet_a0.1,full_sign_flip,cosine,B_iid_transfer_frozen,2.7605895289452747,0.15985820093760156
dirichlet_a0.1,full_sign_flip,fedavg,not_applicable,2.4744747220150507,0.08632547296530435
dirichlet_a0.1,full_sign_flip,median,not_applicable,2.4867976802116676,0.08012759402783053
dirichlet_a0.1,full_sign_flip,multi_krum,not_applicable,2.4341451953967206,0.06849130992082876
dirichlet_a0.1,full_sign_flip,norm,A_condition_specific_oracle,2.463424530501167,0.08499914430255995
dirichlet_a0.1,full_sign_flip,norm,B_iid_transfer_frozen,2.48149564039583,0.0871303187706873
dirichlet_a0.1,full_sign_flip,sign_consensus,A_condition_specific_oracle,2.4964183090099445,0.08043392736885518
dirichlet_a0.1,full_sign_flip,sign_consensus,B_iid_transfer_frozen,2.472056775004603,0.1099700567892861
dirichlet_a0.1,large_norm,cosine,A_condition_specific_oracle,2.8124024177151217,0.148272568435366
dirichlet_a0.1,large_norm,cosine,B_iid_transfer_frozen,2.8000149173959574,0.18886459044437065
dirichlet_a0.1,large_norm,fedavg,not_applicable,2.4312720562706494,0.04893469539957801
dirichlet_a0.1,large_norm,median,not_applicable,2.4353989138811207,0.0262889886565029
dirichlet_a0.1,large_norm,multi_krum,not_applicable,2.441589004069101,0.040581460135405915
dirichlet_a0.1,large_norm,norm,A_condition_specific_oracle,2.422756231881471,0.051753204393614936
dirichlet_a0.1,large_norm,norm,B_iid_transfer_frozen,2.4331750062604747,0.06519394411532062
dirichlet_a0.1,large_norm,sign_consensus,A_condition_specific_oracle,2.485756362659029,0.1095257931874342
dirichlet_a0.1,large_norm,sign_consensus,B_iid_transfer_frozen,2.430593326991786,0.05035459484795053
dirichlet_a0.1,low_norm,cosine,A_condition_specific_oracle,2.710291494492493,0.0677256408677496
dirichlet_a0.1,low_norm,cosine,B_iid_transfer_frozen,2.652004045317881,0.11803837636172806
dirichlet_a0.1,low_norm,fedavg,not_applicable,2.427081187663134,0.038374592278272834
dirichlet_a0.1,low_norm,median,not_applicable,2.514462660946366,0.12239289793946655
dirichlet_a0.1,low_norm,multi_krum,not_applicable,2.524120110326395,0.1524993538967909
dirichlet_a0.1,low_norm,norm,A_condition_specific_oracle,2.40058557089651,0.07851711890992828
dirichlet_a0.1,low_norm,norm,B_iid_transfer_frozen,2.431632589400073,0.0829952208074376
dirichlet_a0.1,low_norm,sign_consensus,A_condition_specific_oracle,2.4347312714995093,0.042766021935485385
dirichlet_a0.1,low_norm,sign_consensus,B_iid_transfer_frozen,2.4973044999965675,0.10984152006214547
dirichlet_a0.1,no_attack,cosine,A_condition_specific_oracle,2.7091272720717825,0.05688050353298213
dirichlet_a0.1,no_attack,cosine,B_iid_transfer_frozen,2.6657553703925156,0.07869699923679865
dirichlet_a0.1,no_attack,fedavg,not_applicable,2.423645106939754,0.12243228017043055
dirichlet_a0.1,no_attack,median,not_applicable,2.4700730636767627,0.06977736636388097
dirichlet_a0.1,no_attack,multi_krum,not_applicable,2.466202804663529,0.05187884584989371
dirichlet_a0.1,no_attack,norm,A_condition_specific_oracle,2.450871803552016,0.08739586096426094
dirichlet_a0.1,no_attack,norm,B_iid_transfer_frozen,2.454722070270994,0.04432778563760731
dirichlet_a0.1,no_attack,sign_consensus,A_condition_specific_oracle,2.4460814422798447,0.053270212784002104
dirichlet_a0.1,no_attack,sign_consensus,B_iid_transfer_frozen,2.4644698053857104,0.07299919087622359
dirichlet_a0.1,sparse_coordinate_attack,cosine,A_condition_specific_oracle,2.8515267996505522,0.15793041276357092
dirichlet_a0.1,sparse_coordinate_attack,cosine,B_iid_transfer_frozen,2.8608554581102603,0.1383061705225755
dirichlet_a0.1,sparse_coordinate_attack,fedavg,not_applicable,2.4703465417648354,0.06651713330081699
dirichlet_a0.1,sparse_coordinate_attack,median,not_applicable,2.467956566458775,0.04176027703976499
dirichlet_a0.1,sparse_coordinate_attack,multi_krum,not_applicable,2.477138297211948,0.06540508149938376
dirichlet_a0.1,sparse_coordinate_attack,norm,A_condition_specific_oracle,2.466882460330251,0.09926469511779908
dirichlet_a0.1,sparse_coordinate_attack,norm,B_iid_transfer_frozen,2.4607189776854486,0.10227584126195852
dirichlet_a0.1,sparse_coordinate_attack,sign_consensus,A_condition_specific_oracle,2.495560980550686,0.06372697817436168
dirichlet_a0.1,sparse_coordinate_attack,sign_consensus,B_iid_transfer_frozen,2.454928060392073,0.031419422194414716
dirichlet_a0.5,directional_poisoning,cosine,A_condition_specific_oracle,2.7856029768655493,0.096024430839164
dirichlet_a0.5,directional_poisoning,cosine,B_iid_transfer_frozen,2.749685863045872,0.0619623356451886
dirichlet_a0.5,directional_poisoning,fedavg,not_applicable,2.5121166951592184,0.1163476035580164
dirichlet_a0.5,directional_poisoning,median,not_applicable,2.452516198669198,0.09693982066189079
dirichlet_a0.5,directional_poisoning,multi_krum,not_applicable,2.483156741008214,0.14686471009904453
dirichlet_a0.5,directional_poisoning,norm,A_condition_specific_oracle,2.5242640923954442,0.08614629212134431
dirichlet_a0.5,directional_poisoning,norm,B_iid_transfer_frozen,2.5071158528897084,0.03912012006998305
dirichlet_a0.5,directional_poisoning,sign_consensus,A_condition_specific_oracle,2.506254621936629,0.07169741206617812
dirichlet_a0.5,directional_poisoning,sign_consensus,B_iid_transfer_frozen,2.4699199911297507,0.11517975517208218
dirichlet_a0.5,full_sign_flip,cosine,A_condition_specific_oracle,2.862408433335885,0.11001579754585734
dirichlet_a0.5,full_sign_flip,cosine,B_iid_transfer_frozen,2.786305505497795,0.06861428693118005
dirichlet_a0.5,full_sign_flip,fedavg,not_applicable,2.4639299731093667,0.08175874719448575
dirichlet_a0.5,full_sign_flip,median,not_applicable,2.5585658287163824,0.08172679759077824
dirichlet_a0.5,full_sign_flip,multi_krum,not_applicable,2.604630164886152,0.08976135412295226
dirichlet_a0.5,full_sign_flip,norm,A_condition_specific_oracle,2.4906428496728443,0.04806112241087221
dirichlet_a0.5,full_sign_flip,norm,B_iid_transfer_frozen,2.518934283340867,0.08163602294355876
dirichlet_a0.5,full_sign_flip,sign_consensus,A_condition_specific_oracle,2.5173966892180033,0.06504586050131828
dirichlet_a0.5,full_sign_flip,sign_consensus,B_iid_transfer_frozen,2.560177198572395,0.06419227286119182
dirichlet_a0.5,large_norm,cosine,A_condition_specific_oracle,2.8021926493901343,0.06440340698360077
dirichlet_a0.5,large_norm,cosine,B_iid_transfer_frozen,2.816306688273067,0.11418304570111791
dirichlet_a0.5,large_norm,fedavg,not_applicable,2.447713858046983,0.10294157167590236
dirichlet_a0.5,large_norm,median,not_applicable,2.5135763489524834,0.15236603399610432
dirichlet_a0.5,large_norm,multi_krum,not_applicable,2.5314680888421006,0.11135577940967949
dirichlet_a0.5,large_norm,norm,A_condition_specific_oracle,2.4703738846195242,0.09825671912392156
dirichlet_a0.5,large_norm,norm,B_iid_transfer_frozen,2.5243266531680195,0.0647798620044234
dirichlet_a0.5,large_norm,sign_consensus,A_condition_specific_oracle,2.509612752111732,0.051091020887415496
dirichlet_a0.5,large_norm,sign_consensus,B_iid_transfer_frozen,2.4673055561531023,0.07259433992565
dirichlet_a0.5,low_norm,cosine,A_condition_specific_oracle,2.833123432381803,0.14640609360051715
dirichlet_a0.5,low_norm,cosine,B_iid_transfer_frozen,2.8546433075551048,0.11616095188787262
dirichlet_a0.5,low_norm,fedavg,not_applicable,2.5305978562553517,0.08210051657806505
dirichlet_a0.5,low_norm,median,not_applicable,2.5476533305611357,0.06533182281028813
dirichlet_a0.5,low_norm,multi_krum,not_applicable,2.562394975231857,0.12273237622523925
dirichlet_a0.5,low_norm,norm,A_condition_specific_oracle,2.5847004839451984,0.09376595939155462
dirichlet_a0.5,low_norm,norm,B_iid_transfer_frozen,2.5447011271155335,0.12226739444444916
dirichlet_a0.5,low_norm,sign_consensus,A_condition_specific_oracle,2.55240308482381,0.08941597751660542
dirichlet_a0.5,low_norm,sign_consensus,B_iid_transfer_frozen,2.499508478116089,0.050571467701460954
dirichlet_a0.5,no_attack,cosine,A_condition_specific_oracle,2.7731818471285,0.09013068902795078
dirichlet_a0.5,no_attack,cosine,B_iid_transfer_frozen,2.8400463198001185,0.09918272775088316
dirichlet_a0.5,no_attack,fedavg,not_applicable,2.485529944061353,0.05623560242761987
dirichlet_a0.5,no_attack,median,not_applicable,2.5339523046148114,0.06395448704340384
dirichlet_a0.5,no_attack,multi_krum,not_applicable,2.5224243958816968,0.07701983915181129
dirichlet_a0.5,no_attack,norm,A_condition_specific_oracle,2.4842994165438643,0.08658329101825676
dirichlet_a0.5,no_attack,norm,B_iid_transfer_frozen,2.4798317424849503,0.06252453300460822
dirichlet_a0.5,no_attack,sign_consensus,A_condition_specific_oracle,2.534688494181157,0.04327554489508824
dirichlet_a0.5,no_attack,sign_consensus,B_iid_transfer_frozen,2.5075964243280597,0.04952565713858022
dirichlet_a0.5,sparse_coordinate_attack,cosine,A_condition_specific_oracle,2.751916725990466,0.0809355519200272
dirichlet_a0.5,sparse_coordinate_attack,cosine,B_iid_transfer_frozen,2.8055383677904806,0.06473574146121498
dirichlet_a0.5,sparse_coordinate_attack,fedavg,not_applicable,2.515809224737394,0.06687740041857053
dirichlet_a0.5,sparse_coordinate_attack,median,not_applicable,2.482574601825844,0.0502843262380539
dirichlet_a0.5,sparse_coordinate_attack,multi_krum,not_applicable,2.5052858622835226,0.07552708253820631
dirichlet_a0.5,sparse_coordinate_attack,norm,A_condition_specific_oracle,2.517695474975173,0.11286638882432824
dirichlet_a0.5,sparse_coordinate_attack,norm,B_iid_transfer_frozen,2.431686549835528,0.06756264954613808
dirichlet_a0.5,sparse_coordinate_attack,sign_consensus,A_condition_specific_oracle,2.5047074347773255,0.03758849433461741
dirichlet_a0.5,sparse_coordinate_attack,sign_consensus,B_iid_transfer_frozen,2.482293033442046,0.04177185983241007
dirichlet_a1.0,directional_poisoning,cosine,A_condition_specific_oracle,2.7333994395060777,0.0408149465954646
dirichlet_a1.0,directional_poisoning,cosine,B_iid_transfer_frozen,2.709121010796581,0.05828335502193958
dirichlet_a1.0,directional_poisoning,fedavg,not_applicable,2.4175062215201453,0.0938850496411712
dirichlet_a1.0,directional_poisoning,median,not_applicable,2.4530565476678827,0.08065932309200737
dirichlet_a1.0,directional_poisoning,multi_krum,not_applicable,2.483011234726291,0.10005238827776855
dirichlet_a1.0,directional_poisoning,norm,A_condition_specific_oracle,2.4572850450446517,0.055034595961354
dirichlet_a1.0,directional_poisoning,norm,B_iid_transfer_frozen,2.4428839493969767,0.04373496918374674
dirichlet_a1.0,directional_poisoning,sign_consensus,A_condition_specific_oracle,2.4221378925592743,0.10471329553582401
dirichlet_a1.0,directional_poisoning,sign_consensus,B_iid_transfer_frozen,2.4764492548161394,0.12350373521918742
dirichlet_a1.0,full_sign_flip,cosine,A_condition_specific_oracle,2.696946478118965,0.09478711093767914
dirichlet_a1.0,full_sign_flip,cosine,B_iid_transfer_frozen,2.7101954315504475,0.08596546498817777
dirichlet_a1.0,full_sign_flip,fedavg,not_applicable,2.4151630919465483,0.02899304708561501
dirichlet_a1.0,full_sign_flip,median,not_applicable,2.4691680477311215,0.06648187790081288
dirichlet_a1.0,full_sign_flip,multi_krum,not_applicable,2.458955817603661,0.08657069344502136
dirichlet_a1.0,full_sign_flip,norm,A_condition_specific_oracle,2.4293697771499865,0.05627988137949933
dirichlet_a1.0,full_sign_flip,norm,B_iid_transfer_frozen,2.43188708060835,0.06625485829204733
dirichlet_a1.0,full_sign_flip,sign_consensus,A_condition_specific_oracle,2.4739582507754676,0.06926488789152012
dirichlet_a1.0,full_sign_flip,sign_consensus,B_iid_transfer_frozen,2.484537149721291,0.07133719791228335
dirichlet_a1.0,large_norm,cosine,A_condition_specific_oracle,2.7818574039524213,0.10916856737856687
dirichlet_a1.0,large_norm,cosine,B_iid_transfer_frozen,2.7358194037806243,0.06436562491842711
dirichlet_a1.0,large_norm,fedavg,not_applicable,2.5464879974477097,0.08856795111019873
dirichlet_a1.0,large_norm,median,not_applicable,2.4500201965113066,0.02269472930410536
dirichlet_a1.0,large_norm,multi_krum,not_applicable,2.432003977592103,0.0688715689431799
dirichlet_a1.0,large_norm,norm,A_condition_specific_oracle,2.50685615650016,0.10446191869298183
dirichlet_a1.0,large_norm,norm,B_iid_transfer_frozen,2.5376920111658468,0.09264074287726713
dirichlet_a1.0,large_norm,sign_consensus,A_condition_specific_oracle,2.427605732829155,0.03475717067885236
dirichlet_a1.0,large_norm,sign_consensus,B_iid_transfer_frozen,2.41270621487638,0.02133037834189758
dirichlet_a1.0,low_norm,cosine,A_condition_specific_oracle,2.7443123147176163,0.07241041602624455
dirichlet_a1.0,low_norm,cosine,B_iid_transfer_frozen,2.7348812327901317,0.07941338268771517
dirichlet_a1.0,low_norm,fedavg,not_applicable,2.426855728004335,0.04682230430684401
dirichlet_a1.0,low_norm,median,not_applicable,2.451031773157107,0.08670270729379197
dirichlet_a1.0,low_norm,multi_krum,not_applicable,2.4043803302855746,0.11931004912187557
dirichlet_a1.0,low_norm,norm,A_condition_specific_oracle,2.413127805054602,0.06901041917987513
dirichlet_a1.0,low_norm,norm,B_iid_transfer_frozen,2.4530842196092837,0.050257139227268474
dirichlet_a1.0,low_norm,sign_consensus,A_condition_specific_oracle,2.4479198071575308,0.04963546179435482
dirichlet_a1.0,low_norm,sign_consensus,B_iid_transfer_frozen,2.4414653344946498,0.046435166863368404
dirichlet_a1.0,no_attack,cosine,A_condition_specific_oracle,2.7391137090033024,0.12023090449777972
dirichlet_a1.0,no_attack,cosine,B_iid_transfer_frozen,2.722777441887754,0.10431602106975406
dirichlet_a1.0,no_attack,fedavg,not_applicable,2.473747403121605,0.050049667593075005
dirichlet_a1.0,no_attack,median,not_applicable,2.4750822278955535,0.0553179775330074
dirichlet_a1.0,no_attack,multi_krum,not_applicable,2.5599259426881975,0.11461403690123033
dirichlet_a1.0,no_attack,norm,A_condition_specific_oracle,2.4971504684460037,0.11763585795773718
dirichlet_a1.0,no_attack,norm,B_iid_transfer_frozen,2.5069332423154265,0.09573322943317293
dirichlet_a1.0,no_attack,sign_consensus,A_condition_specific_oracle,2.504772469491905,0.06678459822574713
dirichlet_a1.0,no_attack,sign_consensus,B_iid_transfer_frozen,2.48854210360312,0.058603988432082095
dirichlet_a1.0,sparse_coordinate_attack,cosine,A_condition_specific_oracle,2.8017651766357528,0.08559556969114272
dirichlet_a1.0,sparse_coordinate_attack,cosine,B_iid_transfer_frozen,2.787538403121289,0.06630160588467315
dirichlet_a1.0,sparse_coordinate_attack,fedavg,not_applicable,2.50066916295974,0.05003161097586632
dirichlet_a1.0,sparse_coordinate_attack,median,not_applicable,2.41581426195464,0.062499492389660724
dirichlet_a1.0,sparse_coordinate_attack,multi_krum,not_applicable,2.45049251827489,0.08146751197739811
dirichlet_a1.0,sparse_coordinate_attack,norm,A_condition_specific_oracle,2.521999832288,0.06177607085659044
dirichlet_a1.0,sparse_coordinate_attack,norm,B_iid_transfer_frozen,2.4669505254391373,0.08698666664664181
dirichlet_a1.0,sparse_coordinate_attack,sign_consensus,A_condition_specific_oracle,2.4729767799985387,0.04929308747735628
dirichlet_a1.0,sparse_coordinate_attack,sign_consensus,B_iid_transfer_frozen,2.4378583688974484,0.033487743945246055
iid,directional_poisoning,cosine,A_condition_specific_oracle,2.7824184585543765,0.09736349838666435
iid,directional_poisoning,fedavg,not_applicable,2.463995788653847,0.03515299466881237
iid,directional_poisoning,median,not_applicable,2.5254151959541358,0.06540740373570868
iid,directional_poisoning,multi_krum,not_applicable,2.5779518545152516,0.10908691706499918
iid,directional_poisoning,norm,A_condition_specific_oracle,2.4832761863492325,0.06690360248426323
iid,directional_poisoning,sign_consensus,A_condition_specific_oracle,2.49781459280833,0.09643873467054778
iid,full_sign_flip,cosine,A_condition_specific_oracle,2.7321925936719507,0.036074086611741205
iid,full_sign_flip,fedavg,not_applicable,2.463083071666511,0.07328691401895585
iid,full_sign_flip,median,not_applicable,2.469573119047305,0.06915183040392243
iid,full_sign_flip,multi_krum,not_applicable,2.4390411335625686,0.040550575555620264
iid,full_sign_flip,norm,A_condition_specific_oracle,2.412511032947805,0.10016801297468447
iid,full_sign_flip,sign_consensus,A_condition_specific_oracle,2.4502729713373506,0.04301852008591212
iid,large_norm,cosine,A_condition_specific_oracle,2.724944911489729,0.04684293398908626
iid,large_norm,fedavg,not_applicable,2.4951640596910796,0.05957982377147613
iid,large_norm,median,not_applicable,2.439309632735482,0.034813729176883294
iid,large_norm,multi_krum,not_applicable,2.446959777625226,0.08082206959965182
iid,large_norm,norm,A_condition_specific_oracle,2.4856694232245595,0.064199192593408
iid,large_norm,sign_consensus,A_condition_specific_oracle,2.437441744951583,0.0475038843237228
iid,low_norm,cosine,A_condition_specific_oracle,2.7365498390087546,0.07443858913388887
iid,low_norm,fedavg,not_applicable,2.4792174025076545,0.0464794322576447
iid,low_norm,median,not_applicable,2.4686752339928515,0.027376036757643777
iid,low_norm,multi_krum,not_applicable,2.439603531603805,0.05791638764082589
iid,low_norm,norm,A_condition_specific_oracle,2.46580808323213,0.04573308037752236
iid,low_norm,sign_consensus,A_condition_specific_oracle,2.4965631579721554,0.031322489929944665
iid,no_attack,cosine,A_condition_specific_oracle,2.739625343658392,0.0992156339071042
iid,no_attack,fedavg,not_applicable,2.3830924612250075,0.11371924120843568
iid,no_attack,median,not_applicable,2.5056824114807466,0.10111028468748964
iid,no_attack,multi_krum,not_applicable,2.4974780697763586,0.10266402529725886
iid,no_attack,norm,A_condition_specific_oracle,2.439717324786923,0.08705002414407623
iid,no_attack,sign_consensus,A_condition_specific_oracle,2.5302977891664744,0.09459869684435546
iid,sparse_coordinate_attack,cosine,A_condition_specific_oracle,2.740538725668254,0.0842387342305038
iid,sparse_coordinate_attack,fedavg,not_applicable,2.5175784807781585,0.10577637903002397
iid,sparse_coordinate_attack,median,not_applicable,2.474004143719665,0.060424114960549516
iid,sparse_coordinate_attack,multi_krum,not_applicable,2.4907989814269564,0.0865233863324735
iid,sparse_coordinate_attack,norm,A_condition_specific_oracle,2.4347230686042973,0.04812052504568758
iid,sparse_coordinate_attack,sign_consensus,A_condition_specific_oracle,2.445413465876805,0.03113546930579632
